id,title,artist,artist_ids,album,popularity,duration_ms,genres,bpm,energy,valence,danceability,loudness,bpm_estimated,language,spotify_url
7egzLARdSJx1UeOsB4D1Mw,.let's Get It Going,DJ Kamal Supreme,5Oir5zMAdY6S88DH0brPwb,Bhangra Supreme Workout & Dance Party,50,223500,,131,0.88,0.6,0.47,-12.5,True,hindi,https://open.spotify.com/track/7egzLARdSJx1UeOsB4D1Mw
1UvBALIHK64KmpnPtEg1DZ,10 Mint,Siippyy Gill,2zstvC7L2UiHZZo5Nrz9gY,Dus Mint,50,216255,,111,0.53,0.63,0.42,-10.0,True,hindi,https://open.spotify.com/track/1UvBALIHK64KmpnPtEg1DZ
0o4zLLuFXL91bNcOUsDs7t,100 meters - For Workout,Hiroaki Tsutsumi,4uXJgaCc1GtHWtFq8CmPmQ,"""100 METERS / HYAKUEMU."" ORIGINAL SOUNDTRACK",50,262525,,165,0.87,0.24,0.41,-8.4,True,english,https://open.spotify.com/track/0o4zLLuFXL91bNcOUsDs7t
43mQrff0kbQZ7DFqfSpzT2,140 BPM Workout Music,Xtreme Cardio Workout,6LdYcUQhPIhkcQJZM7Tpok,Fast Aerobics Music (140 BPM): Fast Beat Music for Extreme Aerobics Workout,50,236000,,110,0.67,0.24,0.44,-5.6,True,english,https://open.spotify.com/track/43mQrff0kbQZ7DFqfSpzT2
17NugyNtDtZbGTW2hQNPOU,21,"Gminxr, Tegi Pannu, Zehr Vibe, Sardar Khehra",4vvW590Gq8dNWsP5BM9FkS|78sIlhMniFgXlOrNWnPtIl|48cVwD5hffidwvlxLCc2pm|3YhEUyspZuU7pfEzmpFCsP,HIT LIST,50,136115,,157,0.5,0.48,0.45,-8.6,True,hindi,https://open.spotify.com/track/17NugyNtDtZbGTW2hQNPOU
66S5dWQsLbiHmClB5emJCi,"23 Theme (From ""Aa23"")","Anirudh Ravichander, Hector Salamanca, Heisenberg",4zCH9qm4R2DADamUHMCa6O|5vDIDpttklXxigXvqdiXwU|3bsrlEbnX8sWwXlTe80RSr,"23 Theme (From ""Aa23"")",50,47297,,116,0.4,0.85,0.6,-6.9,True,english,https://open.spotify.com/track/66S5dWQsLbiHmClB5emJCi
4gJaZey5wnjLXTXvqYyMwN,24K Magic - Remix,Workout Music,5njMahLKD1tLJ5bejvqseV,100 Gym & Fitness Workout Hits! Playlist,50,270000,,133,0.74,0.82,0.72,-13.7,True,english,https://open.spotify.com/track/4gJaZey5wnjLXTXvqYyMwN
5ira9VcDBJhaEVSrbHOlIK,295,Sidhu Moose Wala,4PULA4EFzYTrxYvOVlwpiQ,Moosetape,50,270000,,136,0.6,0.38,0.47,-10.5,True,english,https://open.spotify.com/track/5ira9VcDBJhaEVSrbHOlIK
2flXMVSog0TFHtSrwst5uv,2U - Workout Remix 135 bpm,SuperFitness,6L74J3BzylQkJF7rBXTpgT,Aerobic Hits Session 2018: 60 Minutes Mixed Compilation for Fitness & Workout 135 bpm/32 Count,50,213413,,94,0.46,0.66,0.31,-8.9,True,english,https://open.spotify.com/track/2flXMVSog0TFHtSrwst5uv
6n2rCnhwCsW2Ug071liq0L,3 AM IN MUMBAI,"Baggh-e SMG, Farmaan SMG, BIG KAY SMG",4eu7AyzvnafwOygTQlfAMu|3yXzSYXBOTZ0m1QAfjlzKK|0z4Mzficie9vUzDmz4Hy9G,F.A.T.H.E.R,50,146739,,108,0.84,0.88,0.52,-7.7,True,hindi,https://open.spotify.com/track/6n2rCnhwCsW2Ug071liq0L
2wLvZfQAjmvbpQLfeyRivw,4 Minutes (Cardio Workout Remix),Helena,2VXQid97MSwSzyhCzb1nUl,"Cardio Hitmix! All Hits 3 (140-155 BPM, 32-Count, Nonstop Fitness & Workout)",50,270866,,173,0.88,0.68,0.37,-11.3,True,english,https://open.spotify.com/track/2wLvZfQAjmvbpQLfeyRivw
7jsqjkzw8tvH7xbnTQIqES,410,"Sidhu Moose Wala, Sunny Malton, Offgrid",4PULA4EFzYTrxYvOVlwpiQ|2ScEhgArBEdKyU4vNHSyiY|7F8zSmymsU25wRm0x7R05Y,410,50,234893,,101,0.88,0.53,0.64,-13.5,True,hindi,https://open.spotify.com/track/7jsqjkzw8tvH7xbnTQIqES
04Gyftm06xrJ48BvqhxhIy,4PF,"BIG KAY SMG, Baggh-e SMG, Farmaan SMG",0z4Mzficie9vUzDmz4Hy9G|4eu7AyzvnafwOygTQlfAMu|3yXzSYXBOTZ0m1QAfjlzKK,Let's Create The Time,50,183300,,116,0.52,0.28,0.79,-8.2,True,hindi,https://open.spotify.com/track/04Gyftm06xrJ48BvqhxhIy
6PRFDCNAMLeSZimkPGrKMG,5-7,"Karan Aujla, Mxrci",6DARBhWbfcS9E4yJzcliqQ|5Us2dsq4VHlfLbKOrskg7K,5-7,50,154105,,152,0.88,0.84,0.72,-6.2,True,hindi,https://open.spotify.com/track/6PRFDCNAMLeSZimkPGrKMG
7981a0fWmY1Uj6cT1jhp52,52 Bars,"Karan Aujla, Ikky",6DARBhWbfcS9E4yJzcliqQ|3nqS8jzqmsPKFJTp0BOIel,Four You,50,214024,,137,0.7,0.2,0.76,-7.0,True,hindi,https://open.spotify.com/track/7981a0fWmY1Uj6cT1jhp52
4YqK7AQ6gILL11MHlVTEh4,532,"Garry Sandhu, AAZZAD, Josh Sidhu",7M3xY5iHSzEtoL3FpqOD75|5nKtqAfzif2POIB7V94U4L|6ce1Ysig2iILmcVc0lmTKW,dnd,50,163500,,172,0.47,0.55,0.78,-7.6,True,hindi,https://open.spotify.com/track/4YqK7AQ6gILL11MHlVTEh4
6wkHR8cU4INbp145hngbQO,8 ASLE,"Sukha, Chani Nattan, Prodgk, Gurlez Akhtar",6FDDxz6lYakINkmWPOlIZG|1sSYaQBOI71QZDZ9OWW3hp|2E6ODN4Dna1vkh6s8sxHC0|55kkrbuMkdzPGD7YGA6xrJ,UNDISPUTED,50,161000,,177,0.62,0.87,0.84,-9.8,True,hindi,https://open.spotify.com/track/6wkHR8cU4INbp145hngbQO
6yv57lMY0GuB0JZEJKkqYo,8 Cylinder,Sidhu Moose Wala,4PULA4EFzYTrxYvOVlwpiQ,8 Cylinder,50,180951,,91,0.84,0.72,0.85,-5.5,True,hindi,https://open.spotify.com/track/6yv57lMY0GuB0JZEJKkqYo
1uAt3foJXoB2EVKfAOGeaj,80's Workout Song - 2020 House Music Remix,"Workout Music Gym, Workout Dance Music",6L0h1JhRtSMcBFcbdfk4m5|7H8HorLUuOJzx3wqU3J5hV,Gym Workout Music,50,95245,,123,0.44,0.25,0.59,-9.1,True,english,https://open.spotify.com/track/1uAt3foJXoB2EVKfAOGeaj
3F5QeyPDVYNndQI2FqrOBO,A Healing Run,Workout Prodigy,4YSYgOI8ezmxsy2oZfJaB6,"Exercising Music – The Best Music for Exercising, New Gym Motivation Playlist",50,140136,,178,0.82,0.54,0.54,-12.9,True,english,https://open.spotify.com/track/3F5QeyPDVYNndQI2FqrOBO
2zdeZbMEbux7W9950jhEc8,A Little Less Conversation - Running Workout Mix,Workout Music,5njMahLKD1tLJ5bejvqseV,50 Throwback Running Workout Hits!,50,275293,,120,0.49,0.29,0.51,-5.7,True,english,https://open.spotify.com/track/2zdeZbMEbux7W9950jhEc8
0U8S7CUrFpgZFx4Kj3rAp5,A Sky Full of Stars (Step Workout Remix),DJ Keen,4qvArXhnLauGZ5BBmJ3MJS,"Step Hitmix! All Hits (132 BPM, 32-Count, Nonstop Fitness & Workout)",50,203653,,126,0.87,0.38,0.89,-9.2,True,english,https://open.spotify.com/track/0U8S7CUrFpgZFx4Kj3rAp5
1pPFDeRqRWw8W1MhAlLD3Z,A Sky Full of Stars - Remix,Workout Music,5njMahLKD1tLJ5bejvqseV,100 Gym & Fitness Workout Hits! Playlist,50,266080,,138,0.79,0.27,0.89,-13.6,True,english,https://open.spotify.com/track/1pPFDeRqRWw8W1MhAlLD3Z
7iKDixVIWwKki7vwIXrqTJ,A Un Paso De La Luna - Workout Remix 140 Bpm,Hard EDM Workout,6A1PIjKax3t1iZQ4VKOegQ,Aerobic Latino Hits 2022: 60 Minutes Mixed For Fitness & Workout 140 Bpm / 32 Count,50,164570,,144,0.69,0.72,0.33,-7.6,True,english,https://open.spotify.com/track/7iKDixVIWwKki7vwIXrqTJ
39VAvCyLhJBTgBtasPunyn,AARAMBH BOL (Gym life Motivational song),kaayo lk,7ccWUSS2KCZOGMFkV7Qrll,AARAMBH BOL (Gym life Motivational song),50,183137,,170,0.68,0.2,0.61,-13.0,True,hindi,https://open.spotify.com/track/39VAvCyLhJBTgBtasPunyn
2exH5Jiafijol1Y5toP5xL,ARMED,"Sukha, Prodgk",6FDDxz6lYakINkmWPOlIZG|2E6ODN4Dna1vkh6s8sxHC0,UNDISPUTED,50,124090,,140,0.9,0.22,0.56,-14.3,True,hindi,https://open.spotify.com/track/2exH5Jiafijol1Y5toP5xL
23q9PTHIjr5nIM62Obi90K,ASÍ YO - SLOWED,Rythmoooo,7CLRNsR8n5Rf4grdDPBANf,ASÍ YO,50,85337,,100,0.68,0.44,0.58,-9.5,True,english,https://open.spotify.com/track/23q9PTHIjr5nIM62Obi90K
1gSL5jXv128gY0Oz1GEReA,Aag Laga De - Hindi Workout,Minns,109bXkunJD3qI4zj90x99F,Hindi Workout Mix 2026,50,185000,,147,0.58,0.52,0.67,-5.3,True,hindi,https://open.spotify.com/track/1gSL5jXv128gY0Oz1GEReA
70NRkDuScUlwEJw2qebE7T,Aag Se Tez - Hindi Workout,Minns,109bXkunJD3qI4zj90x99F,Hindi Workout Mix 2026,50,220000,,95,0.78,0.88,0.39,-8.1,True,hindi,https://open.spotify.com/track/70NRkDuScUlwEJw2qebE7T
6A0ffyw8EcakxNY0ghsiNw,Aaja Bhangra Pa Laiye,"Jaidev Kumar, Diljit Dosanjh, Navraj Hans, Simran Tripat",3jFf4UnboFrqsHZA8qBkH8|2FKWNmZWDBZR4dE5KX4plR|4ItzUQL1OI4JNDGNdKHR1K|6UIE1saT51FWFVCzprkEim,Saadi Love Story (Original Motion Picture Soundtrack),50,203053,,132,0.65,0.55,0.36,-5.2,True,hindi,https://open.spotify.com/track/6A0ffyw8EcakxNY0ghsiNw
1vMxXImRI5yzXxeoHSCX13,Aaluma Doluma,"Anirudh Ravichander, Badshah",4zCH9qm4R2DADamUHMCa6O|0y59o4v8uw5crbN9M3JiL1,Aavesam (Original Motion Picture Soundtrack),50,258119,,103,0.62,0.25,0.64,-13.1,True,english,https://open.spotify.com/track/1vMxXImRI5yzXxeoHSCX13
32VAw8DL9ixX5XSW2VLcZ4,Aam Jahe Munde,"Parmish Verma, PARDHAAN, Desi Crew",3OQRPFFS3OsltFjFAXu1kE|06sVoZgq2NIPNoWgggu8Vq|6lMIhndzcevFkVWSJnXPt2,Aam Jahe Munde,50,207838,,175,0.86,0.38,0.68,-7.3,True,hindi,https://open.spotify.com/track/32VAw8DL9ixX5XSW2VLcZ4
6U0SPRGtBgp7mDilQBpMWC,Aaramabh Hai Prachand X Polozehnie,Shrylox,1IEqJhjUAA0qZ6L020TQdt,Aaramabh Hai Prachand X Polozehnie,50,201562,,171,0.52,0.64,0.34,-13.5,True,hindi,https://open.spotify.com/track/6U0SPRGtBgp7mDilQBpMWC
1PZZtXR7nsNIyRcqd7UeiF,Aarambh,Piyush Mishra,1EzHkoB4160h1B1xAyXSUR,Gulaal,50,295866,,139,0.8,0.85,0.66,-10.1,True,hindi,https://open.spotify.com/track/1PZZtXR7nsNIyRcqd7UeiF
7fJenUJpY9Mv0u2oYbWuy9,"Aarambhame Le - From ""Jersey""","Srinidhi Venkatesh, Krishna Kanth, Anirudh Ravichander",1PDFenKwhb7oNx0bxCyQF2|2yvOLf1gt6m9qPgzzqpxQx|4zCH9qm4R2DADamUHMCa6O,"Aarambhame Le (From ""Jersey"")",50,114545,,171,0.68,0.26,0.36,-11.3,True,english,https://open.spotify.com/track/7fJenUJpY9Mv0u2oYbWuy9
4kV0ugCwyF7OAb3huIdThG,"Aaya Sher (From ""The Paradise"") (Telugu)","Anirudh Ravichander, Jangi Reddy, Arjun Chandy, Kasarla Shyam",4zCH9qm4R2DADamUHMCa6O|576GMrbKBURxmaLAJXMqCp|4UCG3GFuPR4k19M40Mzxip|4wxBWsFkyA2K1BMBFj91qt,"Aaya Sher (From ""The Paradise"") (Telugu)",50,286917,,132,0.7,0.28,0.78,-10.7,True,english,https://open.spotify.com/track/4kV0ugCwyF7OAb3huIdThG
5a21RYhxxpRWbHHELRt1Uf,Ab Meri Baari - Hindi Workout,Minns,109bXkunJD3qI4zj90x99F,Hindi Workout Mix 2026,50,225000,,120,0.65,0.35,0.64,-12.8,True,hindi,https://open.spotify.com/track/5a21RYhxxpRWbHHELRt1Uf
4uEt2w5aGSsONcbFNqZ8KL,Ab Meri Bari Hai,SD Music,0aRWV1OUj9vVA7OKoAZipv,Ab Meri Bari Hai,50,130800,,152,0.85,0.55,0.37,-11.2,True,hindi,https://open.spotify.com/track/4uEt2w5aGSsONcbFNqZ8KL
1BPdEBKkL9D3cZLGIbf1kg,Abdominal Exercises,Workout Prodigy,4YSYgOI8ezmxsy2oZfJaB6,"Exercising Music – The Best Music for Exercising, New Gym Motivation Playlist",50,176000,,131,0.86,0.2,0.65,-7.8,True,english,https://open.spotify.com/track/1BPdEBKkL9D3cZLGIbf1kg
5Ld8UhPvX8v8AvAnrh6grs,Abracadabra - Workout Remix 135 bpm,SuperFitness,6L74J3BzylQkJF7rBXTpgT,Aerobic Hits Session 2025: 60 Minutes Mixed for Fitness & Workout 135 bpm/32 Count,50,228000,,144,0.48,0.56,0.55,-7.4,True,english,https://open.spotify.com/track/5Ld8UhPvX8v8AvAnrh6grs
1r1uUCfbugSEPvfCLtZnyH,Acapulco - Workout Mix Edit 150 bpm,Hard EDM Workout,6A1PIjKax3t1iZQ4VKOegQ,Running Workout 2022: 150 bpm,50,169600,,104,0.78,0.54,0.34,-8.1,True,english,https://open.spotify.com/track/1r1uUCfbugSEPvfCLtZnyH
2WZeBhTbaVg1k4KoT1VbNt,Active,"Sukha, Prodgk",6FDDxz6lYakINkmWPOlIZG|2E6ODN4Dna1vkh6s8sxHC0,Active,50,125346,,92,0.52,0.36,0.37,-7.1,True,hindi,https://open.spotify.com/track/2WZeBhTbaVg1k4KoT1VbNt
5P6Hpkjk8eFphSKHNMq026,Addicted To You - Workout Remix 140 Bpm,Hard EDM Workout,6A1PIjKax3t1iZQ4VKOegQ,Aerobic Latino Hits 2022: 60 Minutes Mixed For Fitness & Workout 140 Bpm / 32 Count,50,150850,,106,0.48,0.84,0.53,-5.4,True,english,https://open.spotify.com/track/5P6Hpkjk8eFphSKHNMq026
4okMCAIOI1irdlFVS13tFS,Adrenaline Jwaar Hindi Gym Banger 160BPM EDM Trap Workout Anthem HIIT & CrossFit Motivation,Manup,5LCv5TmLtTzV6slXMrcrUj,Ultimate Gym Anthems,50,252885,,153,0.66,0.82,0.73,-6.2,True,hindi,https://open.spotify.com/track/4okMCAIOI1irdlFVS13tFS
6JT46SWuZIwznP8tuQMqYq,Aerobic Cardio Dance 140-145 bpm - Continuous Dj Mix,Hard EDM Workout,6A1PIjKax3t1iZQ4VKOegQ,Aerobic Cardio Dance 2017: 16 Best Songs for Workout + 1 Session 140-145 bpm / 32 count,50,2809612,,139,0.58,0.54,0.55,-8.5,True,english,https://open.spotify.com/track/6JT46SWuZIwznP8tuQMqYq
2ecXGiX8DUPHlSrlvmbPS4,Aerobics Gym Music,Xtreme Cardio Workout,6LdYcUQhPIhkcQJZM7Tpok,Fast Aerobics Music (140 BPM): Fast Beat Music for Extreme Aerobics Workout,50,236000,,140,0.76,0.76,0.54,-7.4,True,english,https://open.spotify.com/track/2ecXGiX8DUPHlSrlvmbPS4
48WOI9T9GN9h8OROkqAA3b,Aerobics Music Beats,Xtreme Cardio Workout,6LdYcUQhPIhkcQJZM7Tpok,Fast Aerobics Music (140 BPM): Fast Beat Music for Extreme Aerobics Workout,50,146500,,123,0.63,0.44,0.43,-10.0,True,english,https://open.spotify.com/track/48WOI9T9GN9h8OROkqAA3b
7nRw5SZ7FiAxwMYjFBL0k9,AfterParty Prayers,Lil Dreaux,6IAVA12AhYbWd4AoiehNsD,Beast Mode,50,141359,,179,0.47,0.89,0.54,-6.0,True,english,https://open.spotify.com/track/7nRw5SZ7FiAxwMYjFBL0k9
3j4kDDlS8d11idOmNe6YcY,Afull,Emcidues,0KX7rxH6HA4upw4IqFygC6,Afull,50,162285,,160,0.7,0.23,0.84,-10.2,True,english,https://open.spotify.com/track/3j4kDDlS8d11idOmNe6YcY
1ajCtEADD5n0gi9fCUhMxQ,Agg,"Gulab Sidhu, Fateh Shergill, Diamond",0OytfiwNkc1KzXE4ImyjgW|5RrNdku9cK7VRbaOxGPsPb|2FsgnpXcftQH9HppbO1DeC,Punjab Flow,50,170000,,179,0.66,0.88,0.61,-11.3,True,hindi,https://open.spotify.com/track/1ajCtEADD5n0gi9fCUhMxQ
4v5PgRxHXAd12s6gVfJFfM,Ai Calica,Marian & Sean,56qCWL15fdXM8CPNK6XWQF,Ai Calica,50,127741,,159,0.7,0.5,0.7,-12.3,True,english,https://open.spotify.com/track/4v5PgRxHXAd12s6gVfJFfM
6vGUuFRkrHebNgfUWbHrPr,Ajj Main Bhangra Pauna,Brother Satnam Bhatti,3etwQHQ5pxAvIW4mWGN3AR,"Yeshu Tera Dil Mangda, Vol. 13",50,524549,,129,0.85,0.52,0.81,-12.0,True,hindi,https://open.spotify.com/track/6vGUuFRkrHebNgfUWbHrPr
2X3loZP2xh8RJQh4SfbnVZ,"Ak - The Tiger (From ""Good Bad Ugly"")","Darkkey, G. V. Prakash",04RZUhq6dIFyX9eJYij92Q|5VVN3xZw1i2qihfITZlvCZ,"Ak - The Tiger (From ""Good Bad Ugly"")",50,203053,,146,0.73,0.41,0.66,-9.6,True,english,https://open.spotify.com/track/2X3loZP2xh8RJQh4SfbnVZ
0b2YFn54mqy3Wk6V3rWYNv,Ak47,Diljit Dosanjh,2FKWNmZWDBZR4dE5KX4plR,Hero Naam Yaad Rakhi (Original Motion Picture Soundtrack),50,191477,,113,0.76,0.36,0.76,-5.1,True,hindi,https://open.spotify.com/track/0b2YFn54mqy3Wk6V3rWYNv
5hpAtI6qlmMtB2qQtIY2bn,Akh Laal Jatt Di,Diljit Dosanjh,2FKWNmZWDBZR4dE5KX4plR,G.O.A.T.,50,240000,,161,0.53,0.72,0.79,-10.8,True,hindi,https://open.spotify.com/track/5hpAtI6qlmMtB2qQtIY2bn
1xUktyXc2cMBYTJcPBVrrJ,Akhiyan,"Kahani, Shrii",1fu7plwfaglPCQU6y1RFfb|0kJnDYDVqQebEko4J5Gboo,Gym Nation 008,50,325161,,128,0.52,0.32,0.63,-13.7,True,hindi,https://open.spotify.com/track/1xUktyXc2cMBYTJcPBVrrJ
5gA0rOFzVa9jK5hFKbWXfd,Akhri Dum Tak - Hindi Workout,Minns,109bXkunJD3qI4zj90x99F,Hindi Workout Mix 2026,50,200000,,170,0.76,0.79,0.82,-13.8,True,hindi,https://open.spotify.com/track/5gA0rOFzVa9jK5hFKbWXfd
7oK9OXmhQGdHbEcOLEVP2D,All You Need - Workout Remix 130 bpm,"Geo Da Silva, Alpha Squad",5E4rOL0HwjD2TGLhrK6tZp|5kjIsZYR4R011MNGQkUvl5,Cardio Workout Mix 2022: 130 bpm/32 count,50,192000,,96,0.48,0.42,0.89,-5.4,True,english,https://open.spotify.com/track/7oK9OXmhQGdHbEcOLEVP2D
2W2ugbQgC0gyW3X6UYW307,Already Over - Endel Light Cardio 3 (Fort Minor Mix) [feat. Dom McLennon] [Workout Soundscape],"Mike Shinoda, Endel, Dom McLennon, Fort Minor",6xBZgSMsnKVmaAxzWEwMSD|3JNr31WfX56vgwBuIcdOt4|2gvHN6YzZW0bPpmyjeD6V9|7dWYWUbO68rXJOcyA7SpJk,Already Over / In My Head (Endel Workout Soundscape),50,211954,,150,0.68,0.25,0.73,-14.3,True,english,https://open.spotify.com/track/2W2ugbQgC0gyW3X6UYW307
3RLDmNmrb2xxfXNyZxZf7J,Am I Wrong (Step Workout Remix),DJ Keen,4qvArXhnLauGZ5BBmJ3MJS,"Step Hitmix! All Hits (132 BPM, 32-Count, Nonstop Fitness & Workout)",50,247306,,180,0.5,0.5,0.78,-7.1,True,english,https://open.spotify.com/track/3RLDmNmrb2xxfXNyZxZf7J
72iWtnl27JmptemVWwh6yA,"Ambaraala Veedhilo - From ""ARM""","Dhibu Ninan Thomas, Sinduri Vishal, Krishna Kanth",1QHr8p3h0ayWLaaYK0X6bi|6KjiNHnbm1CNrIN0z7wJtO|2yvOLf1gt6m9qPgzzqpxQx,"Ambaraala Veedhilo (From ""ARM"")",50,249000,,122,0.4,0.49,0.38,-9.7,True,english,https://open.spotify.com/track/72iWtnl27JmptemVWwh6yA
1nYMdOVEwvi0AduQofnbRE,Amiri,"Diljit Dosanjh, thiarajxtt",2FKWNmZWDBZR4dE5KX4plR|54BjV0qctcWp8xOip7uaJD,Ghost,50,117924,,171,0.5,0.87,0.55,-14.2,True,hindi,https://open.spotify.com/track/1nYMdOVEwvi0AduQofnbRE
4GVlRh9StHm4h1JDbhYztY,Angaar Bhangar Nay Ra (DJ Remix),Madhur Shinde,7g7Z7qrPzbPNnCxkVlI4di,Angaar Bhangar Nay Ra (DJ Remix),50,190051,,145,0.86,0.29,0.45,-6.5,True,hindi,https://open.spotify.com/track/4GVlRh9StHm4h1JDbhYztY
6YVSGsnZ2NdQr2Sy0eoznf,Angreji Beat,"Yo Yo Honey Singh, Gippy Grewal",7uIbLdzzSEqnX0Pkrb56cR|5kvGYraWFlXs2Jbt1Kphn8,"The Biggest UK Bhangra Hits, Vol. 4",50,212626,,101,0.73,0.82,0.69,-6.9,True,hindi,https://open.spotify.com/track/6YVSGsnZ2NdQr2Sy0eoznf
2WvlXXXkx1Yu2WeSj1A877,Angreji Beat - 90s Mix,Nitin Mix,5vrVL2jZCTZQ5yCX5G6f6F,Angreji Beat,50,174776,,165,0.72,0.23,0.53,-11.4,True,hindi,https://open.spotify.com/track/2WvlXXXkx1Yu2WeSj1A877
5zX20AQ2tjQnkttagTIagE,Angry Mix,"Ravi Shankar, Sukhwinder Singh, Mika Singh",4uE9TgBW0AaPDHL1qYbtd0|19MVxKZZdPj2X0F8pi0OCT|5T2I75UlGBcWd5nVyfmL13,Sarkar 3 (Original Motion Picture Soundtrack),50,307092,,150,0.72,0.81,0.66,-12.3,True,hindi,https://open.spotify.com/track/5zX20AQ2tjQnkttagTIagE
6gHMWf34JR5aWXono5Ysgs,Animal Bgm Mashup,"Harshavardhan Rameshwar, Kedrock",5CTu6FKerxlvZrsLb6BYaU|7D2MUg2cnFbZnHzedomxwb,Animal Bgm Mashup,50,178067,,125,0.57,0.55,0.71,-8.4,True,hindi,https://open.spotify.com/track/6gHMWf34JR5aWXono5Ysgs
1Kt0zQj1jBEry8O8sJtF3r,Another Night - 132 BPM Workout Remix,Housecream,1yLH1CRBOIEeUGdsjy7xnI,Running & Workout for Seniors,50,371347,,100,0.4,0.46,0.46,-10.1,True,english,https://open.spotify.com/track/1Kt0zQj1jBEry8O8sJtF3r
7izg0Fi33nV3ISAwWAX4wd,Another Round,Lil Hydra,2LrOM5Nfq3bksvGvhUq8Ll,Another Round,50,130612,,155,0.44,0.48,0.39,-10.2,True,english,https://open.spotify.com/track/7izg0Fi33nV3ISAwWAX4wd
42wVthwdLhTQeJ4nmB9dIy,Apna Time Aayega,"DIVINE, Ranveer Singh, Dub Sharma",4Ai0pGz6GhQavjzaRhPTvz|0lMa3YTHqQnDDTBaxAV7LK|5pJnHE4GkcnLYMvnMOmGZr,Bollywood Workout Hits,50,140463,,119,0.81,0.77,0.32,-10.8,True,hindi,https://open.spotify.com/track/42wVthwdLhTQeJ4nmB9dIy
0J5jzXOg7dzbkOrIgZjo43,Arabic Kuthu - Halamithi Habibo,"Anirudh Ravichander, Jonita Gandhi",4zCH9qm4R2DADamUHMCa6O|00sCATpEvwH48ays7PlQFU,Beast (Original Motion Picture Soundtrack),50,279677,,111,0.67,0.52,0.48,-7.2,True,english,https://open.spotify.com/track/0J5jzXOg7dzbkOrIgZjo43
6yvxu91deFKt3X1QoV6qMv,"Arabic Kuthu - Halamithi Habibo (From ""Beast"")","Anirudh Ravichander, Jonita Gandhi",4zCH9qm4R2DADamUHMCa6O|00sCATpEvwH48ays7PlQFU,"Arabic Kuthu - Halamithi Habibo (From ""Beast"")",50,279677,,134,0.89,0.47,0.36,-8.0,True,english,https://open.spotify.com/track/6yvxu91deFKt3X1QoV6qMv
1eZR6ng9BwSfnn9v6Yeia0,"Arabic Kuthu - Halamithi Habibo (From ""Beast"")","Anirudh Ravichander, Jonita Gandhi, Sivakarthikeyan",4zCH9qm4R2DADamUHMCa6O|00sCATpEvwH48ays7PlQFU|0jwbpxdhhQamNo79fFPVcr,Anirudh x Sun Pictures - Powerhouse Hits,50,279677,,100,0.52,0.6,0.83,-13.7,True,english,https://open.spotify.com/track/1eZR6ng9BwSfnn9v6Yeia0
1bPZ1SBJlTggehO95Gk0Ji,Arcadia (Cardio Workout Remix),DJ Keen,4qvArXhnLauGZ5BBmJ3MJS,"Cardio Hitmix! All Hits 3 (140-155 BPM, 32-Count, Nonstop Fitness & Workout)",50,150013,,130,0.53,0.47,0.36,-12.4,True,english,https://open.spotify.com/track/1bPZ1SBJlTggehO95Gk0Ji
1YKPRycM3GzKbZUYDgLrmn,"Arjan Vailly (From ""ANIMAL"")","Manan Bhardwaj, Bhupinder Babbal",3pQ4aA7dkolyjUAMrVScgh|5bppkTlu7F930pWlNn1b1g,"Arjan Vailly (From ""ANIMAL"")",50,182170,,98,0.8,0.38,0.33,-6.9,True,hindi,https://open.spotify.com/track/1YKPRycM3GzKbZUYDgLrmn
73pS5Z6dsc25IFZYy0u8uG,Arjan Vailly Remix,"Manan Bhardwaj, Bhupinder Babbal, Dj Chetas, Lijo George",3pQ4aA7dkolyjUAMrVScgh|5bppkTlu7F930pWlNn1b1g|1jPeDHvfU5Knw8VyOP6TZN|4VS3XraXs2LRsowQnQ7VFh,Arjan Vailly Remix,50,187120,,143,0.74,0.72,0.4,-7.5,True,hindi,https://open.spotify.com/track/73pS5Z6dsc25IFZYy0u8uG
6aDjuufYwq5Yvh2NNngMhw,Around The World - Workout Remix 130 bpm,"Stephan F, Tony T, Alba Kras",5JFDqK3kLIAGJl8zPDHSAk|5PYz5PgVftmL9vQd9i7WSS|0DzGArgn9M9ZQa5dDQatbU,Cardio Workout Mix 2022: 130 bpm/32 count,50,192000,,133,0.7,0.35,0.35,-14.9,True,english,https://open.spotify.com/track/6aDjuufYwq5Yvh2NNngMhw
5HoN4nqKokMttNwOpXfwde,Asian Dance Workout,Workout Music,5njMahLKD1tLJ5bejvqseV,Workout Instrumental,50,228000,,177,0.88,0.54,0.52,-10.5,True,english,https://open.spotify.com/track/5HoN4nqKokMttNwOpXfwde
0vX2BiGY2VCvJFTvfdbYnO,Azadi,"Dub Sharma, DIVINE",5pJnHE4GkcnLYMvnMOmGZr|4Ai0pGz6GhQavjzaRhPTvz,Bollywood Workout Hits,50,155470,,154,0.66,0.54,0.32,-9.8,True,hindi,https://open.spotify.com/track/0vX2BiGY2VCvJFTvfdbYnO
6CnX497zBpwE8bwpxhQCq3,BALLINTEKK - (SLOWED),XvallariX,1CKiPOs0kFpTDkoAvItuFN,BALLINTEKK,50,101008,,106,0.62,0.76,0.55,-11.4,True,english,https://open.spotify.com/track/6CnX497zBpwE8bwpxhQCq3
4pIYTpm1LNSb3ZndK2LTRx,BAWAL,"DhiruMonchik, ShravanBeats",6jK5hrFNtKCCvaPES7QPqQ|1m4qUltH2yScfIkgFbuZ2J,BAWAL,50,148538,,106,0.78,0.21,0.36,-12.1,True,english,https://open.spotify.com/track/4pIYTpm1LNSb3ZndK2LTRx
0aVqBg033jaSDiK9K0OQuw,BEAST,"JP47, Mad Mix",12ZFBwOMiEaUTRYUYfOUBw|55fozRiVCKuoMqSkxa6nxv,BEAST,50,134400,,138,0.8,0.29,0.36,-13.3,True,english,https://open.spotify.com/track/0aVqBg033jaSDiK9K0OQuw
0JzazrsjBjKT9iyACOXwnP,BEAST MODE,Heronwater,6694OnEnGJ9QPSS9q7Bu33,BEAST MODE,50,130751,,110,0.52,0.84,0.49,-12.6,True,english,https://open.spotify.com/track/0JzazrsjBjKT9iyACOXwnP
5cNIKVHSM2gtOLjyEm6ze0,BEAST MODE,"MAKAVELI COMPILATIONS, MAKAVELI MOTIVATION",2SxaiFqmcaFosYgXReMO4M|1mb1jSIxkVsOh94YMNGMmF,BEAST MODE,50,232478,,157,0.55,0.49,0.43,-7.6,True,english,https://open.spotify.com/track/5cNIKVHSM2gtOLjyEm6ze0
6qH03kg96SuUkTxdRcSMhs,BEAST MODE,MAKAVELI MOTIVATION,1mb1jSIxkVsOh94YMNGMmF,CONQUER.,50,272758,,98,0.56,0.81,0.87,-7.5,True,english,https://open.spotify.com/track/6qH03kg96SuUkTxdRcSMhs
48WUkQ5IH36XaRBXjARrwn,BEAST MODE,NXKXNXPLAYA,5ZoDOji1ndXijrWNTX9vCQ,BEAST MODE,50,140484,,148,0.66,0.42,0.35,-11.4,True,english,https://open.spotify.com/track/48WUkQ5IH36XaRBXjARrwn
6MPGwPHEhVt4CwSP7gFCq9,BEAST MODE,"Cruzzi, WEST DUBAI",0jeYkqwckGJoHQhhXwgzk3|0ThxHJx0ElqLD8h2Compyq,VISIÓN TÚNEL,50,157799,,153,0.57,0.72,0.7,-7.6,True,english,https://open.spotify.com/track/6MPGwPHEhVt4CwSP7gFCq9
0YIhJQU8P5i8tvUpojYium,BEAST MODE,"L19U1D, OokiiBoy",6eIJYF4G64wbLdUXpxCKd2|2VF6oqmcDlNZGU521IO8do,BEAST MODE,50,138842,,113,0.78,0.73,0.73,-13.4,True,english,https://open.spotify.com/track/0YIhJQU8P5i8tvUpojYium
7K8M4IgUhYeUmMrNtK43gf,BEAST MODE,"Hyce, Timi Martins",1KQuzZH1ix85vt0n3iiRTA|0eQrfPUjzTCTeDfZ7dca4I,BEAST MODE,50,182752,,155,0.58,0.45,0.66,-14.2,True,english,https://open.spotify.com/track/7K8M4IgUhYeUmMrNtK43gf
560oi5w8GJqCpYums7Y3Lz,BEAST MODE - GYM HARDSTYLE,"TOTZ, ZYZZ HARDSTYLE, Anime Lifestyle",3raDCuZ1EuUpmjKUm8qa1Q|1MToCKholpDbeLDwDYtkyb|5CvDROubag3w5dW8WM6Ayy,BEAST MODE - GYM HARDSTYLE,50,117631,,165,0.54,0.33,0.59,-12.7,True,english,https://open.spotify.com/track/560oi5w8GJqCpYums7Y3Lz
11VJWIeDdmfzRFMDWS7EBG,BEAST MODE PR FUNK,LXRD EGOISTA,5JtqySd5P0rQkyiP1VJNY4,BEAST MODE PR FUNK,50,120000,,130,0.78,0.37,0.37,-14.6,True,english,https://open.spotify.com/track/11VJWIeDdmfzRFMDWS7EBG
5nL1WasY8PJ29Xaf15Jaek,BET,Gulab Sidhu,0OytfiwNkc1KzXE4ImyjgW,BET,50,232583,,120,0.7,0.8,0.38,-10.1,True,hindi,https://open.spotify.com/track/5nL1WasY8PJ29Xaf15Jaek
0AXVRCzMIWvCh96svOTmvn,BLACK MAGIC,"Big Ghuman, Sultaan",6L3F8cdWcweEu2d1kfggbH|7frYUe4C7A42uZqCzD34Y4,BEAST MODE,50,156325,,95,0.54,0.45,0.62,-12.2,True,english,https://open.spotify.com/track/0AXVRCzMIWvCh96svOTmvn
4jFyRcpJUhavp2YKAn8jpN,BLADETEKK - Super Slowed,"angelhard, TRVXER",4dPALmwr3jCS0XwH2KpeJK|0OTjk4QUX6zTvaZy6XOooY,BLADETEKK,50,101807,,156,0.46,0.63,0.56,-14.1,True,english,https://open.spotify.com/track/4jFyRcpJUhavp2YKAn8jpN
1ipBvcIGx98aNgmAkLUWbl,BOOM,dreusss,3C9fxIWLKhFckOpz7gNdsx,BOOM,50,133720,,159,0.82,0.33,0.49,-11.5,True,english,https://open.spotify.com/track/1ipBvcIGx98aNgmAkLUWbl
5ed0uj4ZATQsbhWncFaySt,BREGA DO SANS,"SEKIMANE, DJ K3YVE",1yevH7mkPMXeSTnA9SwHvq|08k0c8ScCWNoSQUiyidDK7,BREGA DO SANS,50,103062,,167,0.4,0.29,0.42,-14.9,True,english,https://open.spotify.com/track/5ed0uj4ZATQsbhWncFaySt
0nvWjiyMLhgcVlm1ewRG0o,BUTTERFLY,Jungle Jonsson,6DuzYGNQcx6sJNgi36tr7Z,BUTTERFLY,50,124137,,147,0.55,0.83,0.72,-11.2,True,english,https://open.spotify.com/track/0nvWjiyMLhgcVlm1ewRG0o
6qi1wEVjs2CwceEfQbRkJl,Baazi Meri - Hindi Workout,Minns,109bXkunJD3qI4zj90x99F,Hindi Workout Mix 2026,50,225000,,111,0.58,0.57,0.4,-10.1,True,hindi,https://open.spotify.com/track/6qi1wEVjs2CwceEfQbRkJl
2kRpOyXpKI6PQhdn9i4JRx,Baazigar O Baazigar - Lo - Fi Remix,"Kumar Sanu, Alka Yagnik, Mann Taneja",4K6blSRoklNdpw4mzLxwfn|3gBKY0y3dFFVRqicLnVZYz|4nrzV0KNK93wplq40UzfkW,Workout with Bollywood,50,264437,,106,0.55,0.63,0.31,-14.8,True,hindi,https://open.spotify.com/track/2kRpOyXpKI6PQhdn9i4JRx
7Kzn3KsDTXucEcujpdsYh5,"Babaji Ki Booti (From ""Go Goa Gone"") - 113 BPM",Sachin-Jigar,1mBydYMVBECdDmMfE2sEUO,Workout Bollywood Style: 60 Mins Non Stop Mix,50,99986,,118,0.66,0.25,0.58,-8.7,True,hindi,https://open.spotify.com/track/7Kzn3KsDTXucEcujpdsYh5
0svHCDAQ4PxQ7gXEVDmKk3,Babli,Young Galib,7oSaiYIWj9u22z7afFZc5o,Babli,50,204000,,109,0.47,0.58,0.32,-8.4,True,english,https://open.spotify.com/track/0svHCDAQ4PxQ7gXEVDmKk3
3EYX1jP2PgXrGvgUOP7afw,"Baby John - Beast Mode - From ""Baby John""","Thaman S, Raja Kumari, Adviteeya Vojjala, Ritesh G Rao",2FgHPfRprDaylrSRVf1UlN|5cBFMoMgcAt03YL2r0tS25|09J325BgRreHJKVVVAECLx|2n2CcYTvgrHcpKGDHtelgz,Bollywood Rage Mode,50,257475,,91,0.82,0.7,0.35,-5.4,True,hindi,https://open.spotify.com/track/3EYX1jP2PgXrGvgUOP7afw
19d8jpcnTiNdoobyNmO98i,"Baby John - Beast Mode - From ""Baby John""","Thaman S, Raja Kumari, Adviteeya Vojjala, Ritesh G Rao",2FgHPfRprDaylrSRVf1UlN|5cBFMoMgcAt03YL2r0tS25|09J325BgRreHJKVVVAECLx|2n2CcYTvgrHcpKGDHtelgz,Baby John (Original Motion Picture Soundtrack),50,257475,,148,0.66,0.8,0.56,-11.3,True,english,https://open.spotify.com/track/19d8jpcnTiNdoobyNmO98i
1keiucJUzGupzozqgSCkyd,"Baby John - Beast Mode - From ""Baby John""","Thaman S, Raja Kumari, Adviteeya Vojjala, Ritesh G Rao",2FgHPfRprDaylrSRVf1UlN|5cBFMoMgcAt03YL2r0tS25|09J325BgRreHJKVVVAECLx|2n2CcYTvgrHcpKGDHtelgz,"Baby John - Beast Mode (From ""Baby John"")",50,257475,,143,0.52,0.4,0.47,-7.8,True,english,https://open.spotify.com/track/1keiucJUzGupzozqgSCkyd
2NKmMaxQkYi4vVjS1wHxi7,Baby Marvake Maanegi,Raftaar,5UdFr0GeO7jKIaNIJgwB36,Bollywood Workout Hits,50,187541,,177,0.68,0.29,0.84,-12.5,True,hindi,https://open.spotify.com/track/2NKmMaxQkYi4vVjS1wHxi7
0iH63bEQTdckJuVZXuOUGb,Bachalo - Drill Remix,"Akhil, Enzo",6zZrFenNe3YPttxZsnQQs1|0QX0UY2UJtnhfEbqUbTz6h,Punjabi Power Workout,50,192006,,99,0.52,0.4,0.67,-7.7,True,hindi,https://open.spotify.com/track/0iH63bEQTdckJuVZXuOUGb
3TzlnopxLuyCKE5Mabco1v,Back to Life,Tony Dark Eyes,3aJBHJUwHkjkGQ4zkG93HP,Back to Life,50,203520,,122,0.44,0.43,0.45,-11.7,True,english,https://open.spotify.com/track/3TzlnopxLuyCKE5Mabco1v
6ypCRHWLmW9NAGzpPffUQG,Bad Guy - Workout Mix Edit 150 bpm,Hard EDM Workout,6A1PIjKax3t1iZQ4VKOegQ,Running Workout 2020: 150 bpm,50,169600,,135,0.86,0.88,0.5,-6.5,True,english,https://open.spotify.com/track/6ypCRHWLmW9NAGzpPffUQG
43slr0WZzFMuY3HeWEwPOB,Bad Liar - Workout Mix,Workout Music,5njMahLKD1tLJ5bejvqseV,100 New Year Best Ever! Fitness + Workout Collection,50,275666,,174,0.6,0.37,0.53,-15.0,True,english,https://open.spotify.com/track/43slr0WZzFMuY3HeWEwPOB
23y8MwhdvbSalGitHeokpk,Badass,"Anirudh Ravichander, Vishnu Edavan",4zCH9qm4R2DADamUHMCa6O|0EESJaBQY5fiBeQOGvDi3T,Leo (Original Motion Picture Soundtrack),50,229677,,156,0.66,0.76,0.65,-9.0,True,english,https://open.spotify.com/track/23y8MwhdvbSalGitHeokpk
0JCcLshapR8UnPz8PwNP6x,"Badass (From ""Leo (Hindi)"")","Anirudh Ravichander, Raqueeb Alam, Hanuman",4zCH9qm4R2DADamUHMCa6O|5DJ9Jdt2tfopA7eKuHCO4h|6ZjXnmHm9xqXykKC98dEoX,"Badass [From ""Leo (Hindi)""]",50,230741,,165,0.67,0.58,0.57,-10.4,True,hindi,https://open.spotify.com/track/0JCcLshapR8UnPz8PwNP6x
0TeTNIAV3fZdqFpSXzqBZk,"Badass (From ""Leo (Telugu)"")","Anirudh Ravichander, Sri Krishna, Saicharan Bhaskaruni, Srinivasa Mouli",4zCH9qm4R2DADamUHMCa6O|06V3WlbxMpgl639AJoFH7C|32rgf5uvf7GtEPjrHyJ6uU|2y2DSOmE3xKWW4Wia2ucCi,"Badass [From ""Leo (Telugu)""]",50,230541,,111,0.83,0.72,0.31,-14.4,True,english,https://open.spotify.com/track/0TeTNIAV3fZdqFpSXzqBZk
32qnBgfzURbwNayQIEB5W5,"Badass (From ""Leo"")","Anirudh Ravichander, Vishnu Edavan",4zCH9qm4R2DADamUHMCa6O|0EESJaBQY5fiBeQOGvDi3T,"Badass (From ""Leo"")",50,229677,,106,0.78,0.22,0.6,-10.3,True,english,https://open.spotify.com/track/32qnBgfzURbwNayQIEB5W5
2mFYKQlRVrzDQdldvDfxg2,Bags & Baddies,Lil Dreaux,6IAVA12AhYbWd4AoiehNsD,Beast Mode,50,152079,,166,0.48,0.2,0.66,-10.2,True,english,https://open.spotify.com/track/2mFYKQlRVrzDQdldvDfxg2
582HyUqPSISpkPriDxfV20,Bailar - Running + Cardio Mix,Workout Music,5njMahLKD1tLJ5bejvqseV,50 All Star Latin Running + Cardio,50,271386,,162,0.52,0.21,0.36,-8.5,True,english,https://open.spotify.com/track/582HyUqPSISpkPriDxfV20
42TMa2hgBNjte4uV7jNCnQ,Baller,"Shubh, Ikky",5r3wPya2PpeTTsXsGhQU8O|3nqS8jzqmsPKFJTp0BOIel,Baller,50,148188,,122,0.5,0.68,0.75,-10.2,True,hindi,https://open.spotify.com/track/42TMa2hgBNjte4uV7jNCnQ
6P2pThv1Ui0juzeZswcPXw,Balma (feat. Aastha Gill),"Bali, Aastha Gill",65pmgBULHr82D3llNlHtB8|1BYjhAClGpBTLZfics0VRZ,Desi Gym Pump Music,50,166061,,101,0.78,0.24,0.85,-11.7,True,hindi,https://open.spotify.com/track/6P2pThv1Ui0juzeZswcPXw
3S4BOOjqWDgcWSTp0Vp3IJ,Bam Bam Boogie - Workout Remix 130 bpm,"Geo Da Silva, Stephan F",5E4rOL0HwjD2TGLhrK6tZp|5JFDqK3kLIAGJl8zPDHSAk,Cardio Workout Mix 2022: 130 bpm/32 count,50,206760,,142,0.4,0.28,0.36,-6.2,True,english,https://open.spotify.com/track/3S4BOOjqWDgcWSTp0Vp3IJ
79izTfIMSynG9BkQfbYlXh,Ban,"Diljit Dosanjh, Intense, Raj Ranjodh, Sardar Khehra",2FKWNmZWDBZR4dE5KX4plR|0OS0NZnK7TGIAWx8MkWNFN|183DgO92lAqgpVVNKI7ZKF|3YhEUyspZuU7pfEzmpFCsP,AURA,50,172826,,173,0.42,0.68,0.32,-12.2,True,hindi,https://open.spotify.com/track/79izTfIMSynG9BkQfbYlXh
74eJFRFOKmIY2VBKORQYQR,Ban Morni Trap Mix,"Surinder Kaur, Dixit Seth",5fucIZfxk9a3qSYc5nMkVC|2vKDhoyeBijAcWJzSiOny4,Ban Morni Trap Mix,50,100000,,166,0.64,0.73,0.34,-13.0,True,hindi,https://open.spotify.com/track/74eJFRFOKmIY2VBKORQYQR
7F9M6MqKleREAqymRFR1v9,Bande,"Sivam, Sam C.S., Manoj Muntashir",52yAITEPYVr5ZEQL0KJyQX|5VAyiDhBinVfc6RM5RKnLa|4cAERazLlAzVGA10ORWaUP,Vikram Vedha,50,193213,,114,0.42,0.34,0.4,-14.6,True,hindi,https://open.spotify.com/track/7F9M6MqKleREAqymRFR1v9
2RRb2lLPLhImO97GVKE2dV,"Bande (From ""Vikram Vedha"")","Sivam, Sam C.S., Manoj Muntashir",52yAITEPYVr5ZEQL0KJyQX|5VAyiDhBinVfc6RM5RKnLa|4cAERazLlAzVGA10ORWaUP,"Bande (From ""Vikram Vedha"")",50,193213,,113,0.42,0.84,0.59,-9.0,True,english,https://open.spotify.com/track/2RRb2lLPLhImO97GVKE2dV
3r8YyVM8sQJwcjZlpkf1Y9,Bandookaan Wali Gall,Raagline Studio,7iWaDtG4gUdoDRxJovnNvx,Punjabi Mashup Gym Edition vol.1,50,140280,,113,0.41,0.58,0.68,-8.0,True,hindi,https://open.spotify.com/track/3r8YyVM8sQJwcjZlpkf1Y9
6dGlThjVbk2buAobm6ib3w,Bang Bang (Workout Remix),Tayler,2uQ9oMkB23628lyMd8z0DN,Running Remixed! 2015 (Hard Hitting Nonstop Workout & Cardio Fitness @ 135-160 BPM),50,219906,,137,0.66,0.54,0.73,-6.1,True,english,https://open.spotify.com/track/6dGlThjVbk2buAobm6ib3w
1lnBnSKxzFMV4LgYRhjTNE,Bangla - Remix,"Romey Gill, Onkar Singh",5cHZg0sXlbGmADwT4Wfi89|1SX14OviiwS5CDBrCiUvPa,Jeeto (Remix),50,204893,,169,0.6,0.86,0.72,-9.5,True,hindi,https://open.spotify.com/track/1lnBnSKxzFMV4LgYRhjTNE
4Tsi9uhmbEi2bycJGEtqZW,Bapoo Sada Gum Ho - Bass Trap,Bhamra Beatz,158wpFV9kalZAIB5JWA7av,Punjabi Bass Trap Hits,50,147096,,97,0.7,0.47,0.75,-5.9,True,hindi,https://open.spotify.com/track/4Tsi9uhmbEi2bycJGEtqZW
6YMK1xRBZ2nLugom1qMf48,Be My Lover - Workout Remix,Workout Music Tv,0k5KeG8St6LiePh5blOwwl,90s Workout Hits Session (60 Minutes Non-Stop Mixed Compilatio for Fitness And Workout 135 Bpm - 32 Count),50,313001,,140,0.78,0.56,0.62,-12.3,True,english,https://open.spotify.com/track/6YMK1xRBZ2nLugom1qMf48
71chL6wLrHw2dgx2SKeHLh,Beast Announcement Theme,Anirudh Ravichander,4zCH9qm4R2DADamUHMCa6O,Beast (Original Motion Picture Soundtrack),50,62302,,91,0.42,0.33,0.65,-11.9,True,english,https://open.spotify.com/track/71chL6wLrHw2dgx2SKeHLh
6jiMGpaN4Sx7xYlSQqfjnz,"Beast Announcement Theme (From ""Beast"")",Anirudh Ravichander,4zCH9qm4R2DADamUHMCa6O,"Beast Announcement Theme (From ""Beast"")",50,62302,,165,0.76,0.28,0.65,-9.8,True,english,https://open.spotify.com/track/6jiMGpaN4Sx7xYlSQqfjnz
1TxC9O6kj3mW2hl4kqDFu5,Beast Bgm Drill,The Independeners,1ZaBov637MCZiuYMhEBGUY,Beast Bgm Drill,50,130465,,140,0.52,0.42,0.36,-5.8,True,english,https://open.spotify.com/track/1TxC9O6kj3mW2hl4kqDFu5
2IAhiShx3v6ojgVRzqXwKW,Beast In The House,"Jakes Bejoy, Vivek, Sunitha Sarathy, Travis A. King",3Q80PCEUBCiRhLSWdQApNt|25Pa1Vz1ZuTHmXPiYeMcgx|5UqyE5tsMWcrOAjOtROW6B|5AWvNgGbVcfPwKzTJUb8Qa,Mafia Chapter 1 (Original Motion Picture Soundtrack),50,240000,,162,0.74,0.7,0.74,-14.3,True,english,https://open.spotify.com/track/2IAhiShx3v6ojgVRzqXwKW
7L4L0LW4US8DrLx2L67I0F,Beast Mode,Anirudh Ravichander,4zCH9qm4R2DADamUHMCa6O,Beast (Original Motion Picture Soundtrack),50,220350,,155,0.65,0.77,0.33,-11.6,True,english,https://open.spotify.com/track/7L4L0LW4US8DrLx2L67I0F
0E5kgtXrA4QkXLOeDek7mM,Beast Mode,JA$$A,15kMGTugB8ykrokYUF3NAR,Beast Mode,50,109333,,108,0.66,0.34,0.75,-7.0,True,hindi,https://open.spotify.com/track/0E5kgtXrA4QkXLOeDek7mM
5zNASHCNyoKgVoPN1Rq9HI,Beast Mode,Young Galib,7oSaiYIWj9u22z7afFZc5o,Beast Mode,50,154405,,139,0.74,0.63,0.84,-8.5,True,english,https://open.spotify.com/track/5zNASHCNyoKgVoPN1Rq9HI
2gkqPErOvzT7h3a4l3BejE,Beast Mode,"Anirudh Ravichander, Sreerama Chandra",4zCH9qm4R2DADamUHMCa6O|2bfyLSCw72lQ5qoD8cdVBB,Beast (Original Motion Picture Soundtrack),50,220350,,142,0.5,0.39,0.72,-11.5,True,english,https://open.spotify.com/track/2gkqPErOvzT7h3a4l3BejE
4RwHenlqyVrHsisRdD8ob0,Beast Mode,"Anirudh Ravichander, Sreerama Chandra",4zCH9qm4R2DADamUHMCa6O|2bfyLSCw72lQ5qoD8cdVBB,Beast (Original Motion Picture Soundtrack),50,220350,,138,0.84,0.45,0.75,-7.8,True,english,https://open.spotify.com/track/4RwHenlqyVrHsisRdD8ob0
5XLK0IMoLExDCY2B6YOJJe,Beast Mode,"Rob C, Pratika, Aman Pant",4hEz4Vg09BEJcypoN4WnAi|3XTyIx2dpw9ulI4ALrny1Z|3DEQO9JUqGunLxKk6UJVpE,Citadel Honey Bunny,50,156120,,127,0.62,0.6,0.81,-14.5,True,english,https://open.spotify.com/track/5XLK0IMoLExDCY2B6YOJJe
4KxqlCJNjBNwsmgzLFy3Is,Beast Mode,Kura,3NwcP2GO2sZZS2BVvWcc9T,Beast Mode,50,161600,,154,0.57,0.33,0.59,-12.7,True,english,https://open.spotify.com/track/4KxqlCJNjBNwsmgzLFy3Is
3dPMko18czowaZz5BiUtzO,Beast Mode,"RaaZ, Veraz beats",603EYIWYOqkkGPmstrf3Y0|2vc5EEAoIPIYCb4UqQxQlG,Beast Mode,50,105445,,143,0.73,0.82,0.88,-13.3,True,english,https://open.spotify.com/track/3dPMko18czowaZz5BiUtzO
0XjWDX8IuobniUSpRNq9MJ,Beast Mode,"Jordan Schor, Swayze",6yPYDR9yFTpcGrusQU7rRx|5uXqLoe1WHwga4yyZCKO7I,Beast Mode,50,232464,,128,0.5,0.79,0.72,-9.4,True,english,https://open.spotify.com/track/0XjWDX8IuobniUSpRNq9MJ
7ulSPQnUqxgYrru4U6eyae,Beast Mode,Club Danger,7ei6fqMrGZYiu2SgQXzSkF,Club Danger,50,160009,,138,0.54,0.31,0.75,-11.0,True,english,https://open.spotify.com/track/7ulSPQnUqxgYrru4U6eyae
5B5uqlEd5ZHFzEGuJyKFQz,Beast Mode,Dex Arson,7y2jKZBgvt5YV9jpKQUN5a,Beast Mode,50,231386,,161,0.51,0.63,0.36,-14.0,True,english,https://open.spotify.com/track/5B5uqlEd5ZHFzEGuJyKFQz
7FCR3f9iZBr3e0QC5XedkD,Beast Mode,Hopex,0dE2azLipjakJifWO2xrOO,Beast Mode,50,196670,,141,0.72,0.42,0.51,-8.6,True,english,https://open.spotify.com/track/7FCR3f9iZBr3e0QC5XedkD
2MoY3V1dyjlxsuwSguPQGn,Beast Mode,A X S T X T I C,6McZ2lhMSnIuEhP2Et7Cgm,Beast Mode,50,151680,,126,0.48,0.4,0.83,-13.4,True,english,https://open.spotify.com/track/2MoY3V1dyjlxsuwSguPQGn
1tA3FxKi8oA0pmSNEB4ush,Beast Mode,ASH DA HERO,2XKXvzE0lpnqHcqu5l2lyT,Beast Mode,50,250500,,180,0.68,0.4,0.51,-5.8,True,english,https://open.spotify.com/track/1tA3FxKi8oA0pmSNEB4ush
2RsShydzDibzoTjDpIfeka,Beast Mode,"Bigg K, Starboy X",5yJXxi9MBH75WUgA0UV7Kw|0Fvud1OrUvlMHqxbEGmtnj,Beast Mode,50,147857,,96,0.72,0.44,0.77,-10.3,True,english,https://open.spotify.com/track/2RsShydzDibzoTjDpIfeka
0HBYptBUJX7NBm82ogaw1y,Beast Mode,Eric Thomas,5URFLvsIMbJIqmQL36FmvW,Dr. Thomas,50,306431,,156,0.43,0.61,0.72,-8.8,True,english,https://open.spotify.com/track/0HBYptBUJX7NBm82ogaw1y
0oY1fkOtkjVCyYwpyfR2mH,Beast Mode,"A-Connection, Kirill Babiev, I QUE, Rioux V, Chris Ross",5GLDqFHSidMjNTmwA0FIKB|0JHVbnuyyRsP0ulaVOH2gd|63OXuLbymln9ckQxS54SpV|6Jqz3MnSMdM3zlHrd3UuqH|50WH6sdbWYckTLCQHCP0fR,Beast Mode,50,210492,,168,0.74,0.56,0.46,-11.4,True,english,https://open.spotify.com/track/0oY1fkOtkjVCyYwpyfR2mH
3EvivMCaPvac3q21wzSYDB,Beast Mode,"Grioten, BEXSTMXDE",2UM0Qcw48WXGm5kN5hgpqt|4mCaZaCbYZ89khuj1klYB5,Beast Mode,50,96000,,130,0.89,0.47,0.88,-12.4,True,english,https://open.spotify.com/track/3EvivMCaPvac3q21wzSYDB
4IYOd9ejCTS0lEWvJnzbYe,Beast Mode,Y2,6USsKcAGvRZJwoKdvMznWr,Victor,50,114640,,115,0.6,0.61,0.33,-9.5,True,english,https://open.spotify.com/track/4IYOd9ejCTS0lEWvJnzbYe
3rhLAgdjbaf0545sA8YPep,Beast Mode,Silky,3dlippLcdVGBPKVFhnWXaF,Beast Mode,50,177052,,158,0.86,0.4,0.69,-7.8,True,english,https://open.spotify.com/track/3rhLAgdjbaf0545sA8YPep
14ayC95PkdYBrZPLi4doX1,Beast Mode,Vin Jay,2DQkr7ZMTqNrlz5HcXZeI7,The Human Experience,50,198400,,142,0.6,0.81,0.88,-10.3,True,english,https://open.spotify.com/track/14ayC95PkdYBrZPLi4doX1
7cYQSfAL1zkPkpEaE7FsQu,Beast Mode,B.o.B,5ndkK3dpZLKtBklKjxNQwT,No Genre,50,191866,,123,0.66,0.73,0.5,-11.4,True,english,https://open.spotify.com/track/7cYQSfAL1zkPkpEaE7FsQu
5cJk8TAtzGhewp1JA02SIP,Beast Mode,Shash'U,3sBWJGWhHhb40EfR2AmK5e,Battle Anthems,50,204883,,96,0.46,0.71,0.32,-5.7,True,english,https://open.spotify.com/track/5cJk8TAtzGhewp1JA02SIP
582Iu3rJrn67LKLz4sYtMM,Beast Mode,"EyGee, Hustle House w/ Gio Kay",2M9XF3bFpCAJvYooy6RPyC|7cxlHes1NLJERXmxVhWW1y,Beast Mode,50,139354,,132,0.66,0.79,0.35,-9.8,True,english,https://open.spotify.com/track/582Iu3rJrn67LKLz4sYtMM
7MpLZhVVJABKLq1gxvlQj9,Beast Mode,ASH DA HERO,2XKXvzE0lpnqHcqu5l2lyT,New Chapter,50,250600,,96,0.44,0.74,0.72,-8.5,True,english,https://open.spotify.com/track/7MpLZhVVJABKLq1gxvlQj9
0xTc728aEPooE4F0SW6co4,Beast Mode,Nbhd Nick,0bVFLYmOtn6jqiRlmVnz9w,Go Mode,50,172895,,128,0.4,0.43,0.57,-7.3,True,english,https://open.spotify.com/track/0xTc728aEPooE4F0SW6co4
6SiQlPwEBFEwD6fxeLRw9C,Beast Mode,"TVBOO, Flozone",3T0BepBNnd3kw2m10rh8yW|3SoFUkULAf5goHkXVeppoh,Beast Mode,50,219428,,113,0.86,0.6,0.56,-14.9,True,english,https://open.spotify.com/track/6SiQlPwEBFEwD6fxeLRw9C
6N9nFKVDmUyYAOzHSnqWNp,Beast Mode,Neo Sky,0zILwddBzUDfnMqzd4svQz,Beast Mode,50,160913,,91,0.76,0.25,0.34,-8.7,True,english,https://open.spotify.com/track/6N9nFKVDmUyYAOzHSnqWNp
3z7qOJD7iRW4VquUPhGSIH,Beast Mode,PRACI,4mW1PRTVIA38Yv9ZDezrj5,The Blue Hour,50,164004,,118,0.66,0.89,0.58,-11.9,True,english,https://open.spotify.com/track/3z7qOJD7iRW4VquUPhGSIH
1V2j7PHoF65Ov9UUzzuEPR,Beast Mode,Tsumyoki,19jx3wc1iRshvEKMvzZc1X,This Mixtape Is Garbage,50,173798,,152,0.43,0.83,0.44,-5.6,True,english,https://open.spotify.com/track/1V2j7PHoF65Ov9UUzzuEPR
1bMk013HdX3XLG2RNdkswq,Beast Mode,Ludacris,3ipn9JLAPI5GUEo4y4jcoi,Ludaversal (Deluxe),50,216186,,173,0.4,0.4,0.38,-9.3,True,english,https://open.spotify.com/track/1bMk013HdX3XLG2RNdkswq
7Ad3KXIX38MV2G0O05gLnU,Beast Mode & Its a Goal & Pondy to Karaikal,Hiphop Tamizha,7zFBW2JxM4bgTTKxCRcS8Q,Natpe Thunai (Original Background Score),50,135760,,165,0.66,0.56,0.46,-9.4,True,english,https://open.spotify.com/track/7Ad3KXIX38MV2G0O05gLnU
1bxwPwybN8L3pjb0iLMka0,Beast Mode (Do You Even Lift) Bodybuilding Motivation,Fearless Motivation,1FhamVtJlNqaekPnwxQpbk,Hungry for Success: Motivational Speeches & Workout Music,50,252294,,145,0.82,0.67,0.62,-9.9,True,english,https://open.spotify.com/track/1bxwPwybN8L3pjb0iLMka0
1QPl82ou19QbMdAQdu7bo5,Beast Mode (Do You Even Lift) [Bodybuilding Motivation],Fearless Motivation,1FhamVtJlNqaekPnwxQpbk,Greatest Hits Motivational Speeches,50,252294,,110,0.43,0.72,0.6,-6.4,True,english,https://open.spotify.com/track/1QPl82ou19QbMdAQdu7bo5
1BpPMvfSBaFzPNGoLlm75s,Beast Mode (Do You Even Lift) [Bodybuilding Motivation],Fearless Motivation,1FhamVtJlNqaekPnwxQpbk,10% Human 90% Beast (Gym Motivational Speeches),50,252294,,123,0.45,0.89,0.31,-8.8,True,english,https://open.spotify.com/track/1BpPMvfSBaFzPNGoLlm75s
1aQ58u4guUf999iQX3J2HF,"Beast Mode (From ""Beast"")",Anirudh Ravichander,4zCH9qm4R2DADamUHMCa6O,"Beast Mode (From ""Beast"")",50,220350,,107,0.75,0.72,0.86,-6.8,True,english,https://open.spotify.com/track/1aQ58u4guUf999iQX3J2HF
0kmEIbbAujegNwYpR0Was0,"Beast Mode (From ""Beast"")","Anirudh Ravichander, Sreerama Chandra",4zCH9qm4R2DADamUHMCa6O|2bfyLSCw72lQ5qoD8cdVBB,"Beast Mode (From ""Beast"")",50,220350,,175,0.6,0.32,0.68,-8.5,True,english,https://open.spotify.com/track/0kmEIbbAujegNwYpR0Was0
7MFkiQGd2HdY9nmjHA0nvh,"Beast Mode (From ""Beast"")","Anirudh Ravichander, Sreerama Chandra",4zCH9qm4R2DADamUHMCa6O|2bfyLSCw72lQ5qoD8cdVBB,"Beast Mode (From ""Beast"")",50,220350,,168,0.54,0.34,0.45,-8.2,True,english,https://open.spotify.com/track/7MFkiQGd2HdY9nmjHA0nvh
3cWSJgtbzA6tjfb5Cm868V,"Beast Mode (From ""Beast"")","Anirudh Ravichander, Vivek",4zCH9qm4R2DADamUHMCa6O|25Pa1Vz1ZuTHmXPiYeMcgx,Ultimate Mass Songs - Anirudh Ravichander,50,220350,,104,0.46,0.5,0.55,-13.9,True,english,https://open.spotify.com/track/3cWSJgtbzA6tjfb5Cm868V
460FLlsVLaDLzPTclcuOl4,Beast Mode (Knock You Out),Don Diablo,1l2ekx5skC4gJH8djERwh1,Beast Mode (Knock You Out),50,164761,,143,0.55,0.58,0.78,-9.6,True,english,https://open.spotify.com/track/460FLlsVLaDLzPTclcuOl4
1BpMFyGGx5GIZgqf0roY0C,Beast Mode (Knock You Out),Don Diablo,1l2ekx5skC4gJH8djERwh1,VΞRSIONS,50,164761,,166,0.76,0.61,0.36,-10.3,True,english,https://open.spotify.com/track/1BpMFyGGx5GIZgqf0roY0C
4ehsW1vLE1v3tBHcuPcsCV,Beast Mode (Motivational Speech),"Motiversity, Coach Pain",6lA7cVqwPG8jnz2dXBaWug|0Pin2Ntuy0BMB20U6nZTpO,Legends (Motivational Speeches),50,489155,,92,0.87,0.83,0.8,-10.0,True,english,https://open.spotify.com/track/4ehsW1vLE1v3tBHcuPcsCV
3qySVWzxF1NWOLkCaH9WUX,Beast Mode (Reloaded) [Gym Motivational Speech],Fearless Motivation,1FhamVtJlNqaekPnwxQpbk,10% Human 90% Beast (Gym Motivational Speeches),50,275297,,128,0.59,0.86,0.74,-10.4,True,english,https://open.spotify.com/track/3qySVWzxF1NWOLkCaH9WUX
49keRWQn7HFIAuMRO7clBH,Beast Mode (Symphony),"Rene Rodrigezz, Nina Sofie",74KsNtV6tvDuIwI9V2JfQO|3lJmsswS82rAa5qaOyrICa,Beast Mode (Symphony),50,126967,,115,0.42,0.5,0.89,-14.7,True,english,https://open.spotify.com/track/49keRWQn7HFIAuMRO7clBH
6uZ2KMVvErzH01CL8VGewL,Beast Mode (Thalapathy),Livimusic,48Vj89JRAeiD2cjaysn3nd,Beast Mode (Thalapathy),50,168568,,104,0.57,0.49,0.32,-14.9,True,english,https://open.spotify.com/track/6uZ2KMVvErzH01CL8VGewL
6HOZ80R1rrGUPi2TDSrWkX,Beast Mode (feat. HAUZ RAIDER),"DJ BL3ND, Hauz Raider",13nykZehbewVMKbh6kTGfg|3ajVjsf7ow1Fzz6qvbwtjj,Beast Mode (feat. HAUZ RAIDER),50,237241,,118,0.68,0.26,0.34,-9.8,True,english,https://open.spotify.com/track/6HOZ80R1rrGUPi2TDSrWkX
1AH60dMaEfNjzDoUIFwIQi,Beast Mode (feat. PnB Rock & YoungBoy Never Broke Again),"A Boogie Wit da Hoodie, PnB Rock, YoungBoy Never Broke Again",31W5EY0aAly4Qieq6OFu6I|21WS9wngs9AqFckK7yYJPM|7wlFDEWiM5OoIAt8RSli8b,The Bigger Artist,50,258158,,175,0.68,0.82,0.5,-14.2,True,english,https://open.spotify.com/track/1AH60dMaEfNjzDoUIFwIQi
1thlr6rqN7mSvwTwnzkonQ,Beast Mode Activated,A X S T X T I C,6McZ2lhMSnIuEhP2Et7Cgm,Beast Mode Activated,50,162160,,167,0.59,0.44,0.85,-10.0,True,english,https://open.spotify.com/track/1thlr6rqN7mSvwTwnzkonQ
0awCt4Q7IaGCs27134GrXh,Beast Mode Entry Theme - South Indian Style,Melody Masters,1KHs9blSkhJ0RGsw4UZK74,South Indian Cinematic BGM (South Indian Style),50,125942,,122,0.54,0.54,0.71,-9.8,True,english,https://open.spotify.com/track/0awCt4Q7IaGCs27134GrXh
2WPGzW5X9qBZ5XmSKdUvoQ,Beast Mode ON,NIK MUSIC,4E1p7fsMFrl6RYu3uEexV6,Beast Mode ON,50,107839,,147,0.66,0.67,0.47,-11.9,True,english,https://open.spotify.com/track/2WPGzW5X9qBZ5XmSKdUvoQ
3SKZ4orZCvqD0OuYTdetsS,Beast Mode On,Rosh Blazze,6XU4oi1JLNMmpTmwRzMFDP,Beast Mode On,50,186976,,115,0.48,0.79,0.43,-6.6,True,english,https://open.spotify.com/track/3SKZ4orZCvqD0OuYTdetsS
3710TxKXjidPszPbr1E7he,Beast Mode On,Orkestral Studio,2BVFod60BdkHiUOEXfFVcw,Beast Mode On,50,220919,,159,0.62,0.68,0.41,-7.4,True,english,https://open.spotify.com/track/3710TxKXjidPszPbr1E7he
6SNBAsKVMtaxtMa4MjZBfl,Beast Mode On,Workout Prodigy,4YSYgOI8ezmxsy2oZfJaB6,"Beast Mode Workout: Top 12 Workout Songs 2021 Beast Mode On, Beast Workout Music",50,145000,,179,0.78,0.22,0.54,-9.1,True,english,https://open.spotify.com/track/6SNBAsKVMtaxtMa4MjZBfl
3p5aeGZCAHXj9e0nBdq2aE,Beast Mode On,Ekaantar,5UPTA1D6M8QRLbXsAB7d7v,Beast Mode On,50,267200,,110,0.5,0.37,0.89,-9.4,True,english,https://open.spotify.com/track/3p5aeGZCAHXj9e0nBdq2aE
0fNSINrIg0GF9r5nh5adWH,Beast Mode Trending Upbeat Version,"Raja Kumari, Thaman S",5cBFMoMgcAt03YL2r0tS25|2FgHPfRprDaylrSRVf1UlN,Beast Mode Trending Upbeat Version,50,81777,,107,0.52,0.2,0.86,-9.4,True,english,https://open.spotify.com/track/0fNSINrIg0GF9r5nh5adWH
6K4HbLEr41S1C5u1W5Iqmh,Beast Mode Trending Upbeat Version,"Raja Kumari, Thaman S",5cBFMoMgcAt03YL2r0tS25|2FgHPfRprDaylrSRVf1UlN,1 Min Insta Viral Mix,50,81777,,114,0.76,0.82,0.34,-6.2,True,english,https://open.spotify.com/track/6K4HbLEr41S1C5u1W5Iqmh
5nTGipGeVJ6SXks1ux2oZs,Beast Mode: ON,IllRiz,1JeHDCjlskDD5zONNED2Qw,Rise & Grind,50,116719,,126,0.45,0.66,0.75,-11.2,True,english,https://open.spotify.com/track/5nTGipGeVJ6SXks1ux2oZs
73C0hkGncJ7eWKCk07ReyI,Beast Workout Music,Workout Prodigy,4YSYgOI8ezmxsy2oZfJaB6,"Beast Mode Workout: Top 12 Workout Songs 2021 Beast Mode On, Beast Workout Music",50,138000,,92,0.57,0.38,0.66,-9.2,True,english,https://open.spotify.com/track/73C0hkGncJ7eWKCk07ReyI
122xraObnhSzcSyZNveNyA,Beast mode,Iron Faith,2Esysj4xSNPhqRaJcqS6v8,Beast mode,50,97918,,158,0.77,0.89,0.78,-8.0,True,english,https://open.spotify.com/track/122xraObnhSzcSyZNveNyA
6Wz6Rz9RYqDYUIOU0x8czX,BeastMode,Burna Bandz,6wyGyjn9ixZDXBwcapqapJ,Compact Burna,50,129071,,158,0.45,0.41,0.31,-6.8,True,english,https://open.spotify.com/track/6Wz6Rz9RYqDYUIOU0x8czX
6yMiMpRVMjSKUN4ClxU9i8,Beastmode,"Yellow Claw, Stoltenhoff",47z7ZrgFoBvVpCnElCE3Zh|6HKR0MHpgba3ZRBXYfPiq0,"Amsterdam Trap Music, Vol. 3",50,192904,,167,0.78,0.68,0.63,-5.4,True,english,https://open.spotify.com/track/6yMiMpRVMjSKUN4ClxU9i8
1xwPVbZHkNcpLipTJ9XeCr,Beastmode,Nine Vicious,6Rs7Ufqb4h0FTuVg6wlqOy,Tumblr Music,50,186268,,93,0.54,0.42,0.85,-8.6,True,english,https://open.spotify.com/track/1xwPVbZHkNcpLipTJ9XeCr
4c0cLqLajvbc3QDSOOJMnC,Beastmode,J€AN-MARC,4fWycrqzvhT6RfU76M5kSh,Die Trying,50,163966,,109,0.57,0.41,0.52,-6.0,True,english,https://open.spotify.com/track/4c0cLqLajvbc3QDSOOJMnC
5oFNTOPx7Zwqi36F4Mnpnh,Beastmode,Teminite,5EEuae5uigQnwgYCl0s8EF,Inception,50,321221,,161,0.44,0.63,0.43,-11.3,True,english,https://open.spotify.com/track/5oFNTOPx7Zwqi36F4Mnpnh
4IVQk7xcPnE8nXDgQ76TsB,Beggin' - Hardtekk,Akuran,3KYkpZVYpR6FCUQN0psyvP,Beggin' (Hardtekk),50,138975,,126,0.46,0.68,0.86,-10.2,True,english,https://open.spotify.com/track/4IVQk7xcPnE8nXDgQ76TsB
6Y5y3TL2lPktaVYXqU5OwQ,Best Bollywood Gym Mix 2026,Hot Beat Universe,4wC7SuWGv5zxNixbErqGyO,BOLLYWOOD WORKOUT,50,127239,,125,0.44,0.33,0.37,-9.1,True,hindi,https://open.spotify.com/track/6Y5y3TL2lPktaVYXqU5OwQ
0MSKQcmCfFE56pZSgOIGIZ,Best Me - Train Hard Mix,"FITNESS HITS 2018, Fitness & Workout Hits 2019, Disco Fitness Crew",2lfxdF1M0a0FAernvS1NrK|1pBenZndhL0P8r1TjrRwLy|13UO96YgXmc0Eqj1MacNcv,Fitness Training Music,50,195346,,113,0.4,0.8,0.38,-6.5,True,english,https://open.spotify.com/track/0MSKQcmCfFE56pZSgOIGIZ
7hl86Kt21Fw2K36OM6oRXX,Beto’s Horns - fred remix,"Fred again.., CA7RIEL & Paco Amoroso",4oLeXFyACqeem2VImYeBFe|6I8TDGeUmmLom8auKPzMdX,USB,50,226222,,153,0.7,0.77,0.43,-5.3,True,english,https://open.spotify.com/track/7hl86Kt21Fw2K36OM6oRXX
0gHProQhPc0YQ2pDfGuIjn,Bexley .Road,"Baggh-e SMG, BIG KAY SMG, Farmaan SMG",4eu7AyzvnafwOygTQlfAMu|0z4Mzficie9vUzDmz4Hy9G|3yXzSYXBOTZ0m1QAfjlzKK,Bexley .Road,50,170322,,164,0.86,0.33,0.83,-12.7,True,hindi,https://open.spotify.com/track/0gHProQhPc0YQ2pDfGuIjn
6cUM4yawhVYPXArGp6eWJe,Bhaag Milkha Bhaag,"Shankar-Ehsaan-Loy, Arif Lohar",0L5GV6LN8SWWUWIdBbTLTZ|1zs5AOsqD2b0YfmGNfWni4,Bhaag Milkha Bhaag (Original Motion Picture Soundtrack),50,269769,,138,0.47,0.77,0.5,-9.6,True,hindi,https://open.spotify.com/track/6cUM4yawhVYPXArGp6eWJe
7r6kUCULFHBFQrClvU1t8x,"Bhaag Milkha Bhaag (From ""Bhaag Milkha Bhaag"") - 130 BPM",Shankar-Ehsaan-Loy,0L5GV6LN8SWWUWIdBbTLTZ,Workout Bollywood Style: 60 Mins Non Stop Mix,50,225013,,156,0.44,0.44,0.78,-14.7,True,hindi,https://open.spotify.com/track/7r6kUCULFHBFQrClvU1t8x
0KtHnXQjYkHNDsjTX3XqLc,Bhaag Milkha Bhaag - Rock Version,"Shankar-Ehsaan-Loy, Siddharth Mahadevan",0L5GV6LN8SWWUWIdBbTLTZ|7hwEGO7U6JwQ7M1teoO8GW,Bhaag Milkha Bhaag (Original Motion Picture Soundtrack),50,279461,,147,0.65,0.83,0.3,-14.8,True,hindi,https://open.spotify.com/track/0KtHnXQjYkHNDsjTX3XqLc
0uOkGz28RqfTm38MtUkfEj,Bhagavan - Rap,"The Prophecy, Sathyan",5ywxKcfcwMKClOyz1d0IF9|2L5oss58ihgLZWOepBEHbI,Aadhi Bhagavan (Original Motion Picture Soundtrack),50,222846,,171,0.74,0.68,0.58,-10.1,True,english,https://open.spotify.com/track/0uOkGz28RqfTm38MtUkfEj
6edRXWtwDAjHaUQaSVeN0y,Bhang,"Rouble Malhi, Dhillon Preet, Gavy Dhaliwal",6F5oEUYCdD1xWW9uAcqoj8|71tTLs7TPY8PB6t7bc461R|0Fz8lO3JBWoZRprqgNos8e,Bhang,50,232408,,163,0.76,0.42,0.4,-5.9,True,hindi,https://open.spotify.com/track/6edRXWtwDAjHaUQaSVeN0y
4wFTZ2tTmaXyHAaBdCkmbF,Bhang,Gopi Longia,11xVQwDq4SMw5791vgJNRE,Longia Cassette,50,254835,,178,0.48,0.42,0.67,-10.3,True,hindi,https://open.spotify.com/track/4wFTZ2tTmaXyHAaBdCkmbF
3rFzNjg2VqC0fBXH13p3Fi,Bhang (Weed),"Karan Aujla, Elly Mangat, Deep Jandu",6DARBhWbfcS9E4yJzcliqQ|1AQswtUT2D149M5GgdyYMv|2RJawMqX9ESxws2KMtHyP3,Bhang (Weed),50,214645,,134,0.85,0.44,0.67,-9.6,True,hindi,https://open.spotify.com/track/3rFzNjg2VqC0fBXH13p3Fi
0lsZBA5Wll4EiVfNmkzvlU,Bhang Chad Gayi (DJ Remix),Aditya,2pYrQHomX3jGxYrgRPKMKs,Bhang Chad Gayi (DJ Remix),50,166681,,157,0.52,0.32,0.47,-5.3,True,hindi,https://open.spotify.com/track/0lsZBA5Wll4EiVfNmkzvlU
7cirOp62325Nvr8sZ0pbC6,Bhang De Paane,"Intense, Sidhu Moose Wala, Sharan Panesar",0OS0NZnK7TGIAWx8MkWNFN|4PULA4EFzYTrxYvOVlwpiQ|18DYXawldHiOuzrEtqkpwf,Exhale,50,256750,,101,0.6,0.87,0.45,-7.4,True,hindi,https://open.spotify.com/track/7cirOp62325Nvr8sZ0pbC6
1JTDSEyewEX9CTEcZnOcRX,Bhangra,Dzp,5Nkd6PHu2lOqCnCboV3x3D,Bhangra - Single,50,333913,,151,0.8,0.46,0.38,-6.9,True,hindi,https://open.spotify.com/track/1JTDSEyewEX9CTEcZnOcRX
30Qet6PoYItRirpfhkz9mP,Bhangra,Nathu Lal,06Zv7k6VyoAq0ExNpOizbr,Dhol With Bhangra Beats,50,483451,,104,0.73,0.49,0.52,-9.6,True,hindi,https://open.spotify.com/track/30Qet6PoYItRirpfhkz9mP
1ocL5ouJDpuG0atlopuokX,Bhangra,"Gupsy Aujla, Saini Surinder",2rhwFTzdAKfjQV4xu1vNbc|0JGdgoANcWQaOAKBbBUw98,Bhangra,50,280653,,117,0.68,0.8,0.39,-6.1,True,hindi,https://open.spotify.com/track/1ocL5ouJDpuG0atlopuokX
0ZzwBaMrGHFwfFsD0fqEY1,Bhangra,Jitender Kapoor,25LS5UsDBU7dcxOjlb39Py,Dhol,50,538357,,152,0.83,0.3,0.87,-8.4,True,hindi,https://open.spotify.com/track/0ZzwBaMrGHFwfFsD0fqEY1
4iJQGTRnYJtskgAUvZbPJ2,Bhangra,Gurkirpal Surapuri,5bZRRlMWB5gozkSAKwMCK3,Step Up,50,239093,,170,0.5,0.67,0.65,-7.1,True,hindi,https://open.spotify.com/track/4iJQGTRnYJtskgAUvZbPJ2
0zOCoUQRlNKijjzHVmxr8F,Bhangra,Aatma Singh,5VykI7BclTaPnHQVcrJEE2,A Complete Dhol Album Vol 1,50,429905,,172,0.77,0.33,0.74,-8.4,True,hindi,https://open.spotify.com/track/0zOCoUQRlNKijjzHVmxr8F
4kgyE1CnWHuVJ9V2O7pTfF,Bhangra,Sarbjit Cheema,67MuCsoVbUNiltSTIzIq9E,Sone Di Chirhi,50,278866,,134,0.76,0.35,0.64,-9.3,True,hindi,https://open.spotify.com/track/4kgyE1CnWHuVJ9V2O7pTfF
4fNvK8ZcqK6NCMqBblr73J,Bhangra,Malik,4sEcx9wubbX4TLdaCQTqGI,Bhangra,50,154806,,145,0.46,0.77,0.85,-9.7,True,hindi,https://open.spotify.com/track/4fNvK8ZcqK6NCMqBblr73J
488sSxrkZaogukjicJ3GL7,Bhangra,Sushila Thakhar,4aH7LSlcbqiIKgvYnpEOoq,Hits Of Sushila Takhar,50,190120,,159,0.46,0.49,0.51,-7.3,True,hindi,https://open.spotify.com/track/488sSxrkZaogukjicJ3GL7
13gAGUrvjIEQoc9fmXcMgY,Bhangra - Konaefiz Remix,"Konaefiz, Dzp",7d2PyJyMVaEv9R4Uq3bzOr|5Nkd6PHu2lOqCnCboV3x3D,Bhangra (Konaefiz Remix),50,292173,,117,0.86,0.86,0.59,-7.5,True,hindi,https://open.spotify.com/track/13gAGUrvjIEQoc9fmXcMgY
0SLQbwOhbFGyURuTYGakwm,Bhangra - Mandragora Remix,"Dzp, Mandragora",5Nkd6PHu2lOqCnCboV3x3D|2AasvmwafZPTgQANaoLoQY,Bhangra (Mandragora Remix),50,219130,,100,0.84,0.59,0.38,-13.8,True,hindi,https://open.spotify.com/track/0SLQbwOhbFGyURuTYGakwm
0DKq1N78sBXmpckrE118F5,Bhangra Banger,B.O.T.H Beats,16SWa5TlylxSf21GQDIxnv,Bhangra Banger,50,288500,,90,0.79,0.24,0.66,-12.0,True,hindi,https://open.spotify.com/track/0DKq1N78sBXmpckrE118F5
2GQJpgmDYQ9RHTMTyvAoAq,Bhangra Bass,Dj Nikhil Martyn,1W9vvzOvlWRUXUWIp7YuTj,Bhangra Bass,50,189596,,136,0.5,0.44,0.87,-5.9,True,hindi,https://open.spotify.com/track/2GQJpgmDYQ9RHTMTyvAoAq
4wVJhpW29Iaw1u0q9fb20z,Bhangra Beat 1.0 - Exclusive,Dk Musix,4kQ9YMaOu6GH0WnL6Tezic,Bhangra Beat 1.0 (Exclusive),50,89919,,180,0.41,0.47,0.8,-12.0,True,hindi,https://open.spotify.com/track/4wVJhpW29Iaw1u0q9fb20z
3iEHu7o0e09X8QC1r0mazD,Bhangra Beat 2.0 - Radio Edit,Dk Musix,4kQ9YMaOu6GH0WnL6Tezic,Bhangra Beat 2.0 (Radio Edit),50,102620,,123,0.64,0.88,0.61,-7.3,True,hindi,https://open.spotify.com/track/3iEHu7o0e09X8QC1r0mazD
6gTmoYWY0v9A6IxD9cMdky,Bhangra Beat 3.0 - Special Version,Dk Musix,4kQ9YMaOu6GH0WnL6Tezic,Bhangra Beat 3.0 (Special Version),50,128051,,166,0.45,0.86,0.63,-14.0,True,hindi,https://open.spotify.com/track/6gTmoYWY0v9A6IxD9cMdky
1RVCCU90JBRTj6Dj80d5sI,"Bhangra Beat Chaal on Dhol, Dholak & Thad Drum 85 BPM",Dhol Enforcement Agency,0X4rcgjKc7ItRJbCbFQPlX,"Instrumen-Dhols (Audio Tracks & Smashing Bhangra Rhythm Loops for DJ's, Music Producers and World Music Lovers)",50,123062,,161,0.43,0.89,0.68,-7.2,True,hindi,https://open.spotify.com/track/1RVCCU90JBRTj6Dj80d5sI
48IP9xEBSesk3qiqIxfGOV,Bhangra Beats,"A Kumar, S Kumar",1gBId8jYYeDPjLeA2M9Wog|2h4UwTXPKjgkZRyZnAdzZ7,Dhol,50,342622,,128,0.6,0.23,0.51,-8.6,True,hindi,https://open.spotify.com/track/48IP9xEBSesk3qiqIxfGOV
5kwaoEk8LjaiuHg32K0I9u,Bhangra Bistar,"Pritam, Alisha Chinai, Sunidhi Chauhan, Rap by: Hard Kaur, Jaideep Sahni",1wRPtKGflJrBx9BmLsSwlU|4mBxoO0pAcMbAwuTcrcLMc|3eDT9fwXKuHWFvgZaaYC5v|0Gfj0PkjtZRsL13hxNoUuh|5kPOMQZvgkAEnRZqwn9SYQ,Dil Bole Hadippa,50,284029,,100,0.47,0.89,0.74,-11.6,True,hindi,https://open.spotify.com/track/5kwaoEk8LjaiuHg32K0I9u
5HWO1PUGYenSCafFlmjhJW,"Bhangra Bistar (From ""Dil Bole Hadippa"")","Pritam, Alisha Chinai, Sunidhi Chauhan, Rap by: Hard Kaur, Jaideep Sahni",1wRPtKGflJrBx9BmLsSwlU|4mBxoO0pAcMbAwuTcrcLMc|3eDT9fwXKuHWFvgZaaYC5v|0Gfj0PkjtZRsL13hxNoUuh|5kPOMQZvgkAEnRZqwn9SYQ,30 Hits of Pritam,50,284029,,128,0.86,0.67,0.8,-13.9,True,hindi,https://open.spotify.com/track/5HWO1PUGYenSCafFlmjhJW
5gAQdC81G2u866RBVCKtA2,Bhangra Blast,DJ Kamal Supreme,5Oir5zMAdY6S88DH0brPwb,Bhangra Supreme Workout & Dance Party,50,303040,,146,0.7,0.78,0.86,-7.9,True,hindi,https://open.spotify.com/track/5gAQdC81G2u866RBVCKtA2
6xsLZ8YYQ30wjeq6sFQrt9,Bhangra Boliyan,"Gurman Birdi, Tumbi, Dhol",2EjZiKdIUlGjPwmU0wh1O8|3qth5vzV75A8dlNADhmBMR|6ZUKVL7XZ91TJIR8iGia5z,Bhangra Boliyan,50,376084,,163,0.62,0.58,0.53,-10.7,True,hindi,https://open.spotify.com/track/6xsLZ8YYQ30wjeq6sFQrt9
3U66zluERAaxtlbSkAhBvc,Bhangra Boliyan (The Folk Project) [feat. Pukhraz],"Jasraj Lailna, Pukhraz",3KGl7vdsY5z9HAcLg3k6E7|1MbpPuHGQ3MokDM48u2fIS,Bhangra Boliyan (The Folk Project) [feat. Pukhraz],50,544000,,141,0.52,0.45,0.81,-10.2,True,hindi,https://open.spotify.com/track/3U66zluERAaxtlbSkAhBvc
02DPibwhdEZ6JSsGjX0zPr,Bhangra Challenge,"Groovy K, Gurlez Akhtar, PBN",3CVSilbBjktoYHjchkt6US|55kkrbuMkdzPGD7YGA6xrJ|0VzfZ6oTUwavynHoN4Uuxf,Bhangra Challenge,50,170000,,109,0.57,0.89,0.69,-6.4,True,hindi,https://open.spotify.com/track/02DPibwhdEZ6JSsGjX0zPr
6JaXjrbBBGgSPXPjMZ5FJW,Bhangra Dance Party – Punjabi Beats and Vocals,Etrusco Music,4VzyTvL95u5TWVHnZWWcg4,Punjabi Bhangra Groove – High-Energy Dance Music from India,50,241119,,166,0.76,0.8,0.35,-7.3,True,hindi,https://open.spotify.com/track/6JaXjrbBBGgSPXPjMZ5FJW
0ZisD9lIt0hB2JUmtpJCh0,Bhangra Dance | PUNJABI BHANGRA DANCE | Dj Remix,DjKrishna Maithleshwar Bazar,6g6Lbs234fMDu5jiyireLw,Bhangra Dance | PUNJABI BHANGRA DANCE | Dj Remix,50,325688,,168,0.62,0.74,0.46,-12.9,True,hindi,https://open.spotify.com/track/0ZisD9lIt0hB2JUmtpJCh0
1tBELgB3z712ELcnnnvUDQ,Bhangra Dhol Beat,UBHI,4qBHFuGBI3KbJnO6b9GzWr,Bhangra Dhol Beat,50,163988,,104,0.53,0.75,0.3,-5.2,True,hindi,https://open.spotify.com/track/1tBELgB3z712ELcnnnvUDQ
3izsU40lQvO0pvDjNjhrAz,Bhangra Fever,Midival Punditz,7GmnD2XZleQw8PPzRJV7FY,MIDIval PunditZ,50,298453,,90,0.49,0.57,0.64,-6.9,True,hindi,https://open.spotify.com/track/3izsU40lQvO0pvDjNjhrAz
282TQN2qgRYA3hbb5eNV0U,Bhangra Gidha,Nimrat Khaira,0ea0y5ZxnN5TbEDzNtx5Fk,Bhangra Gidha,50,193811,,110,0.5,0.3,0.64,-14.3,True,hindi,https://open.spotify.com/track/282TQN2qgRYA3hbb5eNV0U
070yAoOPspFtE8IRuRriQd,Bhangra Happy Dance,DJ Kamal Supreme,5Oir5zMAdY6S88DH0brPwb,Bhangra Supreme Workout & Dance Party,50,345273,,105,0.9,0.86,0.44,-9.1,True,hindi,https://open.spotify.com/track/070yAoOPspFtE8IRuRriQd
4mnH1EroJHI7RzQtbIArez,Bhangra In Pain,"Kadir Thind, Desi Routz",1W6lUyj6Un9u5kwtlTF7WI|1PPuO6mkbUFNCEh6uU0i71,Bhangra In Pain,50,200423,,163,0.73,0.75,0.51,-13.2,True,hindi,https://open.spotify.com/track/4mnH1EroJHI7RzQtbIArez
0U3UGFAI6Dhjb74aKXYTFG,Bhangra Jatti Ne,"Goldy Goraya, Happy Raikoti, Deep Jandu",0RXzWhWPKdlH1HDs1soFM0|6q71Xu33Q9DBhLFSUCLMUM|2RJawMqX9ESxws2KMtHyP3,Bhangra Jatti Ne,50,246217,,143,0.66,0.61,0.3,-13.1,True,hindi,https://open.spotify.com/track/0U3UGFAI6Dhjb74aKXYTFG
2cmRT2bDKK0SsZBIYC0MDm,Bhangra Mashup,"AMMAN A, Sukshinder Shinda, Gubi Sandhu, RDB",0vzNzeWYXtKFtrhsfc4nN7|6Mp7fezR1NJNc7tnybKo18|5vP0yNmVPkBJ5g2YkhFR0b|17dThZkTlOa35pmzuunKAz,Bhangra Mashup,50,186101,,141,0.44,0.78,0.87,-8.7,True,hindi,https://open.spotify.com/track/2cmRT2bDKK0SsZBIYC0MDm
4gyhilwZbIRjJw9fspQE4a,Bhangra Mega Mix (2010 Edit),"Azaad, Badd Company, The Sahotas, Apna Sangeet, Mahendra Kapoor, Premi, Chirag Pehchan",32YafXKnkZOPyT95mRmfLH|4VpVdLBLTx4gD2jOItyB7U|53uZbzOi2ceEDzIboUIx7Y|7wtD7lCYoQJKvNcQYWhNXn|6MoG33ssSzwwE3YJS4e6hu|7LNb4jBhoGgy4ciSrGSpuV|3x6cxfCkvAlVjBtINjBBmp,The Best Of Extra Hot,50,376133,,176,0.74,0.44,0.62,-14.7,True,hindi,https://open.spotify.com/track/4gyhilwZbIRjJw9fspQE4a
4cRD4uETsBGimWDK6LYZp9,Bhangra Meri Jaan,"June Atlas, Aman Singh",0rYVJzaDQIIEj7imSRmYde|7g4hyHiTQsuHaH94v6s5yr,धक-धक-धक,50,131114,,130,0.68,0.21,0.31,-10.1,True,hindi,https://open.spotify.com/track/4cRD4uETsBGimWDK6LYZp9
6tgbSV6xbHcfw5YHlAuaaR,Bhangra Pa Laiye,"Gippy Grewal, Mannat Noor",5kvGYraWFlXs2Jbt1Kphn8|0TxBLummgAxRkxn21HrLDp,Carry on Jatta 2 (Original Motion Picture Soundtrack),50,213351,,105,0.52,0.62,0.89,-8.6,True,hindi,https://open.spotify.com/track/6tgbSV6xbHcfw5YHlAuaaR
5vFcJNYDXYHmk2cQoWzC6J,"Bhangra Pa Laiye - From ""Carry on Jatta 2""","Gippy Grewal, Mannat Noor",5kvGYraWFlXs2Jbt1Kphn8|0TxBLummgAxRkxn21HrLDp,"Bhangra Pa Laiye (From ""Carry on Jatta 2"")",50,213351,,94,0.56,0.81,0.51,-5.1,True,hindi,https://open.spotify.com/track/5vFcJNYDXYHmk2cQoWzC6J
3npVRDMMhvjFpy6bkWVjiQ,Bhangra Paa Laiye,"Babbu Maan, Sadhana Sargam, Bhavdeep",2ENaPFnsKa9MlutVokd6es|1HGMG8RHvcu1mfdM9MeTek|3UWQi3bhFi0OdNZonfpbcJ,Hawayein,50,264053,,179,0.77,0.61,0.58,-6.8,True,hindi,https://open.spotify.com/track/3npVRDMMhvjFpy6bkWVjiQ
6iaeNdqfKWNPmq2tytQdka,Bhangra Paa Le,"Mandy Gill, Sudesh Bhosle, Mohammed Aziz, Sadhana Sargam",2mbkpLzdE6LBPs8LzX748h|7GNoTWm5VObvMUeS0Wkueu|3vXBH4XwXSLM1YIrRBt98k|1HGMG8RHvcu1mfdM9MeTek,Bhangra Paa Le (Original Motion Picture Soundtrack),50,183991,,132,0.6,0.59,0.52,-13.4,True,hindi,https://open.spotify.com/track/6iaeNdqfKWNPmq2tytQdka
3W7pPcIy8RHXZicize1Bun,Bhangra Paa Le,"Udit Narayan, Anuradha Sriram",70B80Lwx2sxti0M1Ng9e8K|5ObQXIcqKtQENK14lQyqiy,Bhangra Mix,50,283636,,115,0.46,0.34,0.51,-15.0,True,hindi,https://open.spotify.com/track/3W7pPcIy8RHXZicize1Bun
0epzHVuAjSBUpIktfEdwIl,Bhangra Paale,"Sonu Nigam, Saru Maini, Jayesh",1dVygo6tRFXC8CSWURQJq2|2aupKeGoVN7i30DP7wuvm1|7twuFWvJCkVBZRcaE5MT0z,Anthony Kaun Hai?,50,333853,,128,0.71,0.63,0.3,-13.2,True,hindi,https://open.spotify.com/track/0epzHVuAjSBUpIktfEdwIl
4MSdRYiBFcGtOBQ11B0EHj,Bhangra Pao Mitro,"DJ Sanj, Balwinder Matewaria, Lil' Sach",1kfqHPfj8yygKGMD3NrDE5|1sd0YV3qxJfFl4giH07KOR|6Q8OYFXKoUDOzLYzayj8Uh,Death Jamm 2004,50,254413,,146,0.72,0.25,0.46,-8.3,True,hindi,https://open.spotify.com/track/4MSdRYiBFcGtOBQ11B0EHj
3auKBnBXkUuaWDDY7kdGMB,Bhangra Paun De,Babbu Maan,2ENaPFnsKa9MlutVokd6es,Hashar (Original Motion Picture Soundtrack),50,263093,,162,0.78,0.56,0.57,-8.2,True,hindi,https://open.spotify.com/track/3auKBnBXkUuaWDDY7kdGMB
7B2wRrdMFTpGEMx9BPe6Eq,Bhangra Paun Nu,"Malkit Singh, Golden Star",79V1EiUrtTyJHQNSKXZC7X|3k69Az3he5Dt8aLyA22rMk,Millenium Mixes (Greates Hits Recreated),50,332802,,134,0.65,0.89,0.79,-12.0,True,hindi,https://open.spotify.com/track/7B2wRrdMFTpGEMx9BPe6Eq
4Rr53jCAq1mO5lzyc6tvJF,Bhangra Paun Nu,"Malkit Singh, Golden Star",79V1EiUrtTyJHQNSKXZC7X|3k69Az3he5Dt8aLyA22rMk,Best of Malkit Singh,50,332802,,125,0.66,0.33,0.34,-12.7,True,hindi,https://open.spotify.com/track/4Rr53jCAq1mO5lzyc6tvJF
2Qscw34fmOUBD29KtzKZ95,Bhangra Paundi,"PBN, Sharky P, Manpreet Toor",0VzfZ6oTUwavynHoN4Uuxf|0EJZ6MODW9Hl1lt5VGGCYJ|1hQQJOBmyH61hpBlag0nsW,Bhangra Paundi,50,199565,,152,0.62,0.78,0.51,-5.5,True,hindi,https://open.spotify.com/track/2Qscw34fmOUBD29KtzKZ95
2mhSZ98C4zR5DvQ4XjxQiF,"Bhangra Pouna (From ""1971"")","Kailash Kher, Akash Sagar Chopra, Dev Kohli",4oVMLzAqW6qhRpZWt8fNw4|0UbWKfMANscm6YjWIy3pnP|1U5027vxufoyJfrbXGSLAz,"Bhangra Pouna (From ""1971"")",50,154399,,150,0.55,0.47,0.49,-13.6,True,hindi,https://open.spotify.com/track/2mhSZ98C4zR5DvQ4XjxQiF
7yDhnSwkE0hCR5xWO8RJWD,Bhangra Power Sprint,Music For Workout Rhythm,0i3egZwkhMQiEaIIEwp6fc,Workout Music Bollywood,50,179959,,119,0.78,0.81,0.45,-11.9,True,hindi,https://open.spotify.com/track/7yDhnSwkE0hCR5xWO8RJWD
0gNpwQScCtfaTgRK7KuGKP,Bhangra Punjabiyan Ne,"Popsy, Lehmber Hussainpuri",2ziaRtlqMqFL3juTXJ7uZy|7w4cOzDZ5rfomlKHfunmbV,Bangin,50,259173,,100,0.49,0.75,0.55,-8.8,True,hindi,https://open.spotify.com/track/0gNpwQScCtfaTgRK7KuGKP
6Wz3G0HAgFgsyWF17CDtKV,Bhangra Reggae (Instrumental),DJ Juggy,2Y2wCQJHBWEr1X5ALFoc1i,Bhangra Reggae (Instrumental),50,203978,,119,0.62,0.42,0.75,-11.5,True,hindi,https://open.spotify.com/track/6Wz3G0HAgFgsyWF17CDtKV
2ghklJ66PdO55dVOW9HXrq,Bhangra Shuru Kar,"June Atlas, Riya Kakkar",0rYVJzaDQIIEj7imSRmYde|2J8Vt4SYmYF39aaSShoObO,धक-धक-धक,50,131114,,173,0.54,0.58,0.68,-10.3,True,hindi,https://open.spotify.com/track/2ghklJ66PdO55dVOW9HXrq
2HNzLD9SV3LoOGf8PA4GNJ,Bhangra Ta Sajda (No One Gives A Damn!),"Neha Kakkar, Shashwat Sachdev, Romy",5f4QpKfy7ptCHwTqspnSJI|465OXuCU8YZNmVG1leLwQ9|0bRPtPZQkWHeG7MGk9eWlh,Veere Di Wedding (Original Motion Picture Soundtrack),50,226554,,161,0.83,0.49,0.83,-6.0,True,hindi,https://open.spotify.com/track/2HNzLD9SV3LoOGf8PA4GNJ
62pVDeHwM7neh7MSPoPQ7F,Bhangra Ta Sajda (No One Gives A Damn!),"Neha Kakkar, Shashwat Sachdev, Romy",5f4QpKfy7ptCHwTqspnSJI|465OXuCU8YZNmVG1leLwQ9|0bRPtPZQkWHeG7MGk9eWlh,The Neha Kakkar Collection,50,226554,,180,0.74,0.82,0.58,-5.7,True,hindi,https://open.spotify.com/track/62pVDeHwM7neh7MSPoPQ7F
3pAJOX7nnbEVieGG8HN8jI,Bhangra Ta Sajda (No One Gives A Damn!),"Neha Kakkar, Shashwat Sachdev, Romy",5f4QpKfy7ptCHwTqspnSJI|465OXuCU8YZNmVG1leLwQ9|0bRPtPZQkWHeG7MGk9eWlh,The Bollywood Wedding Collection,50,226554,,134,0.67,0.83,0.44,-7.6,True,hindi,https://open.spotify.com/track/3pAJOX7nnbEVieGG8HN8jI
2s4ch6fOJ2hQxDufN56wcp,Bhangra Te Giddha,Hardev Mahinangal,4TZ1G5M0Poz2VoUBErUtLA,Mishri,50,274360,,140,0.87,0.77,0.86,-14.0,True,hindi,https://open.spotify.com/track/2s4ch6fOJ2hQxDufN56wcp
5yCsjmD4d0dV7Xi9r5uNO4,Bhangra Thok K,Babbal Rai,5LFXPuKD97Sp9qdkxYBfDn,Bhangra Thok K,50,147954,,141,0.6,0.72,0.4,-13.9,True,hindi,https://open.spotify.com/track/5yCsjmD4d0dV7Xi9r5uNO4
1F6hA8FxRWNFw0QSG3wxmv,"Bhangra Vibes, Pt. 1",IDMedia,7vJIn9kD48T7cHslwNqmtl,"Bhangra Vibes, Pt. 1",50,734779,,94,0.58,0.87,0.38,-14.6,True,hindi,https://open.spotify.com/track/1F6hA8FxRWNFw0QSG3wxmv
1wtuGXN2XDqHFcSyRpbUiq,Bhangra Vs Hip-Hop,Ashqe,6vV6ql7DBA8IZcbL2Xinlb,Bhangra Vs Hip-Hop,50,246693,,100,0.46,0.88,0.47,-8.5,True,hindi,https://open.spotify.com/track/1wtuGXN2XDqHFcSyRpbUiq
3a7urmkupSmOdnYDCWooJj,Bhangra in Trap,"Bhallwaan, Daljeet Chahal",3FxW0tkjSNrYa2RvxqNKMG|5hsk207hlLQShvs9BkolVl,Bhangra in Trap,50,205000,,135,0.86,0.82,0.4,-6.9,True,hindi,https://open.spotify.com/track/3a7urmkupSmOdnYDCWooJj
4E1WPXaeO4xp8qJTPtqav6,Bhangre,Jazzy B,25bvyjHJAszeSV3q0TmEhY,Stayin' Real,50,290826,,117,0.86,0.58,0.46,-10.7,True,hindi,https://open.spotify.com/track/4E1WPXaeO4xp8qJTPtqav6
7FC9O73JdANKRiAPDp97np,Bhangre,"Surinder Baba, Heer",2eW35UrhtVBHelo42tEMdg|6RBxGu3WDcW6F6Av1FoUUS,Bhangre,50,227045,,145,0.66,0.51,0.82,-5.4,True,hindi,https://open.spotify.com/track/7FC9O73JdANKRiAPDp97np
0no2mfxQtxrkWHWTPPWLqi,Bhangre Da King,"Sarbjit Cheema, Gurlez Akhtar, Aman Hayer",67MuCsoVbUNiltSTIzIq9E|55kkrbuMkdzPGD7YGA6xrJ|2BbbmzjRFPhzLWrLQxvlus,Bhangre Da King,50,205333,,152,0.62,0.3,0.74,-14.3,True,hindi,https://open.spotify.com/track/0no2mfxQtxrkWHWTPPWLqi
63MJtqJzEMaXQA7YiPbGXy,Bhangre De Vich Jihra,"Ravinder Grewal, Surpreet Soni",4gn7lpmSZArcwh09lfScUd|1KB9zwaCkYfUj1hdXLIPHD,Gulabi Pag Ban Mittra,50,333223,,175,0.43,0.71,0.32,-8.5,True,hindi,https://open.spotify.com/track/63MJtqJzEMaXQA7YiPbGXy
6jCjT8ofAHfTtehu7GR4N2,Bhangre Pai Jande,Gurpreet Randhawa,3uB5zQEcpSgthO42DwPcH9,Dance Mood,50,250400,,138,0.9,0.72,0.61,-11.5,True,hindi,https://open.spotify.com/track/6jCjT8ofAHfTtehu7GR4N2
7lVLdXkw9r0nOQc60TivQH,Bhangre’ch,"Jassi Sidhu, PBN",2VXIKojJeuVC7NyOQs4JlE|0VzfZ6oTUwavynHoN4Uuxf,Everything Changes But You,50,179679,,174,0.55,0.35,0.67,-11.7,True,hindi,https://open.spotify.com/track/7lVLdXkw9r0nOQc60TivQH
6dt4ixucbhBwYa95Wy9IwZ,Big Bad Beast,Anirudh Ravichander,4zCH9qm4R2DADamUHMCa6O,Beast (Original Background Score),50,92160,,127,0.58,0.57,0.72,-9.7,True,english,https://open.spotify.com/track/6dt4ixucbhBwYa95Wy9IwZ
5YHukecBkdTF37570nTEvy,Bittersweet Symphony - Cardio + Running Workout Mix,Workout Music,5njMahLKD1tLJ5bejvqseV,Cardio + Running Instrumental Workout,50,194977,,136,0.84,0.4,0.5,-10.9,True,english,https://open.spotify.com/track/5YHukecBkdTF37570nTEvy
2qEnrYvNL6VUxayv9JRTpU,Black Or White - Workout Remix 128 Bpm,Workout Music Tv,0k5KeG8St6LiePh5blOwwl,40 Best Aerobic & Cardio Songs Ever 90s Hits For Fitness & Workout (Unmixed Compilation for Fitness & Workout 128 - 142 Bpm / 32 Count),50,212343,,92,0.88,0.34,0.5,-13.0,True,english,https://open.spotify.com/track/2qEnrYvNL6VUxayv9JRTpU
2k0q2NKCuV3IZSwS4ANgYV,Blame (Cardio Workout Remix),DJ Keen,4qvArXhnLauGZ5BBmJ3MJS,"Cardio Hitmix! All Hits 3 (140-155 BPM, 32-Count, Nonstop Fitness & Workout)",50,148653,,131,0.84,0.44,0.43,-5.9,True,english,https://open.spotify.com/track/2k0q2NKCuV3IZSwS4ANgYV
7BrT36ag4qIEq4qdkpEU3S,Blame (Workout Remix),DJ Keen,4qvArXhnLauGZ5BBmJ3MJS,"Fitness Power Hour, All Hits Workout (32-Count Nonstop Cardio Music Mix @ 135 BPM)",50,213333,,113,0.52,0.7,0.5,-6.2,True,english,https://open.spotify.com/track/7BrT36ag4qIEq4qdkpEU3S
10t6mnBQBXlFtw4V6p4Xgx,Blinding Lights,DOGGY K.,4vyvs4Yqr4i1VnwBmry0dn,Blinding Lights,50,152571,,154,0.64,0.7,0.5,-6.7,True,english,https://open.spotify.com/track/10t6mnBQBXlFtw4V6p4Xgx
5tS8DSWB2UFSZwSyH9mv8p,Blood,"Ravi Basrur, Dabzee, Rohith Siddappa, Vinayak Sasikumar",2q1LRGJHpFxovU8Tz6OgRn|2JJKoRrK7Eec7jlcjFB7sc|6gGKW0XAgIiSlr7ZOnLjbR|51jfCC7m2rTGPDz06E2nvS,Marco (Original Motion Picture Soundtrack),50,209767,,134,0.44,0.74,0.7,-7.7,True,english,https://open.spotify.com/track/5tS8DSWB2UFSZwSyH9mv8p
3xL2AKY8SOp9waD6qX8AS9,Blood In My Lungs Cardio Workout Music,Hot Beat Universe,4wC7SuWGv5zxNixbErqGyO,AM IN BEAST MODE Workout Music 2026 – Gym Motivation Songs V1,50,195039,,113,0.58,0.6,0.88,-12.1,True,english,https://open.spotify.com/track/3xL2AKY8SOp9waD6qX8AS9
1CkjmpV5HjJFfaV43euCla,Bloodline,"K.S Makhan, Divrose, Shevv",0O35NR0LgBXsui6L5VOOq3|2vozhmDOGI7uIqNM1v7GHE|2EQoFz6owAP4ATr5hGFRok,Bloodline,50,160000,,116,0.7,0.71,0.79,-9.3,True,hindi,https://open.spotify.com/track/1CkjmpV5HjJFfaV43euCla
6Gi6Mk97a7V8wjS4iAMt44,Blue (Da Ba Dee) - Workout Remix 140 bpm,Hard EDM Workout,6A1PIjKax3t1iZQ4VKOegQ,Aerobic Super Hits 70s - 80s - 90s: 60 Minutes Mixed for Fitness & Workout 140 bpm/32 Count,50,164570,,168,0.7,0.71,0.52,-9.3,True,english,https://open.spotify.com/track/6Gi6Mk97a7V8wjS4iAMt44
58VF2K8Q2Vn2zGsoqscQtE,Bollywood,Akhil,6zZrFenNe3YPttxZsnQQs1,Do Gabru - Diljit Dosanjh & Akhil,50,155755,,132,0.6,0.25,0.65,-7.1,True,hindi,https://open.spotify.com/track/58VF2K8Q2Vn2zGsoqscQtE
0PufUcQ1wHZfUz9RGnuQvF,Bollywood,Akhil,6zZrFenNe3YPttxZsnQQs1,Bollywood,50,155755,,115,0.55,0.4,0.41,-10.9,True,hindi,https://open.spotify.com/track/0PufUcQ1wHZfUz9RGnuQvF
4P7RGijvPF441hSTd1bTSJ,Bollywood - Workout Playlist,Gym time,67xGewNqNsNsiBi3Z5iapS,Fitness Club Playlist – Let's Move Workout Playlist ideal for Running Cardio,50,212857,,132,0.48,0.75,0.64,-7.1,True,hindi,https://open.spotify.com/track/4P7RGijvPF441hSTd1bTSJ
1A0PYTqpQPXqTFDxIc5K0f,Bollywood Active Vibes – Workout Motivation,Hot Beat Universe,4wC7SuWGv5zxNixbErqGyO,BOLLYWOOD WORKOUT,50,181359,,110,0.61,0.69,0.89,-5.6,True,hindi,https://open.spotify.com/track/1A0PYTqpQPXqTFDxIc5K0f
3CFRNfAIbPx08nCG1hxcsu,Bollywood Beat-Driven Workout – Dance + Fitness,Hot Beat Universe,4wC7SuWGv5zxNixbErqGyO,BOLLYWOOD WORKOUT,50,112199,,137,0.73,0.33,0.64,-9.6,True,hindi,https://open.spotify.com/track/3CFRNfAIbPx08nCG1hxcsu
61NzGm0Vb5Rdsf8ssF7NK2,Bollywood Beats Workout Playlist 2026,Hot Beat Universe,4wC7SuWGv5zxNixbErqGyO,BOLLYWOOD WORKOUT,50,102479,,92,0.7,0.43,0.4,-13.7,True,hindi,https://open.spotify.com/track/61NzGm0Vb5Rdsf8ssF7NK2
57p1EFxk82hvINCLRbuiZa,Bollywood Body Sculpt – Workout Anthems 2026,Hot Beat Universe,4wC7SuWGv5zxNixbErqGyO,BOLLYWOOD WORKOUT,50,137119,,175,0.53,0.89,0.59,-6.8,True,hindi,https://open.spotify.com/track/57p1EFxk82hvINCLRbuiZa
6QMmiVA2muEoaGjQMLsuIo,Bollywood Burn: Workout Hits 2025,Hot Beat Universe,4wC7SuWGv5zxNixbErqGyO,BOLLYWOOD WORKOUT,50,204959,,150,0.57,0.68,0.41,-10.1,True,hindi,https://open.spotify.com/track/6QMmiVA2muEoaGjQMLsuIo
0vXPsUpoiB6HSd2M9RWqe8,Bollywood Cardio Blast – Dance Workout Mix,Hot Beat Universe,4wC7SuWGv5zxNixbErqGyO,BOLLYWOOD WORKOUT,50,145479,,102,0.86,0.23,0.67,-7.0,True,english,https://open.spotify.com/track/0vXPsUpoiB6HSd2M9RWqe8
0ypCT1dov67Epa1B65cpBc,Bollywood Dance Fitness 2025 – Cardio Energy,Hot Beat Universe,4wC7SuWGv5zxNixbErqGyO,BOLLYWOOD WORKOUT,50,242199,,101,0.48,0.58,0.54,-11.1,True,english,https://open.spotify.com/track/0ypCT1dov67Epa1B65cpBc
7pl2fxf8Rcz6mC7l12Ytp2,Bollywood Endurance Mix – HIIT & Cardio Edition,Hot Beat Universe,4wC7SuWGv5zxNixbErqGyO,BOLLYWOOD WORKOUT,50,106879,,139,0.72,0.67,0.58,-9.1,True,hindi,https://open.spotify.com/track/7pl2fxf8Rcz6mC7l12Ytp2
4IntpAorNH5uWfZsG0PTyY,Bollywood Energy Workout Playlist – Pump Mode,Hot Beat Universe,4wC7SuWGv5zxNixbErqGyO,BOLLYWOOD WORKOUT,50,174959,,123,0.88,0.31,0.7,-5.8,True,hindi,https://open.spotify.com/track/4IntpAorNH5uWfZsG0PTyY
06LNeM0IaZluFGfp5B7QUM,Bollywood Fit Frenzy – Ultimate Gym Mix,Hot Beat Universe,4wC7SuWGv5zxNixbErqGyO,BOLLYWOOD WORKOUT,50,163319,,110,0.5,0.33,0.51,-7.5,True,hindi,https://open.spotify.com/track/06LNeM0IaZluFGfp5B7QUM
0g0JDarrEYysvrQjrdHCem,Bollywood Fit Rhythms – Cardio & HIIT,Hot Beat Universe,4wC7SuWGv5zxNixbErqGyO,BOLLYWOOD WORKOUT,50,131839,,160,0.67,0.75,0.3,-14.4,True,english,https://open.spotify.com/track/0g0JDarrEYysvrQjrdHCem
62TXOKGlZA0gNjJ8Wn5Lxy,Bollywood Fitness Fusion – Dance Workout Mix,Hot Beat Universe,4wC7SuWGv5zxNixbErqGyO,BOLLYWOOD WORKOUT,50,205839,,103,0.64,0.2,0.3,-13.4,True,hindi,https://open.spotify.com/track/62TXOKGlZA0gNjJ8Wn5Lxy
5nkkXFjTvSxq5HfHOUytnz,Bollywood Fitness Party – Dance Workout 2026,Hot Beat Universe,4wC7SuWGv5zxNixbErqGyO,BOLLYWOOD WORKOUT,50,92479,,119,0.76,0.81,0.81,-14.7,True,hindi,https://open.spotify.com/track/5nkkXFjTvSxq5HfHOUytnz
0ZcRMN1BfY3VbdbOLVvitV,Bollywood Flashback Mashup - Remix,Akhil Talreja,2sooU8QkzRKYA84prJPtS4,Bollywood Flashback Mashup (Remix),50,215486,,176,0.48,0.44,0.82,-13.5,True,hindi,https://open.spotify.com/track/0ZcRMN1BfY3VbdbOLVvitV
3uv5rZIYljpShfCn75jjWY,Bollywood Gym Anthems – Power Beats 2026,Hot Beat Universe,4wC7SuWGv5zxNixbErqGyO,BOLLYWOOD WORKOUT,50,141759,,163,0.4,0.46,0.82,-13.7,True,hindi,https://open.spotify.com/track/3uv5rZIYljpShfCn75jjWY
2BX72ivUZdsOWPrcOs87R1,Bollywood HIIT & Sweat – Gym Motivation 2026,Hot Beat Universe,4wC7SuWGv5zxNixbErqGyO,BOLLYWOOD WORKOUT,50,114919,,179,0.73,0.57,0.63,-11.7,True,hindi,https://open.spotify.com/track/2BX72ivUZdsOWPrcOs87R1
31lUu6RbNoAxsnOt74o3SJ,Bollywood Muscle Motion – Gym Motivation Mix,Hot Beat Universe,4wC7SuWGv5zxNixbErqGyO,BOLLYWOOD WORKOUT,50,110879,,168,0.42,0.51,0.4,-5.8,True,hindi,https://open.spotify.com/track/31lUu6RbNoAxsnOt74o3SJ
62nhdvK1Zly0WmIIioLiT6,Bollywood Nonstop 2022,"Neeraj Shridhar, Yo Yo Honey Singh, Kanika Kapoor, Vishal-Shekhar, Nakash Aziz, Sachet Tandon, Badshah, Meet Bros., Javed Ali, Zahrah S Khan",3tHD07u1ON4uHxmnT9rwqZ|7uIbLdzzSEqnX0Pkrb56cR|6qcIg4IPLulyc03mWR87N8|6Mv8GjQa7LKUGCAqa9qqdb|4kq8z3vydHjPDggxb16ErB|6WOdPJmexxFINcKMkP2jMG|0y59o4v8uw5crbN9M3JiL1|0qpsFfOT3SmdGmnyV6rOhS|4W91bbPB2CTSsHwt7eqNl7|7C5xVXoqim1TICnCMZ9A6P,Bollywood Nonstop 2022,50,2073335,,147,0.42,0.42,0.75,-9.0,True,hindi,https://open.spotify.com/track/62nhdvK1Zly0WmIIioLiT6
6mqF9bFtBiUfaKTrtAO4CQ,Bollywood Party Disco (Mashup),"Monali Thakur, Sonu Nigam, Nikhita Gandhi, Alka Yagnik, Udit Narayan, Chandana Dixit, Abhijeet",2o4R2rK7FetH40HTv0SUWl|1dVygo6tRFXC8CSWURQJq2|3tPQOjkxO3mrYrrgkTeXgH|3gBKY0y3dFFVRqicLnVZYz|70B80Lwx2sxti0M1Ng9e8K|49ZlTVpGT3NxLkTRpPcYO2|2ZRrPOjBIWoKK5rHedLijj,Bollywood Party Disco (Mashup),50,142702,,115,0.54,0.58,0.49,-5.1,True,hindi,https://open.spotify.com/track/6mqF9bFtBiUfaKTrtAO4CQ
0nPGoihAYC1C07X1ManYQZ,Bollywood Power Play Workout 2026,Hot Beat Universe,4wC7SuWGv5zxNixbErqGyO,BOLLYWOOD WORKOUT,50,137759,,149,0.77,0.3,0.39,-14.4,True,hindi,https://open.spotify.com/track/0nPGoihAYC1C07X1ManYQZ
7bGLque5PIDTNvZS80sfdZ,Bollywood Power Workout – High Energy Hits,Hot Beat Universe,4wC7SuWGv5zxNixbErqGyO,BOLLYWOOD WORKOUT,50,119959,,136,0.52,0.71,0.31,-13.3,True,hindi,https://open.spotify.com/track/7bGLque5PIDTNvZS80sfdZ
1NkXACDm7WErYhXU9y4dag,Bollywood Pump-Up Mix – Fitness Beats 2026,Hot Beat Universe,4wC7SuWGv5zxNixbErqGyO,BOLLYWOOD WORKOUT,50,114919,,127,0.74,0.56,0.78,-5.4,True,hindi,https://open.spotify.com/track/1NkXACDm7WErYhXU9y4dag
31kaKZ3c5gjftFSlHRL5m0,Bollywood Strength Session – Power Gym Playlist,Hot Beat Universe,4wC7SuWGv5zxNixbErqGyO,BOLLYWOOD WORKOUT,50,140559,,105,0.84,0.84,0.46,-9.0,True,hindi,https://open.spotify.com/track/31kaKZ3c5gjftFSlHRL5m0
5lUlrPhlOc2YbC4mqt8odR,Bollywood Sweat & Shine – Best Workout Vibes,Hot Beat Universe,4wC7SuWGv5zxNixbErqGyO,BOLLYWOOD WORKOUT,50,134879,,93,0.49,0.52,0.73,-6.9,True,hindi,https://open.spotify.com/track/5lUlrPhlOc2YbC4mqt8odR
0rqJHglWcyoS5494w2MWdd,Bollywood Sweat Session – Gym Beats 2026,Hot Beat Universe,4wC7SuWGv5zxNixbErqGyO,BOLLYWOOD WORKOUT,50,148559,,128,0.44,0.73,0.58,-9.0,True,hindi,https://open.spotify.com/track/0rqJHglWcyoS5494w2MWdd
7fH9ndK5DOPJN0moowHfUd,Bollywood Turbo Workout – Fast Beat Mix,Hot Beat Universe,4wC7SuWGv5zxNixbErqGyO,BOLLYWOOD WORKOUT,50,135439,,135,0.76,0.73,0.79,-9.8,True,hindi,https://open.spotify.com/track/7fH9ndK5DOPJN0moowHfUd
6awUnysE17VKh0cguY4JUu,Bollywood Workout - Top Workout Songs,Workout Mafia,23ntGzyFWMbFIkI8fOCGBo,#35 Body Toning Workout Exercise Music,50,187200,,141,0.44,0.22,0.44,-12.7,True,hindi,https://open.spotify.com/track/6awUnysE17VKh0cguY4JUu
3O4lJHzGDMCJtERjB57CNy,Bollywood Workout 2026 3 Hour High Energy Bhangra & Dhol Bass (Gym & Cardio),Sing Dance,6ivusS0C5XL6kXx7Fc7NS5,Bollywood Workout 2026 3 Hour High Energy Bhangra & Dhol Bass (Gym & Cardio),50,9637999,,105,0.8,0.68,0.86,-10.6,True,hindi,https://open.spotify.com/track/3O4lJHzGDMCJtERjB57CNy
5QvOtzHGSz6jGuw5Q4helx,Bollywood Workout Classics – All-Time Hits,Hot Beat Universe,4wC7SuWGv5zxNixbErqGyO,BOLLYWOOD WORKOUT,50,123719,,139,0.52,0.39,0.66,-12.3,True,hindi,https://open.spotify.com/track/5QvOtzHGSz6jGuw5Q4helx
6xNNo6R4YpUX17eFh5CfpI,Bollywood Workout Fuel – Gym Energy Mix,Hot Beat Universe,4wC7SuWGv5zxNixbErqGyO,BOLLYWOOD WORKOUT,50,167879,,106,0.44,0.68,0.46,-12.1,True,hindi,https://open.spotify.com/track/6xNNo6R4YpUX17eFh5CfpI
0NTqKkADRxJbIcWycnV5p6,Bollywood Workout Groove – High Energy Edition,Hot Beat Universe,4wC7SuWGv5zxNixbErqGyO,BOLLYWOOD WORKOUT,50,126679,,127,0.51,0.41,0.3,-11.2,True,hindi,https://open.spotify.com/track/0NTqKkADRxJbIcWycnV5p6
5jVw8ctcZcieMmFE7RHvv6,Bollywood Workout Hits & Beats – Desi Fitness Mix,Hot Beat Universe,4wC7SuWGv5zxNixbErqGyO,BOLLYWOOD WORKOUT,50,119919,,137,0.46,0.68,0.63,-11.7,True,hindi,https://open.spotify.com/track/5jVw8ctcZcieMmFE7RHvv6
4AxFXXfHiTkKQsmaJeIR11,Bollywood Workout Marathon – Cardio & Pump,Hot Beat Universe,4wC7SuWGv5zxNixbErqGyO,BOLLYWOOD WORKOUT,50,141679,,177,0.55,0.55,0.73,-6.8,True,hindi,https://open.spotify.com/track/4AxFXXfHiTkKQsmaJeIR11
1ehmrs47XK5zbTjcamUWjr,Bollywood Workout Replay – Dance & Fitness,Hot Beat Universe,4wC7SuWGv5zxNixbErqGyO,BOLLYWOOD WORKOUT,50,129639,,120,0.89,0.35,0.81,-8.4,True,hindi,https://open.spotify.com/track/1ehmrs47XK5zbTjcamUWjr
3F2c658d8T1cwjJVx6eG6S,Bollywood Workout Rush – Ultimate Gym Playlist,Hot Beat Universe,4wC7SuWGv5zxNixbErqGyO,BOLLYWOOD WORKOUT,50,149519,,171,0.82,0.21,0.33,-11.7,True,hindi,https://open.spotify.com/track/3F2c658d8T1cwjJVx6eG6S
2EK59Uye8jggue1mEQJsr0,Bollywood Workout Soundtrack – Fitness Motivation,Hot Beat Universe,4wC7SuWGv5zxNixbErqGyO,BOLLYWOOD WORKOUT,50,176679,,152,0.68,0.48,0.82,-11.4,True,hindi,https://open.spotify.com/track/2EK59Uye8jggue1mEQJsr0
25w0dbxbGbOwQy8tYEVhIu,Bollywood Workout Warriors – Desi Gym Beats,Hot Beat Universe,4wC7SuWGv5zxNixbErqGyO,BOLLYWOOD WORKOUT,50,223239,,135,0.88,0.74,0.56,-14.1,True,hindi,https://open.spotify.com/track/25w0dbxbGbOwQy8tYEVhIu
2kXIxiEy4zv9RAeb4jB12P,Bollywood Workout: High BPM – Desi Gym Playlist,Hot Beat Universe,4wC7SuWGv5zxNixbErqGyO,BOLLYWOOD WORKOUT,50,99319,,176,0.6,0.72,0.81,-12.3,True,hindi,https://open.spotify.com/track/2kXIxiEy4zv9RAeb4jB12P
7rMqbvNImA6wy8lxlNUMmj,Bolo Har Har Har,"Mithoon, Mohit Chauhan, Sukhwinder Singh, Badshah, Megha Sriram Dalton, Anugrah, Sandeep Shrivastava",09UmIX92EUH9hAK4bxvHx6|5GnnSrwNCGyfAU4zuIytiS|19MVxKZZdPj2X0F8pi0OCT|0y59o4v8uw5crbN9M3JiL1|2KhDedackjZfysiu7T7AwN|1ZCPRtzF2CRFnP9OYHQGmN|7qATomOqJzoJiuEpAaxOXd,Shivaay,50,294331,,104,0.88,0.26,0.83,-7.3,True,hindi,https://open.spotify.com/track/7rMqbvNImA6wy8lxlNUMmj
6J6xYP2Jivtw0XOU7qsg7J,"Bolo Har Har Har (Remix By Veronika,Mafiya Munda)","Mithoon, Mohit Chauhan, Sukhwinder Singh, Badshah, Megha Sriram Dalton, Anugrah, Sandeep Shrivastava",09UmIX92EUH9hAK4bxvHx6|5GnnSrwNCGyfAU4zuIytiS|19MVxKZZdPj2X0F8pi0OCT|0y59o4v8uw5crbN9M3JiL1|2KhDedackjZfysiu7T7AwN|1ZCPRtzF2CRFnP9OYHQGmN|7qATomOqJzoJiuEpAaxOXd,Bolo Har Har Har (Remix),50,275476,,94,0.46,0.76,0.59,-5.8,True,hindi,https://open.spotify.com/track/6J6xYP2Jivtw0XOU7qsg7J
3LfC6Pd5y0HdVct1VaHM92,Booty - Bali Bandits Remix / Radio Edit,"Jennifer Lopez, Iggy Azalea, Bali Bandits",2DlGxzQSjYe5N6G9nkYghR|5yG7ZAZafVaAlMTeBybKAL|1GcKPo3HglflWJSV683pHx,Booty (Bali Bandits Remix),50,217500,,105,0.4,0.24,0.49,-8.1,True,english,https://open.spotify.com/track/3LfC6Pd5y0HdVct1VaHM92
0qiqfNcnpu5rUOcDVUln1z,Booty Fitness 144BPM (Hiit Mix 30-10),CROSSFIT WORKOUT,25dYdNv02BZie634eo6Ezm,High Intensity Training,50,81330,,170,0.48,0.84,0.72,-14.3,True,english,https://open.spotify.com/track/0qiqfNcnpu5rUOcDVUln1z
4XxfOvudrnBRdlgzEaq1sd,Born to Shine,Diljit Dosanjh,2FKWNmZWDBZR4dE5KX4plR,G.O.A.T.,50,213333,,97,0.64,0.28,0.54,-9.8,True,hindi,https://open.spotify.com/track/4XxfOvudrnBRdlgzEaq1sd
5bDH3l22AecoG6BVY8v6jy,Boss,"Meet Bros Anjjan, Yo Yo Honey Singh, Kumaar",5isfxZ3RSdBlSLn3cSFhnI|7uIbLdzzSEqnX0Pkrb56cR|0m3D4grap8VFSzbJMqgNVk,Boss,50,288084,,119,0.8,0.56,0.66,-8.3,True,hindi,https://open.spotify.com/track/5bDH3l22AecoG6BVY8v6jy
182oydQrAcJKapAyP9Lfv6,Bounce (Tabata Remix),The Body Rockerz,4nRYBGEEhU10JomZgZepas,"Tabata Workout 2017, Club Sounds & Remixes",50,253871,,161,0.49,0.38,0.41,-12.5,True,english,https://open.spotify.com/track/182oydQrAcJKapAyP9Lfv6
6Wdlg4UpKjtqpQBwSXRsWQ,Boys of Summer - Running Mix,Workout Music,5njMahLKD1tLJ5bejvqseV,80's Running Workout,50,229617,,102,0.7,0.85,0.43,-11.3,True,english,https://open.spotify.com/track/6Wdlg4UpKjtqpQBwSXRsWQ
3vH4aud67KbfcqdftkNHNY,Brazilian Gym,Dj Shazam Beat,7AMnkOsva6q2bwVpS9Y2CD,Brazilian Gym,50,111774,,169,0.62,0.35,0.58,-14.1,True,english,https://open.spotify.com/track/3vH4aud67KbfcqdftkNHNY
465trOM7WtCKqhG0RvThca,Break The Pattern,"Ryutqc, NORWXXD REAPER",7fxB8uAWWQ29AB57wnIgGM|3oxiXufY6THRJU8j3YV9JF,Break The Pattern,50,96200,,135,0.4,0.8,0.56,-5.7,True,english,https://open.spotify.com/track/465trOM7WtCKqhG0RvThca
7p4bw6krDAKUfCCpyRyoe5,Breathe In (feat. Ruby Prophet),"Old Jim, Ruby Prophet",6v2YWK8EvCyut0QtBcAypu|5FstVfk3PrX8URfpjUjqcp,Breathe In (feat. Ruby Prophet),50,178023,,145,0.52,0.63,0.56,-8.1,True,english,https://open.spotify.com/track/7p4bw6krDAKUfCCpyRyoe5
17ZzjTsuJ6s8rJLAM5TLv9,Broken Dreams,King,5NHm4TU5Twz7owibYxJfFU,Desi Gym Pump Music,50,197351,,94,0.9,0.25,0.33,-5.9,True,hindi,https://open.spotify.com/track/17ZzjTsuJ6s8rJLAM5TLv9
3uZiNvBNQldjl4OJiKsuxe,Brothers Anthem,"Ajay-Atul, Vishal Dadlani",5fvTHKKzW44A9867nPDocM|6CXEwIaXYfVJ84biCxqc9k,Brothers (Original Motion Picture Soundtrack),50,353669,,149,0.8,0.2,0.67,-13.8,True,english,https://open.spotify.com/track/3uZiNvBNQldjl4OJiKsuxe
2GXtQv2mcxUY7HOa6PDadQ,Brown Munde - Bhangra Mix,Nick Dhillon,0NoS2kDSOwTtTCcI7BXMx4,Brown Munde (Bhangra Mix),50,256200,,165,0.46,0.53,0.49,-14.7,True,hindi,https://open.spotify.com/track/2GXtQv2mcxUY7HOa6PDadQ
3ZDnsu77LclodweBDclsVn,Brust Mode,"Shiva Choudhary, Sumit Chaliya, Pankaj Gumana, Vaishali Chaudhary Khutail",3KOSRNy74RLnTAFn0u1tmN|6zBwM5gEpZJtcsDv92G328|0RIjib4BtLOfEspTOdwA3C|7eiP8z3qbLJeGay27065aA,Brust Mode,50,163229,,136,0.62,0.61,0.55,-10.7,True,english,https://open.spotify.com/track/3ZDnsu77LclodweBDclsVn
6lHwIvs1ItmvdNIv1xvf81,"BurjKhalifa - From ""Laxmii""","Madhubanti Bagchi, Nikhita Gandhi, DJ Khushi, Shashi",4ojkMVHjuDZgDXSJy5qs2h|3tPQOjkxO3mrYrrgkTeXgH|6xElGyunMSlnuJ2vabDUWA|5EXIQQjCaCnRPJ68SxYURB,Bollywood Workout Hits,50,187570,,131,0.6,0.72,0.38,-11.1,True,hindi,https://open.spotify.com/track/6lHwIvs1ItmvdNIv1xvf81
1TuAiGYL1nJvTfGaHNEX40,"Bus Fight x Powerhouse x Disco (From ""Coolie BGM"")","Anirudh Ravichander, Rajinikanth, Aamir Khan, Arivu",4zCH9qm4R2DADamUHMCa6O|3ds25WkPGxtYxOCrzPS3dz|0Tn7oEmE8zDUR340Doo9zl|7rVV9d6vc4FLT752uRuk71,"Bus Fight X Powerhouse X Disco (From ""Coolie BGM"")",50,177514,,103,0.56,0.26,0.47,-10.6,True,english,https://open.spotify.com/track/1TuAiGYL1nJvTfGaHNEX40
5IBmzzS2HdaTdotjLZutfY,Businessman Theme,"Thaman S, Mahesh Babu, Puri Jagannath",2FgHPfRprDaylrSRVf1UlN|3fHBN4cBo24hLf8jnCUTYK|5qRAnJeG7hK5QaUm79GKhg,Businessman,50,167240,,176,0.57,0.69,0.44,-8.8,True,english,https://open.spotify.com/track/5IBmzzS2HdaTdotjLZutfY
2fyEmPNaBM6QskXBryLV0O,CARDIO,ARMANI DAINE,50RbLXtNX5kN3u0WFpM1g1,CARDIO,50,141095,,162,0.86,0.34,0.41,-11.8,True,english,https://open.spotify.com/track/2fyEmPNaBM6QskXBryLV0O
1lyPSFP7Wrc9Z7943D3074,CARDIO IGNITION,BubitaBEATS,6yF00OJU8qD3pEuoDs4hqy,MUSIC TO EXERCISE,50,127199,,134,0.43,0.61,0.8,-5.6,True,english,https://open.spotify.com/track/1lyPSFP7Wrc9Z7943D3074
0QrZUhZTKFqFtFxUTgY4O2,CLARITY- HARDSTYLE SLOWED - AGARTHA EDIT,"prodByLone, FEARZ",0sai1WQ8h4JvhSz9jgvsRv|10xwd2RQptiwP45TIiBlCE,CLARITY - HARDSTYLE (AGARTHA EDIT),50,120995,,169,0.46,0.65,0.48,-7.8,True,english,https://open.spotify.com/track/0QrZUhZTKFqFtFxUTgY4O2
5kLslvh4mp2jNYjRlJOexu,COOOK PARDON - Hardstyle,"ASCEND, Asentrix",3Vtn4tPlT2mTkh8WvgBLOJ|6B6L5NF8BSmY76RUdtZmu2,COOOK PARDON (Hardstyle),50,90766,,165,0.7,0.28,0.64,-7.0,True,english,https://open.spotify.com/track/5kLslvh4mp2jNYjRlJOexu
4VE8y5DYrkmB0eLNUXeHCm,California Dreamin - Workout Remix 135 bpm,SuperFitness,6L74J3BzylQkJF7rBXTpgT,Aerobic Hits Session 2018: 60 Minutes Mixed Compilation for Fitness & Workout 135 bpm/32 Count,50,197253,,167,0.7,0.86,0.56,-10.3,True,english,https://open.spotify.com/track/4VE8y5DYrkmB0eLNUXeHCm
2WJfznUYTynS1t5sgPdjS4,California Dreamin' - Tek House,The Flashers Brothers,4Rstv7qHepQdvEweZH2Egp,"The Workout Music Serie, Vol. 2: 25 Running and Training Hits",50,212866,,91,0.83,0.35,0.75,-10.0,True,english,https://open.spotify.com/track/2WJfznUYTynS1t5sgPdjS4
41XZHEAkXkFgqcpJaiJNqb,California Dreaming (Cardio Workout Remix),Tayler,2uQ9oMkB23628lyMd8z0DN,"Cardio Hitmix! All Hits 3 (140-155 BPM, 32-Count, Nonstop Fitness & Workout)",50,154866,,158,0.6,0.86,0.86,-7.1,True,english,https://open.spotify.com/track/41XZHEAkXkFgqcpJaiJNqb
53atjTU9UXZZD8K3waEugz,Call Me Maybe (Remix),Cardio Hits! Workout,0spcNDKHmvQq0UpORm8zZN,Workout Cardio 35 Remixed,50,277440,,114,0.76,0.89,0.41,-5.1,True,english,https://open.spotify.com/track/53atjTU9UXZZD8K3waEugz
301hBZV9928SKLN5YXRpQo,Calma - Workout Remix 140 Bpm,Hard EDM Workout,6A1PIjKax3t1iZQ4VKOegQ,Aerobic Latino Hits 2022: 60 Minutes Mixed For Fitness & Workout 140 Bpm / 32 Count,50,192000,,174,0.87,0.33,0.53,-9.2,True,english,https://open.spotify.com/track/301hBZV9928SKLN5YXRpQo
7iOYC0NNkTkzMLpY87gerl,Can You Dance,Anirudh Ravichander,4zCH9qm4R2DADamUHMCa6O,Beast (Original Background Score),50,54000,,173,0.61,0.75,0.58,-10.4,True,english,https://open.spotify.com/track/7iOYC0NNkTkzMLpY87gerl
5hLBqU0gLfIm4OHkVLk7Fg,Can't Get You Out Of My Head,"Alex D'Rosso, Svardh",6gT6Fw0g5nBD3RQiZub7cA|5ej3VmUU1KXMHdBd78563w,Can't Get You Out Of My Head,50,136624,,104,0.57,0.42,0.79,-11.9,True,english,https://open.spotify.com/track/5hLBqU0gLfIm4OHkVLk7Fg
5v2qC8wJybFDR6ueG4uejc,Can't Hold Us - 146 Bpm,MC Joe,1boeLcCbgbqwrnhJzdtFKe,4 Running and Jogging Remixes (30 Workout Hits),50,259896,,118,0.57,0.78,0.61,-12.3,True,english,https://open.spotify.com/track/5v2qC8wJybFDR6ueG4uejc
4SUxM7Pnw7SkIxVI7Golwu,Can't Hold Us - Running Mix 140 BPM,Workout Music,5njMahLKD1tLJ5bejvqseV,Hip Hop Running Workout,50,306895,,113,0.57,0.53,0.33,-7.9,True,english,https://open.spotify.com/track/4SUxM7Pnw7SkIxVI7Golwu
34UMsykm8JzvgXbpM2IfVK,Can't Hold Us - Tabata Remix,Workout Music Tv,0k5KeG8St6LiePh5blOwwl,40 Tabata Hip Hop Hits For Fitness & Workout,50,254375,,173,0.5,0.89,0.4,-13.5,True,english,https://open.spotify.com/track/34UMsykm8JzvgXbpM2IfVK
4IZJ4xnRBJoD3zXUalPxLR,Captain Bhangre Da,Daljit Mattu,3q1Fop6U3KeoTB0xItoXts,Captain Bhangre Da,50,295560,,144,0.68,0.88,0.44,-11.3,True,hindi,https://open.spotify.com/track/4IZJ4xnRBJoD3zXUalPxLR
3sCdCkVglGCFx5ZtOjS4wC,Cardio,Viot,7fld8KFMgCmJlsVOJ1oo4M,Flex/Cardio,50,206360,,160,0.62,0.54,0.55,-11.7,True,english,https://open.spotify.com/track/3sCdCkVglGCFx5ZtOjS4wC
1gsrFaPPIpxsD92lNZHWzG,Cardio,Timmy Trumpet,0CbeG1224FS58EUx4tPevZ,Cardio,50,140184,,126,0.7,0.39,0.55,-5.1,True,english,https://open.spotify.com/track/1gsrFaPPIpxsD92lNZHWzG
5uYntxPVu3iyf6O8BlvxJi,Cardio,Superintendent McCupcakes,4ZxKQWI5s251kx1CZllj6E,Cardio,50,168065,,168,0.5,0.33,0.56,-12.7,True,english,https://open.spotify.com/track/5uYntxPVu3iyf6O8BlvxJi
2XasiGYzPXah3lGazFB2uz,Cardio,"CASH HARDAWAY, 1921 Music Group",3n3hPaZQQfcGPTLxG8rxdn|37YI7y21zIfHRoyOKE2NtB,Cardio,50,176586,,100,0.6,0.26,0.35,-5.8,True,english,https://open.spotify.com/track/2XasiGYzPXah3lGazFB2uz
02Ir1LoMLbWOQlRIOYBHHL,Cardio,ACEJAY,19Zs2gTaaoLPeCqDjnnD9R,Cardio,50,120685,,100,0.54,0.37,0.41,-12.2,True,english,https://open.spotify.com/track/02Ir1LoMLbWOQlRIOYBHHL
5Hjw83KgaBg0WGjG77ZOD7,Cardio,Larissa Lambert,1tM4ox3QsSpl3R2VwLjJ47,Chronosick,50,157414,,164,0.79,0.72,0.79,-6.4,True,english,https://open.spotify.com/track/5Hjw83KgaBg0WGjG77ZOD7
03ecS8ZSHQfVN9nS8pfJ2V,Cardio,Lil' Cheesecake,4A488A8a0Dllo0OED4bBBL,Cardio,50,152453,,123,0.6,0.76,0.3,-12.2,True,english,https://open.spotify.com/track/03ecS8ZSHQfVN9nS8pfJ2V
16LthKCOkStYXNEvGmVHQY,Cardio,Steven Malcolm,5yqWHaDl8ZrYgeKANLyIv8,BOATS,50,216000,,131,0.48,0.4,0.71,-12.2,True,english,https://open.spotify.com/track/16LthKCOkStYXNEvGmVHQY
1xDjf6SfPmKBCcLeWLPmaM,Cardio,Joey Dale,3QjbhhPrW6clls3VPRGkXu,Cardio,50,231308,,105,0.64,0.86,0.55,-12.3,True,english,https://open.spotify.com/track/1xDjf6SfPmKBCcLeWLPmaM
4tT8aXyeAsrq8MA0VmsjfG,Cardio,Larissa Lambert,1tM4ox3QsSpl3R2VwLjJ47,Cardio,50,157414,,104,0.64,0.85,0.69,-11.7,True,english,https://open.spotify.com/track/4tT8aXyeAsrq8MA0VmsjfG
13cfWZjtNNGFOZyeOed9y7,Cardio,"BEAUZ, Robbe, Danny Ores",2Wzb0u138rgoZQTK3ytknT|58imfUscPVwuhuHt1MpBDA|1ngKYk9gnZpMAoaayD6BGY,Cardio,50,163838,,116,0.88,0.82,0.82,-6.5,True,english,https://open.spotify.com/track/13cfWZjtNNGFOZyeOed9y7
0juvflFctifsTrTtzlC5rP,Cardio,Mista Izm,7JfGqHbcihTNHouUxHx1Og,"Expedition, Vol. 14 (Green Patrol)",50,193230,,179,0.5,0.65,0.56,-14.2,True,english,https://open.spotify.com/track/0juvflFctifsTrTtzlC5rP
6mUCOzEocC4ndrzE4IvCYm,Cardio,Kid Chilango,3ZEonc3F1PkHLQLiwmrvd2,Cardio,50,165379,,179,0.62,0.49,0.8,-6.9,True,english,https://open.spotify.com/track/6mUCOzEocC4ndrzE4IvCYm
5nBm8BKSaauvOMLBmDz8Bv,Cardio Blast,"Cardio Workout Crew, Workout Nation, Workout Crew",3XIxhY2S2VX7TEK2PEymnr|0q5IRNW5tD0WZulNvKJJbw|1y6snh5vDCTpEi1fgeXD1c,High Energy,50,236960,,104,0.8,0.7,0.54,-9.0,True,english,https://open.spotify.com/track/5nBm8BKSaauvOMLBmDz8Bv
0w0UQp8SCMoQTyD1AqteBA,Cardio Boss,Gym Music,2m7KAO7EiviB48ITkqTotr,CrossFit Music,50,178240,,174,0.8,0.65,0.65,-8.6,True,english,https://open.spotify.com/track/0w0UQp8SCMoQTyD1AqteBA
6Uyw3i37oQwY1WZQKQVkhZ,Cardio Cardio,33STARS,3tB3GLP9qgjHypCUz2hvDW,Cardio Cardio,50,199200,,137,0.6,0.61,0.78,-5.1,True,english,https://open.spotify.com/track/6Uyw3i37oQwY1WZQKQVkhZ
0Ew0T0086OryQ8QK9ttztB,Cardio Cooldown Stretching Segment (Ambient Cardio Cool Off),Workout Trance,3dlH8i1pYXu3xe9NFnAR60,100 Top Trance Workout Cardio Hits + 1 Hour DJ Mix 2015,50,542117,,157,0.87,0.66,0.77,-12.8,True,english,https://open.spotify.com/track/0Ew0T0086OryQ8QK9ttztB
2DmwiYnaqS63Do17QrOLAg,Cardio Crunch,Marlow Klein,2HDb5r687CaDUgrJ3TDCzL,Power House,50,238153,,168,0.57,0.43,0.44,-12.5,True,english,https://open.spotify.com/track/2DmwiYnaqS63Do17QrOLAg
0KyveAGhXeBMalRKm2QqOB,Cardio Crusher,The Workout Mix,6DwVI5VsQbXwdgobXGRMD9,Cardio Crusher,50,132989,,136,0.66,0.44,0.86,-8.3,True,english,https://open.spotify.com/track/0KyveAGhXeBMalRKm2QqOB
6doKRBNTmRual7zQfWkx9h,Cardio Crusher,"Workout Gym Music, Hardstyle Gym Bro, Gymtech Music",5pag7CDv5G5foCI1rKhU5g|2uaMkR476GI5XRCrHEZ32G|558HWfiY7sU5p2U58ix7I3,EDM Workout Power Boost Music for Lifting Weights and Gym Motivation,50,240024,,112,0.87,0.69,0.74,-13.6,True,english,https://open.spotify.com/track/6doKRBNTmRual7zQfWkx9h
3NvWPglCy75vzxYlRG5HFu,Cardio Dance Workout Session,Chris Physical Trainer,2qMT9LAZwb96MBF5ZtUBbW,"HIIT Training Music: High Intensity Workout Songs, HIIT Workout Mix",50,136145,,148,0.64,0.78,0.4,-13.9,True,english,https://open.spotify.com/track/3NvWPglCy75vzxYlRG5HFu
4sOXvLntppLvauyOXbb53n,Cardio Dance Workout – Best Workout Music,Hot Beat Universe,4wC7SuWGv5zxNixbErqGyO,EDM Workout Gym Hits (Best Workout Music),50,129799,,173,0.46,0.4,0.88,-7.0,True,english,https://open.spotify.com/track/4sOXvLntppLvauyOXbb53n
7LtsrqBQ7tPKCC44lhKw7V,Cardio Exercise 1,CROSSFIT WORKOUT,25dYdNv02BZie634eo6Ezm,Cardio Exercise,50,66666,,179,0.64,0.28,0.33,-13.9,True,english,https://open.spotify.com/track/7LtsrqBQ7tPKCC44lhKw7V
069KZrSKojS21ZIl8SFkWz,Cardio Goals,Workout Music,5njMahLKD1tLJ5bejvqseV,Workout Instrumental,50,165999,,109,0.84,0.5,0.63,-9.9,True,english,https://open.spotify.com/track/069KZrSKojS21ZIl8SFkWz
6DcJHayLls0DSGkerUxj3Y,Cardio Goals,Workout Music,5njMahLKD1tLJ5bejvqseV,Workout Motivation Music,50,165999,,158,0.56,0.64,0.81,-7.1,True,english,https://open.spotify.com/track/6DcJHayLls0DSGkerUxj3Y
0lexLWYoAjd5GU4qmuhcoU,Cardio Groove,"Workout Trance, Workout Music",3dlH8i1pYXu3xe9NFnAR60|5njMahLKD1tLJ5bejvqseV,Workout Music 2026,50,159338,,152,0.65,0.55,0.86,-6.4,True,english,https://open.spotify.com/track/0lexLWYoAjd5GU4qmuhcoU
5IRoXGQMbxK0Ud8KuBS2pC,Cardio Ignition – Best Gym Workout 2026,Hot Beat Universe,4wC7SuWGv5zxNixbErqGyO,Beast Mode Cardio Workout Mix 2026,50,99439,,127,0.76,0.28,0.31,-8.2,True,english,https://open.spotify.com/track/5IRoXGQMbxK0Ud8KuBS2pC
6H6bxsbW08D3atkLr8lfkf,Cardio Mix,Chris Physical Trainer,2qMT9LAZwb96MBF5ZtUBbW,"HIIT Training Music: High Intensity Workout Songs, HIIT Workout Mix",50,185500,,117,0.65,0.21,0.31,-9.6,True,english,https://open.spotify.com/track/6H6bxsbW08D3atkLr8lfkf
7eYRL8uLiXdK4FHKv72seh,Cardio Music — Fast-Paced Tracks for Running & Gym,Vond Ace,5wN2KactkFC6SBoWHqaXvE,Workout Music — High Energy Tracks for Training & Gym,50,259745,,117,0.72,0.2,0.76,-11.0,True,english,https://open.spotify.com/track/7eYRL8uLiXdK4FHKv72seh
6rwCkeJaMNhKfxxGgtuasr,Cardio Nights,Qyrelon,3UNBLIMojnej3AOcBHrLOA,Cardio Nights,50,101280,,93,0.47,0.8,0.47,-12.8,True,english,https://open.spotify.com/track/6rwCkeJaMNhKfxxGgtuasr
1FL2FpkE64GArSwqcroC62,Cardio Power Playlist,Hot Beat Universe,4wC7SuWGv5zxNixbErqGyO,WORKOUT MUSIC 2025 WORKOUT MOTIVATION SONGS GYM BEASTMODE POWER,50,234519,,98,0.5,0.68,0.58,-10.1,True,english,https://open.spotify.com/track/1FL2FpkE64GArSwqcroC62
7pz4UXHa6i4Vp8N9JYu0BN,Cardio Pump,Hot Beat Universe,4wC7SuWGv5zxNixbErqGyO,WORKOUT MUSIC 2025 WORKOUT MOTIVATION SONGS GYM BEASTMODE POWER,50,146639,,171,0.7,0.5,0.6,-11.9,True,english,https://open.spotify.com/track/7pz4UXHa6i4Vp8N9JYu0BN
479fLfhLphVxrL7zk85Cxn,Cardio Rave,Don Dinero,4pIZPo9ICsu4Kiss3ufTVv,Cardio Rave,50,137560,,157,0.69,0.69,0.35,-9.2,True,english,https://open.spotify.com/track/479fLfhLphVxrL7zk85Cxn
4NIdnpM7pZXGNMySe45WK9,Cardio Resonance,DJ ISABX,66hE0SvznPrkWKU000LKo4,Cardio Resonance,50,132440,,109,0.57,0.8,0.87,-11.2,True,english,https://open.spotify.com/track/4NIdnpM7pZXGNMySe45WK9
55k8VviXlZZ6zpRXmcH2du,Cardio Rhythm Boost,"Running 150 BPM, #1 Hits Now, Music for Fitness Exercises, Health & Fitness Music Zone",24OhttT7KfffxFcSENxWUL|4F8Fcr5Ybnqv3r0d1SOV9l|2J09Y46BoKy1FmEZDGWC9U|20lBVn4Oc32HvDI9HkP8Cr,Get Fit With the Beat: Health & Fitness Music Zone,50,200725,,160,0.7,0.78,0.3,-12.7,True,english,https://open.spotify.com/track/55k8VviXlZZ6zpRXmcH2du
7iK005WrroxeL4xab3aY77,Cardio Rush,TONEK ZOOM,0KzGxXh0rrS4csYvUSReFK,Electronic Synthwave Chill,50,174614,,159,0.46,0.4,0.49,-9.7,True,english,https://open.spotify.com/track/7iK005WrroxeL4xab3aY77
51xrc1Yl2Psuzws976L2Wc,Cardio Rush,Gym Motivation Workout,0cxcLM4IUGGEgWSgdMs8go,Run the Beat,50,156300,,97,0.44,0.68,0.75,-7.7,True,english,https://open.spotify.com/track/51xrc1Yl2Psuzws976L2Wc
34UVktsvJdJV0OwSvn70Em,Cardio Rush,Running Playlist,0sTqj3PQtAI4aafSGDCcVU,Running Beats,50,127000,,152,0.79,0.24,0.3,-13.2,True,english,https://open.spotify.com/track/34UVktsvJdJV0OwSvn70Em
4YUQiJLdeTjcrHc5X36mcc,Cardio Shockwave,KRYN ATLAS,6MkJuZdio8Y7uSoNnM0iLE,Voltage Discipline,50,95000,,167,0.73,0.72,0.69,-11.6,True,english,https://open.spotify.com/track/4YUQiJLdeTjcrHc5X36mcc
1kWI0KuHDUnMqRYEL4P99n,Cardio Spectrum,Healing Meditation Zone,0dcDoe2xFLQHM3CyDy6wkp,HRV Optimization,50,240000,,91,0.5,0.21,0.48,-12.5,True,english,https://open.spotify.com/track/1kWI0KuHDUnMqRYEL4P99n
0t1EQ8QJTb9yoqqtFtT5nB,Cardio Tabata Exercise 1 (20-10),CROSSFIT WORKOUT,25dYdNv02BZie634eo6Ezm,Cardio Tabata,50,246666,,143,0.49,0.66,0.65,-5.2,True,english,https://open.spotify.com/track/0t1EQ8QJTb9yoqqtFtT5nB
73RhOamoIr0RugQwpmRfEG,Cardio Tabata Exercise 2 (20-10),CROSSFIT WORKOUT,25dYdNv02BZie634eo6Ezm,Cardio Tabata,50,246666,,160,0.87,0.24,0.73,-7.2,True,english,https://open.spotify.com/track/73RhOamoIr0RugQwpmRfEG
6YuKPqiXeTGEPKLYnLUMGh,Cardio Thunder,Dj Hudddyn,5akxqh5oNGaIMDQutKiqPD,Static To Dynamic,50,157839,,157,0.7,0.35,0.51,-10.1,True,english,https://open.spotify.com/track/6YuKPqiXeTGEPKLYnLUMGh
5Aj425vti6Z3SLlK7KFHu6,Cardio Vibes,Koralux,2B53KqcKgfbu9JoPDA8lQ7,Cardio Vibes,50,188440,,171,0.85,0.44,0.45,-9.6,True,english,https://open.spotify.com/track/5Aj425vti6Z3SLlK7KFHu6
1T23daXySAJAIn09PEZlfz,Cardio Vibes,Qyrelon,3UNBLIMojnej3AOcBHrLOA,Cardio Vibes,50,120880,,178,0.75,0.44,0.67,-12.0,True,english,https://open.spotify.com/track/1T23daXySAJAIn09PEZlfz
1MXttZPTLZkYW23MPR8CAQ,Cardio Workout,Dj Dru,2IwJjE1jYSxMvSVpdUWpnV,The Jersey Club Workout,50,165517,,149,0.59,0.27,0.39,-5.6,True,english,https://open.spotify.com/track/1MXttZPTLZkYW23MPR8CAQ
5SX8Pn0suq46uVkjGPLBG5,Cardio Workout (Energy Fitness Mix),More Energy Workout Music,0R7aNdvgzXOoCCAoUGmPqN,"Workout Music Perfect for Running, Weight Loss, Cardio, Walking Gym & Aerobic Dance Music",50,210064,,135,0.61,0.33,0.63,-12.4,True,english,https://open.spotify.com/track/5SX8Pn0suq46uVkjGPLBG5
2CB9GE8TlZHHs9wwm2jlNx,Cardio Workout - Music Workout 2026,"Gym Motivation Music, Workout Music Gym",1i7wSeiTCjCJoekodpJMTd|6L0h1JhRtSMcBFcbdfk4m5,Workout Music 2026 (Workout Music Songs),50,109519,,96,0.74,0.5,0.67,-13.5,True,english,https://open.spotify.com/track/2CB9GE8TlZHHs9wwm2jlNx
4cHlFrQUwLBhNKSUIOzzaw,Cardio Zone 4,Peak Performance Beats,3XzvdrIiAWq6iaIT8VF18W,Workout Motivation – Gym & Football Hype,50,137639,,91,0.74,0.39,0.67,-9.5,True,english,https://open.spotify.com/track/4cHlFrQUwLBhNKSUIOzzaw
1p61HKCD7WgTAgNR46Hxsd,Cardio circuit 2,DJ neoperu,4uolCpATQd4P6D7YT4uvp4,Gym time,50,195919,,141,0.66,0.37,0.75,-5.8,True,english,https://open.spotify.com/track/1p61HKCD7WgTAgNR46Hxsd
6XTVfvudX3TQiTMU6MePgj,Cardio high,Workout Music Core!,4XCcOKfNNTdNQzftidyZuT,Music for exercises bike,50,153383,,154,0.43,0.21,0.4,-11.3,True,english,https://open.spotify.com/track/6XTVfvudX3TQiTMU6MePgj
1d0ODnRS1IkbwQsOiBLENY,Cardiofobia,Santino Cardamone,2rLmuC2d420eO0Ksm1V006,Uomini Ribelli,50,223992,,113,0.57,0.75,0.68,-12.3,True,english,https://open.spotify.com/track/1d0ODnRS1IkbwQsOiBLENY
0TdWXMXyfTQ2qp5vvU9LID,Case,"Diljit Dosanjh, Intense",2FKWNmZWDBZR4dE5KX4plR|0OS0NZnK7TGIAWx8MkWNFN,Ghost,50,135500,,156,0.54,0.33,0.79,-5.9,True,hindi,https://open.spotify.com/track/0TdWXMXyfTQ2qp5vvU9LID
5k4Gw3P2gRcoEH2ByQZBg8,Cash Telegram Te,Raagline Studio,7iWaDtG4gUdoDRxJovnNvx,Punjabi Mashup Gym Edition vol.1,50,141640,,175,0.44,0.26,0.53,-9.4,True,hindi,https://open.spotify.com/track/5k4Gw3P2gRcoEH2ByQZBg8
6925DkusdDaPD0IBZ1ynnm,Chak Chak Ke,"Geeta Zaildar, Aman Hayer",78rdC4FvVaOJmEgfjlUi4a|2BbbmzjRFPhzLWrLQxvlus,Chak Chak Ke,50,202500,,132,0.59,0.27,0.55,-9.6,True,hindi,https://open.spotify.com/track/6925DkusdDaPD0IBZ1ynnm
6D3vmtskO4RbZP3bBIDY3X,Chak De India,"Salim–Sulaiman, Sukhwinder Singh, Salim Merchant, Marianne D'Cruz, Jaideep Sahni",6ohaQzKaXrobAL8paLSaxq|19MVxKZZdPj2X0F8pi0OCT|1TbRSunWGZ46mqnapcWxrm|5TpOSeyAEemyBoj4OkfMQe|5kPOMQZvgkAEnRZqwn9SYQ,Chak De India,50,283951,,151,0.86,0.39,0.55,-8.3,True,hindi,https://open.spotify.com/track/6D3vmtskO4RbZP3bBIDY3X
6H4SWKc3UsWl9KgdQ8xi68,Chak De India - Workout Remix,"Salim–Sulaiman, Sukhwinder Singh, Salim Merchant, Marianne D'Cruz, Jaideep Sahni",6ohaQzKaXrobAL8paLSaxq|19MVxKZZdPj2X0F8pi0OCT|1TbRSunWGZ46mqnapcWxrm|5TpOSeyAEemyBoj4OkfMQe|5kPOMQZvgkAEnRZqwn9SYQ,Chak De India - Workout Remix,50,197080,,156,0.88,0.89,0.68,-6.3,True,english,https://open.spotify.com/track/6H4SWKc3UsWl9KgdQ8xi68
7FROOyFNVDaTbnnBcghUXL,Chak Lein De,Kailash Kher,4oVMLzAqW6qhRpZWt8fNw4,Chandni Chowk To China,50,262687,,144,0.82,0.54,0.86,-9.4,True,hindi,https://open.spotify.com/track/7FROOyFNVDaTbnnBcghUXL
3E0D36S3MKA9e3f8yCOFR3,"Chak Lein De (From ""Chandni Chowk To China"")",Kailash Kher,4oVMLzAqW6qhRpZWt8fNw4,Best Of Kailash Kher,50,262687,,122,0.52,0.66,0.32,-10.9,True,hindi,https://open.spotify.com/track/3E0D36S3MKA9e3f8yCOFR3
1A9Tl1aVhsYRHnQawqAoU5,Challa,"Romy, Vivek Hariharan, Shashwat Sachdev, Kumaar",0bRPtPZQkWHeG7MGk9eWlh|5KOvzkFqFQBE4r34ebiDXh|465OXuCU8YZNmVG1leLwQ9|0m3D4grap8VFSzbJMqgNVk,Bollywood Workout Hits,50,207780,,91,0.9,0.42,0.49,-7.1,True,hindi,https://open.spotify.com/track/1A9Tl1aVhsYRHnQawqAoU5
2f5UyoWKTXoCuTOJHY5gTv,Challa,"Romy, Vivek Hariharan, Shashwat Sachdev, Kumaar",0bRPtPZQkWHeG7MGk9eWlh|5KOvzkFqFQBE4r34ebiDXh|465OXuCU8YZNmVG1leLwQ9|0m3D4grap8VFSzbJMqgNVk,Bollywood Rage Mode,50,207780,,153,0.68,0.61,0.32,-10.7,True,hindi,https://open.spotify.com/track/2f5UyoWKTXoCuTOJHY5gTv
7GjfRKsWOScFTXoX8s0Ln4,Challa,"Romy, Vivek Hariharan, Shashwat Sachdev, Kumaar",0bRPtPZQkWHeG7MGk9eWlh|5KOvzkFqFQBE4r34ebiDXh|465OXuCU8YZNmVG1leLwQ9|0m3D4grap8VFSzbJMqgNVk,Uri - The Surgical Strike (Original Motion Picture Soundtrack),50,207780,,117,0.84,0.4,0.87,-14.6,True,hindi,https://open.spotify.com/track/7GjfRKsWOScFTXoX8s0Ln4
747Zhf73sKkEqS4btkJTRv,Challa,Panjabi MC,74D1UgRzMhTSPz698exXmR,The Album,50,398786,,170,0.68,0.6,0.55,-8.9,True,hindi,https://open.spotify.com/track/747Zhf73sKkEqS4btkJTRv
0iESrw31yFyut4wPLlSChz,Chalta Chala Chal,"Yatinder Singh, Addy Nagar, Farhan Sabir",3oJhPkciC39Z2QTLwQ05Ax|1DctKQQOA4GfV6Pc9WngX5|13etasa1GntDobRMK3CfuY,Chalta Chala Chal,50,305217,,147,0.73,0.86,0.86,-11.6,True,hindi,https://open.spotify.com/track/0iESrw31yFyut4wPLlSChz
4PvplUMToBFANTnvxZQZr8,Chandelier (Cardio Workout Remix),Tayler,2uQ9oMkB23628lyMd8z0DN,"Cardio Hitmix! All Hits 3 (140-155 BPM, 32-Count, Nonstop Fitness & Workout)",50,177680,,162,0.5,0.26,0.57,-7.3,True,english,https://open.spotify.com/track/4PvplUMToBFANTnvxZQZr8
5wNpnrJ1u2aYhWHQUTJ4dY,"Chandigarh Mein - From ""Good Newwz""","Asees Kaur, Lisa Mishra, Harrdy Sandhu, Badshah",1sVmXkzX2ukc6QvasrDBES|418X5slNWlJwym4x3Oq3Cs|4ITkqBlf5eoVCOFwsJCnqo|0y59o4v8uw5crbN9M3JiL1,Bollywood Workout Hits,50,205200,,168,0.59,0.86,0.4,-14.0,True,hindi,https://open.spotify.com/track/5wNpnrJ1u2aYhWHQUTJ4dY
5RWSUN5f8WmsvBuMuBB8AR,"Char Baj Gaye (From ""F.A.L.T.U"") - 122 - 128 BPM","Sachin-Jigar, Hard Kaur",1mBydYMVBECdDmMfE2sEUO|1Xoow41U5fn5DwlMlYt7Gw,Workout Bollywood Style: 30 Mins Non Stop Mix,50,86786,,101,0.78,0.54,0.58,-11.0,True,hindi,https://open.spotify.com/track/5RWSUN5f8WmsvBuMuBB8AR
4kTk0KnU3Y5k9tfTNjYZM2,"Char Baj Gaye (From ""F.A.L.T.U"") - 128 BPM","Sachin-Jigar, Hard Kaur",1mBydYMVBECdDmMfE2sEUO|1Xoow41U5fn5DwlMlYt7Gw,Workout Bollywood Style: 60 Mins Non Stop Mix,50,100520,,142,0.68,0.66,0.8,-11.3,True,english,https://open.spotify.com/track/4kTk0KnU3Y5k9tfTNjYZM2
2LGRrCrvHFmffJnOAo92v1,Char Panj,"DJ H, Dj Rags, Nirmal Sidhu, Miss Pooja",3WNcKdrXsrCZpQf6DTojjz|5F78PV0Zjiyd0XHAmMMAOK|5WhL0sP8YGFIVZmbSVZsMD|0DyXyd0D6fMUsuD6yONANx,Reloaded,50,246866,,97,0.74,0.4,0.52,-11.4,True,hindi,https://open.spotify.com/track/2LGRrCrvHFmffJnOAo92v1
1Fc1sPbSMBmadBybK1i3HZ,Chaska Gym Da,Raja Baath,4EHsF8s6qU45vziEOnNeCm,Chaska Gym Da,50,186120,,170,0.6,0.81,0.54,-6.3,True,hindi,https://open.spotify.com/track/1Fc1sPbSMBmadBybK1i3HZ
07QFOvuWlWpt4hIdfQFHlV,Chauffeur,"Diljit Dosanjh, Tory Lanez, Ikky",2FKWNmZWDBZR4dE5KX4plR|2jku7tDXc6XoB6MO2hFuqg|3nqS8jzqmsPKFJTp0BOIel,Desi Gym Pump Music,50,205040,,177,0.49,0.44,0.68,-14.0,True,hindi,https://open.spotify.com/track/07QFOvuWlWpt4hIdfQFHlV
7DpMDhnJ7sVr52IZynI79X,Cheap Thrills - 128 BPM Workout Remix,Jayne Mendez,1v0pPpow6FkpRm0M6jOtxx,50 Top Summer Hits 2016 Fitness & Workout,50,245730,,94,0.58,0.59,0.56,-13.8,True,english,https://open.spotify.com/track/7DpMDhnJ7sVr52IZynI79X
12r5TfRtlUQMfdEQNlCBup,Checkmate,Harpazz,38ssOD1L9FMl2RDzJoFGk0,Checkmate,50,140274,,166,0.7,0.63,0.54,-13.7,True,english,https://open.spotify.com/track/12r5TfRtlUQMfdEQNlCBup
7LkNjGQTijs5Py7tYE4YZd,Chhura Peeth Vich,Raagline Studio,7iWaDtG4gUdoDRxJovnNvx,Punjabi Mashup Gym Edition vol.1,50,153560,,163,0.45,0.55,0.82,-8.8,True,hindi,https://open.spotify.com/track/7LkNjGQTijs5Py7tYE4YZd
2kyV7MrrKSzy0AG7ctQiZx,"Chikni Chameli (From ""Agneepath"") - 107 BPM","Ajay-Atul, Shreya Ghoshal",5fvTHKKzW44A9867nPDocM|0oOet2f43PA68X5RxKobEy,Workout Bollywood Style: 60 Mins Non Stop Mix,50,155000,,99,0.72,0.84,0.72,-9.5,True,hindi,https://open.spotify.com/track/2kyV7MrrKSzy0AG7ctQiZx
3UrrRbJkRem1L8oa1YE1OS,"Chingam Chabake (From ""Gori Tere Pyaar Mein"") - 136 BPM","Vishal-Shekhar, Shankar Mahadevan, Shalmali Kholgade",6Mv8GjQa7LKUGCAqa9qqdb|1SJOL9HJ08YOn92lFcYf8a|6uskWv5K2FA0YOAYr7JOUz,Workout Bollywood Style: 60 Mins Non Stop Mix,50,114973,,130,0.74,0.48,0.65,-7.0,True,hindi,https://open.spotify.com/track/3UrrRbJkRem1L8oa1YE1OS
02O0EkxFxrXtBcHR010Xdo,Chiquitita (Workout Mix 85bpm),DJ Soular,7z9WqxHqwuByD2GSH8YoYp,"Latino Fitness Workout Remixed 2015 - Latin Fitness Dance Hits, Merengue, Salsa, Kuduro, Running & Aerobics",50,391592,,127,0.46,0.7,0.82,-13.4,True,english,https://open.spotify.com/track/02O0EkxFxrXtBcHR010Xdo
38Ku0o2phxa4tvQmRzRZ1Z,Chore Albadi,Laath Saab,70Pg9iXpsz2qu0Zich16q7,Incomparable,50,144000,,94,0.52,0.65,0.37,-7.0,True,english,https://open.spotify.com/track/38Ku0o2phxa4tvQmRzRZ1Z
4aqQSmwBF0i2uGOocUt9Vk,Closer - Remix,Workout Music,5njMahLKD1tLJ5bejvqseV,100 Gym & Fitness Workout Hits! Playlist,50,274248,,155,0.4,0.26,0.46,-9.3,True,english,https://open.spotify.com/track/4aqQSmwBF0i2uGOocUt9Vk
4jPSjEBtK2ZOCugcgt504L,Club Bizarre Hardtekk,cekki,6hpDzDUZgp5QRff3nv7TDX,Club Bizarre Hardtekk,50,105325,,120,0.77,0.49,0.79,-12.0,True,english,https://open.spotify.com/track/4jPSjEBtK2ZOCugcgt504L
0j4eMkCFWnVDdQHHTNL2z0,Codeine Nights,Lil Dreaux,6IAVA12AhYbWd4AoiehNsD,Beast Mode,50,154740,,128,0.43,0.8,0.57,-10.0,True,english,https://open.spotify.com/track/0j4eMkCFWnVDdQHHTNL2z0
5OQvGLDHMij9vlIpihOt1T,Come Find Me,Hanbit Yu,6EwFg9rHS30Z3GWgMlyHf9,"RUNNING & WORKOUT, Vol. 17",50,277120,,109,0.78,0.44,0.75,-11.9,True,english,https://open.spotify.com/track/5OQvGLDHMij9vlIpihOt1T
5oVFXRJl6iIqWmSrEMHENN,"Come On, Let’s Get It",Anish Kumar,4pSMnAlD8JVEW3eZDuaQH8,AK Cuts: Vol. 3,50,259222,,158,0.78,0.29,0.89,-8.9,True,english,https://open.spotify.com/track/5oVFXRJl6iIqWmSrEMHENN
5WDEUqHQJMi6GWtDcnEWig,Come on Everybody (Tabata Remix),Tabata Productions,604JmMhOtjIOp9nb11lRxV,Tabata Workout 2017: Remixed Hits,50,253871,,103,0.78,0.63,0.64,-7.3,True,english,https://open.spotify.com/track/5WDEUqHQJMi6GWtDcnEWig
5aM76g5WRCFWU32FXrs3w7,Companion,Wayne Johnny,06rmPIY3wyvBuLo7ZgB4ix,All You Need Is Love,50,219798,,178,0.9,0.81,0.41,-11.5,True,english,https://open.spotify.com/track/5aM76g5WRCFWU32FXrs3w7
6VfVqw53MttkRUAOEsaRhq,Confident - Cardio + Workout Mix,Workout Music,5njMahLKD1tLJ5bejvqseV,Move It! 50 Cardio + Workout Music Playlist,50,188693,,154,0.44,0.81,0.75,-14.7,True,english,https://open.spotify.com/track/6VfVqw53MttkRUAOEsaRhq
30UNovr63YaRTNb6qjfGr7,Control,"Pritam, Nakash Aziz, Manish J. Tipu, Geet Sagar, Sreerama Chandra, Amitabh Bhattacharya",1wRPtKGflJrBx9BmLsSwlU|4kq8z3vydHjPDggxb16ErB|0UwYqzsLSeLUrZZEIyAED1|2794Yv56Ut2J2gFz1p7uce|2bfyLSCw72lQ5qoD8cdVBB|2fMqTqiTxUDlmcOEPaQSsx,Chhichhore,50,216885,,155,0.88,0.82,0.72,-6.1,True,hindi,https://open.spotify.com/track/30UNovr63YaRTNb6qjfGr7
2D73Qs4j7XGeVrgEihu3Gq,Cool Down - Bhangra Funk,CardioMixes Fitness,5E7cmej4YumVHbKByppxbK,"Tabata Hits! 2015, 20 / 10 Interval Workout with Vocal Cues",50,328466,,148,0.69,0.41,0.34,-13.6,True,hindi,https://open.spotify.com/track/2D73Qs4j7XGeVrgEihu3Gq
4sUr5QdkFfotWv5UCnnKw8,"Crakk Title Track (From ""Crakk - Jeetegaa Toh Jiyegaa"")","Vikram Montrose, Paradox, Shekhar Astitwa",0aXLGxJ65wok0y1bVG6flg|3fWcIRZlzhMl2YNACMvHui|1o4gJ2P9CYruGrCXoMv36l,"Crakk Title Track (From ""Crakk - Jeetegaa Toh Jiyegaa"")",50,173353,,100,0.55,0.24,0.5,-5.2,True,hindi,https://open.spotify.com/track/4sUr5QdkFfotWv5UCnnKw8
0uswgpVQNDT9DfEyzzCQcg,Cucumba,Anirudh Ravichander,4zCH9qm4R2DADamUHMCa6O,Beast (Original Background Score),50,44637,,149,0.55,0.83,0.45,-6.4,True,english,https://open.spotify.com/track/0uswgpVQNDT9DfEyzzCQcg
5xbt7ceGG1Vu5lYbUN6Wp0,Cure For Me - Slower & Reverb,KLWCI,3lEASdH29PgdYMh4A8G5Xb,Cure For Me,50,224835,,171,0.44,0.56,0.4,-7.8,True,english,https://open.spotify.com/track/5xbt7ceGG1Vu5lYbUN6Wp0
7040CjemGFRjCvVzVEwa6R,DASS JATTA,"Sukha, Prodgk, Gurlez Akhtar",6FDDxz6lYakINkmWPOlIZG|2E6ODN4Dna1vkh6s8sxHC0|55kkrbuMkdzPGD7YGA6xrJ,2003,50,155953,,168,0.74,0.81,0.54,-5.9,True,hindi,https://open.spotify.com/track/7040CjemGFRjCvVzVEwa6R
3dzZAlzikAfWRsOaKgE1uq,DAULA YAAR DA,Big Ghuman,6L3F8cdWcweEu2d1kfggbH,BEAST MODE,50,208302,,113,0.72,0.25,0.86,-8.3,True,hindi,https://open.spotify.com/track/3dzZAlzikAfWRsOaKgE1uq
01titUq2k0DwnAOisFFetS,DECAPITATOR - Slowed,"DJ ZENITE, DJ TKG, DJ Ice",0ugPb6wev8X4JtROGeCzm1|36Lv6TxfwLc5ZB0j8A3e3w|08iEpc3lujToLmnoaBA4cu,DECAPITATOR,50,114473,,126,0.85,0.52,0.32,-7.2,True,english,https://open.spotify.com/track/01titUq2k0DwnAOisFFetS
64ruyFM4w6o54vMlP8dHj7,DECIMATOR,"crysstales, DIPIENS, Vincce",3ZIN00As3dOKnQpjA3O8uz|6CYjGgv0fYxHFHCKWn7SyX|56R8A5Xu0PRqsPRpUj81Jp,DECIMATOR (Versions),50,88363,,124,0.43,0.41,0.48,-10.4,True,english,https://open.spotify.com/track/64ruyFM4w6o54vMlP8dHj7
4uXDD4DoDY8V4ti0h3rbhy,DND,"Real Boss, Talwiinder, BIG KAY SMG",7mAbpafXc2MIAZn4ldxEuP|6QoCrBHsojKnOrsGNfRcTN|0z4Mzficie9vUzDmz4Hy9G,DND,50,170769,,129,0.5,0.59,0.43,-6.2,True,hindi,https://open.spotify.com/track/4uXDD4DoDY8V4ti0h3rbhy
13XE5KlzMnuocUQbh9oyRr,DOMINATE (Over Slowed),quietshadow,0V1VdTNoEf0zgx8Q8DcOhh,DOMINATE,50,86024,,153,0.81,0.44,0.47,-12.4,True,english,https://open.spotify.com/track/13XE5KlzMnuocUQbh9oyRr
2R4S5qDMdYveO5m7jTr28z,DON'T KILL MY VIBE (Acid Boyz Remix),"Adrian Fyrla, Palm Monkey, Amè, Acid Boyz",5Y5v0RYsB19JJ6VT6sA7ij|2M3sfEXSEDYBurdjeExx6G|4ZDy00OJc2hPCB4D5hrvFD|1K078F4kwAcsOerdCs4m8a,DON'T KILL MY VIBE (Acid Boyz Remix),50,142500,,137,0.87,0.3,0.64,-6.8,True,english,https://open.spotify.com/track/2R4S5qDMdYveO5m7jTr28z
3Ms1jfxxUpbWtZA3WlBepk,DON'T TALK TO ME,Bad Minds,7mSbBGvteB3TlKsJD28Aob,DON'T TALK TO ME,50,131555,,109,0.82,0.82,0.88,-12.9,True,english,https://open.spotify.com/track/3Ms1jfxxUpbWtZA3WlBepk
0BginzzA6ngJECa9o4JwnG,"Dahaa Theme (From ""Coolie"")","Anirudh Ravichander, Lalo Salamanca, Heisenberg",4zCH9qm4R2DADamUHMCa6O|6slW8atwjY8d3XyvnlEBP2|3bsrlEbnX8sWwXlTe80RSr,"Dahaa Theme (From ""Coolie"")",50,179339,,162,0.76,0.29,0.55,-6.1,True,english,https://open.spotify.com/track/0BginzzA6ngJECa9o4JwnG
1UJDmFCu2q531UNIlaVYli,Dak Bangla - Lakhwinder Singh,Lakhwinder Lucky,2nBOtX4CzhRLTOet5PcOQo,Punjabi Bhangra Top 40 Hits,50,298986,,162,0.88,0.2,0.76,-15.0,True,hindi,https://open.spotify.com/track/1UJDmFCu2q531UNIlaVYli
353gAJJKEBYPxnX1SOtBlE,Dance Monkey - Remix,Workout Music,5njMahLKD1tLJ5bejvqseV,100 New Year 2020! Fitness & Workout Collection,50,262520,,169,0.41,0.49,0.42,-14.4,True,english,https://open.spotify.com/track/353gAJJKEBYPxnX1SOtBlE
2FJJlbAnFbQojSveCopLlk,Dance Monkey - Workout Mix Edit 150 bpm,Hard EDM Workout,6A1PIjKax3t1iZQ4VKOegQ,Running Workout 2020: 150 bpm,50,144000,,149,0.41,0.47,0.84,-14.8,True,english,https://open.spotify.com/track/2FJJlbAnFbQojSveCopLlk
2Dt9tE802iwh2MKCYdLuiy,Dance Monkey - Workout Remix 135 bpm,SuperFitness,6L74J3BzylQkJF7rBXTpgT,Aerobic Hits Spring 2020: 60 Minutes Mixed for Fitness & Workout 135 bpm/32 Count,50,213330,,129,0.57,0.58,0.66,-8.3,True,english,https://open.spotify.com/track/2Dt9tE802iwh2MKCYdLuiy
1wDqycc9dp04lmf7WNJA7J,Dance Your a Off-Bonus Dance Song,DJ Kamal Supreme,5Oir5zMAdY6S88DH0brPwb,Bhangra Supreme Workout & Dance Party,50,280400,,113,0.82,0.56,0.49,-9.4,True,hindi,https://open.spotify.com/track/1wDqycc9dp04lmf7WNJA7J
4KWeIXRtOLb6r2kmny6Wnt,Dancing Queen - Running Workout Mix,Workout Music,5njMahLKD1tLJ5bejvqseV,50 Throwback Running Workout Hits!,50,230000,,123,0.9,0.72,0.44,-12.3,True,english,https://open.spotify.com/track/4KWeIXRtOLb6r2kmny6Wnt
5Ry67OqwCxKbswCxcPHcg9,Dangal,"Pritam, Daler Mehndi",1wRPtKGflJrBx9BmLsSwlU|6wa1AsxB9oJP7lwNSmbcYx,Dangal (Original Motion Picture Soundtrack),50,299325,,149,0.42,0.39,0.33,-10.7,True,english,https://open.spotify.com/track/5Ry67OqwCxKbswCxcPHcg9
7bfwEuYYoKSIcXmWWkfSag,Dangal,"Pritam, Daler Mehndi",1wRPtKGflJrBx9BmLsSwlU|6wa1AsxB9oJP7lwNSmbcYx,Bollywood Workout Hits,50,299325,,106,0.47,0.89,0.76,-11.2,True,hindi,https://open.spotify.com/track/7bfwEuYYoKSIcXmWWkfSag
3JY91LHa5GL2GxPTKHT6oB,Dangal,"Pritam, Daler Mehndi",1wRPtKGflJrBx9BmLsSwlU|6wa1AsxB9oJP7lwNSmbcYx,Gym Motivation,50,299325,,170,0.66,0.82,0.69,-7.0,True,hindi,https://open.spotify.com/track/3JY91LHa5GL2GxPTKHT6oB
0uMxL6GNs4cY06SGhrsXN1,Dangal,"Pritam, Daler Mehndi",1wRPtKGflJrBx9BmLsSwlU|6wa1AsxB9oJP7lwNSmbcYx,Gym Vibes Bollywood,50,299325,,100,0.7,0.31,0.5,-9.8,True,hindi,https://open.spotify.com/track/0uMxL6GNs4cY06SGhrsXN1
3pX0NuNZBQRtKpKlS1ko0g,Dangerous (Cardio Workout Remix),Cardio Mix Masterz,0Vcbha6XzwPkQdzQXXD6cl,"Cardio Hitmix! All Hits 3 (140-155 BPM, 32-Count, Nonstop Fitness & Workout)",50,174520,,106,0.77,0.38,0.48,-7.6,True,english,https://open.spotify.com/track/3pX0NuNZBQRtKpKlS1ko0g
5nhNTgudyJvu7FE2QFIwWS,Dangerous (Workout Remix),DJ Keen,4qvArXhnLauGZ5BBmJ3MJS,Running Remixed! 2015 (Hard Hitting Nonstop Workout & Cardio Fitness @ 135-160 BPM),50,216693,,116,0.52,0.23,0.88,-5.4,True,english,https://open.spotify.com/track/5nhNTgudyJvu7FE2QFIwWS
12qlwqWhuf3ZL0y5LBwRYW,Danza Kuduro,Pumped Up DJs,2YSs6SETkdhnFdxUt6qe85,"Top 40 Summer Running Hits Playlist 2014 - 40 Essential Fitness & Workout Hits - Perfect for Jogging, Running, Gym and Weight Loss",50,198000,,125,0.78,0.68,0.6,-10.6,True,english,https://open.spotify.com/track/12qlwqWhuf3ZL0y5LBwRYW
5A9SwHv0p1a77u2S1kbM35,Danza Kuduro - Workout Mix Edit 130 bpm,Latin Workout,5bRlbpYOXjmvMF14Q0RGy4,Danza Kuduro,50,193771,,179,0.86,0.26,0.35,-10.2,True,english,https://open.spotify.com/track/5A9SwHv0p1a77u2S1kbM35
1szI4xLNwhG446nr7R7hn5,"Darling (From ""7 Khoon Maaf"") - 127 BPM","Vishal Bhardwaj, Usha Uthup, Rekha Bhardwaj",1JdHoZwkwOmX2Pl2iTwnzc|63gvl4egwBtz2czz3aENGa|3cqeO3muWIW5uSmUDNCmyT,Workout Bollywood Style: 60 Mins Non Stop Mix,50,110000,,116,0.66,0.48,0.81,-7.4,True,hindi,https://open.spotify.com/track/1szI4xLNwhG446nr7R7hn5
01WLhaMvkPKaCKDsGcxwlu,Daud - Bhangra,Usha Uthup,63gvl4egwBtz2czz3aENGa,Daud (Original Motion Picture Soundtrack),50,352600,,106,0.89,0.47,0.39,-8.0,True,hindi,https://open.spotify.com/track/01WLhaMvkPKaCKDsGcxwlu
6qhkeH0CdQw1iv9HuF3pj9,Deal,"Manna Music, Karan Aujla",7JuTOJ6xkgM1RScWRrbCOT|6DARBhWbfcS9E4yJzcliqQ,Dreams,50,188911,,180,0.82,0.79,0.71,-12.2,True,hindi,https://open.spotify.com/track/6qhkeH0CdQw1iv9HuF3pj9
5LNDkIPsuvEKhsAT61b6Un,"Dekhi Chal (From ""Dekhi Chal"")","Tyson Sidhu, Gurlez Akhtar",5wGjQPYmBAnDmtNeOMoavY|55kkrbuMkdzPGD7YGA6xrJ,Fit & Fab - Punjabi Workout Beats,50,212101,,129,0.82,0.36,0.8,-8.7,True,hindi,https://open.spotify.com/track/5LNDkIPsuvEKhsAT61b6Un
2C1A0OMKZEfnjOOEXwUinp,Demon,Ikka,07iEy1AecUPVzfC2J2gCHR,Gym Workout Rap,50,172377,,107,0.84,0.68,0.61,-5.7,True,hindi,https://open.spotify.com/track/2C1A0OMKZEfnjOOEXwUinp
5AZepxTTQ8ygBOrCji5oBe,Desi Beat (Punjabi Hip Hop Mix),"Alamgir Khan, Amrita Kak",0cczE6c7kfFCBQt96AV4Nt|4BTpn8TkJe0FnqlpTY1ZJ2,Bodyguard,50,237145,,124,0.75,0.69,0.71,-12.0,True,hindi,https://open.spotify.com/track/5AZepxTTQ8ygBOrCji5oBe
7LYakIeUlNL8Rexqz4aATl,Desi Da Drum,Amrit Maan,7GgAwYJnBBFT1WogNWf0oj,Desi Da Drum,50,212397,,140,0.64,0.71,0.87,-7.3,True,hindi,https://open.spotify.com/track/7LYakIeUlNL8Rexqz4aATl
48drfPiOxMkWfZ8iFaszyl,Desi Fit: Bollywood Workout Playlist,Hot Beat Universe,4wC7SuWGv5zxNixbErqGyO,BOLLYWOOD WORKOUT,50,99919,,157,0.57,0.77,0.6,-7.3,True,hindi,https://open.spotify.com/track/48drfPiOxMkWfZ8iFaszyl
4HiS99OFFcu5x0n0Im8H3V,Despacito - Remix,Workout Music,5njMahLKD1tLJ5bejvqseV,100 Gym & Fitness Workout Hits! Playlist,50,245760,,144,0.44,0.89,0.31,-10.7,True,english,https://open.spotify.com/track/4HiS99OFFcu5x0n0Im8H3V
2krImTFMkJP1YPe9eC6XgT,Destroy it All / YUJI,"Ryutqc, NORWXXD REAPER, SMAIL",7fxB8uAWWQ29AB57wnIgGM|3oxiXufY6THRJU8j3YV9JF|3zSz9kiGCoKqMWxO222baT,Destroy it All / YUJI,50,92333,,162,0.85,0.41,0.65,-10.0,True,english,https://open.spotify.com/track/2krImTFMkJP1YPe9eC6XgT
4bE0s5lrZkUqRH2spofwQs,Devil,"Gippy Grewal, JP47, Mad Mix",5kvGYraWFlXs2Jbt1Kphn8|12ZFBwOMiEaUTRYUYfOUBw|55fozRiVCKuoMqSkxa6nxv,Warning 2,50,248571,,156,0.84,0.84,0.4,-14.7,True,hindi,https://open.spotify.com/track/4bE0s5lrZkUqRH2spofwQs
5KioetXDSIcXrHPtqkrJFi,Devuelvete Pronto A Mi,DJ Zayn,2Qq4plHVP8ri2YvJwytEGg,Workout Fitness Hits 2018,50,289138,,140,0.62,0.82,0.76,-5.7,True,english,https://open.spotify.com/track/5KioetXDSIcXrHPtqkrJFi
47ZCCeeC5PaMYN4meEAz44,Dhaakad,"Raftaar, Pritam",5UdFr0GeO7jKIaNIJgwB36|1wRPtKGflJrBx9BmLsSwlU,Dangal (Original Motion Picture Soundtrack),50,176603,,167,0.62,0.62,0.4,-7.4,True,hindi,https://open.spotify.com/track/47ZCCeeC5PaMYN4meEAz44
5IBKlifIN4XktgFVfB1Uoy,Dhaakad,"Raftaar, Pritam",5UdFr0GeO7jKIaNIJgwB36|1wRPtKGflJrBx9BmLsSwlU,Bollywood Workout Hits,50,176603,,102,0.49,0.68,0.65,-5.3,True,hindi,https://open.spotify.com/track/5IBKlifIN4XktgFVfB1Uoy
1J85Qi47YYQ76PQ57O9Fjh,Dhaakad - Aamir Khan Version,"Pritam, Aamir Khan",1wRPtKGflJrBx9BmLsSwlU|0Tn7oEmE8zDUR340Doo9zl,Dangal (Original Motion Picture Soundtrack),50,176603,,121,0.79,0.61,0.72,-6.4,True,hindi,https://open.spotify.com/track/1J85Qi47YYQ76PQ57O9Fjh
4wkUctdSxxQYil4HMNY81Z,Dhadkan Tez - Hindi Workout,Minns,109bXkunJD3qI4zj90x99F,Hindi Workout Mix 2026,50,200000,,171,0.62,0.42,0.53,-11.1,True,hindi,https://open.spotify.com/track/4wkUctdSxxQYil4HMNY81Z
0KhTIX2IEdxXXzMpnIMQzX,"Dhat Teri Ki (From ""Gori Tere Pyaar Mein"") - 120 BPM","Vishal-Shekhar, Sanam Puri, Aditi Singh Sharma",6Mv8GjQa7LKUGCAqa9qqdb|5kiKQJrz4BT7vFWVECAmHH|4iW4xSfMEIvrXM0Iu3aFDY,Workout Bollywood Style: 60 Mins Non Stop Mix,50,174960,,107,0.77,0.89,0.52,-10.0,True,hindi,https://open.spotify.com/track/0KhTIX2IEdxXXzMpnIMQzX
16ilWZe0HWDkMTQnaE1uIr,"Dhat Teri Ki (From ""Gori Tere Pyaar Mein"") - 120 BPM","Vishal-Shekhar, Sanam Puri, Aditi Singh Sharma",6Mv8GjQa7LKUGCAqa9qqdb|5kiKQJrz4BT7vFWVECAmHH|4iW4xSfMEIvrXM0Iu3aFDY,Workout Bollywood Style: 30 Mins Non Stop Mix,50,153333,,160,0.44,0.64,0.53,-9.5,True,hindi,https://open.spotify.com/track/16ilWZe0HWDkMTQnaE1uIr
50gfDC6Db0dZ0Cu0ZOKZW0,Dheera Dheera (Malayalam),"Mohan Krishna, Renjith Unni, Balraj Jagadeesh Kumar, Deepesh A K, Abhishek Chithra Soman, Ravi Basrur, Sudhamsu",2U4KiBePibvnd8BIXtBvk7|0gwiu2YjENIc80Dw6iaswA|0Q3NWWJUakz3jzr53M80Fw|19zdivHG6XtqGqm6kgkQTP|3Wosl2FuZhBXwLdsHPrZz2|2q1LRGJHpFxovU8Tz6OgRn|55bn6RLF3LsjG5FPNhYGpc,KGF Chapter 1 (Malayalam),50,222772,,98,0.54,0.31,0.86,-13.0,True,english,https://open.spotify.com/track/50gfDC6Db0dZ0Cu0ZOKZW0
3THyCpywXqlelZEERK2RlO,Dhol Jageero Da,"Panjabi MC, Master Saleem",74D1UgRzMhTSPz698exXmR|0BEr6nvOOHQMy53md08n9Y,Dhol Jageero Da,50,264720,,169,0.5,0.4,0.7,-10.1,True,hindi,https://open.spotify.com/track/3THyCpywXqlelZEERK2RlO
26j7dYlNCrpVAN1VmNnVxT,Dhoom Again - Workout Remix,"Vishal Dadlani, Dominique Cerejo",6CXEwIaXYfVJ84biCxqc9k|2DwWEmeVaWxwkjbnyPlNZT,Dhoom Again - Workout Remix,50,210000,,92,0.78,0.48,0.33,-14.2,True,hindi,https://open.spotify.com/track/26j7dYlNCrpVAN1VmNnVxT
7yBUmLC4vILliz91LCxlcK,Dhruva Dhruva,"Hiphop Tamizha, Amit Mishra",7zFBW2JxM4bgTTKxCRcS8Q|12fCAscOzxgzRP8UMSgG1K,Dhruva,50,207217,,127,0.74,0.23,0.55,-14.6,True,english,https://open.spotify.com/track/7yBUmLC4vILliz91LCxlcK
157BtwkY54FQ3Xl8DsTso1,Dhurandhar The Revenge - Aari Aari,"Shashwat Sachdev, Bombay Rockers, Irshad Kamil, Khan Saab, Reble, Token, Jasmine Sandlas, Sudhir Yaduvanshi",465OXuCU8YZNmVG1leLwQ9|1bLQBuSop3ekE5Qustj5nP|3GdSQUH1BRtl9UrrtuwJlP|5Uo28tAylVBPPW2Cs8LFwN|3MsxNLVtDVGxjEaxgKAoi0|4cUfFbVZGSsJWdbfmkdxYq|0mJDQBWytBhOh5JB1DOQ1c|586UieDtNlK2F8hEMayYbb,Dhurandhar The Revenge,50,210053,,112,0.74,0.33,0.67,-7.9,True,hindi,https://open.spotify.com/track/157BtwkY54FQ3Xl8DsTso1
3rnQfyFzUNdWKtdwUypWo5,"Didi (Sher-E-Baloch) (From ""Dhurandhar The Revenge"")","Shashwat Sachdev, Khaled, Sons of Yusuf, Nabil El Houri",465OXuCU8YZNmVG1leLwQ9|2YxK9SbJeVfkfk6QWHqj8K|6Vptp9yQcvtgjwFt6GDQno|53QracjfLvfuaeTXsRQnPu,"Didi (Sher-E-Baloch) (From ""Dhurandhar The Revenge"")",50,151274,,135,0.72,0.62,0.35,-8.6,True,hindi,https://open.spotify.com/track/3rnQfyFzUNdWKtdwUypWo5
2hqx5EGANNDyNYyjBTG93m,Dil Da Mamla Trap Mix,"Gurdas Maan, Dixit Seth",3ttzOzBpRWRBzhn6thqhdT|2vKDhoyeBijAcWJzSiOny4,Punjabi Retro Trap Mix,50,102750,,100,0.87,0.77,0.79,-11.2,True,hindi,https://open.spotify.com/track/2hqx5EGANNDyNYyjBTG93m
67wOjC9weToNHxJqFKJE9z,Dil Jatt Da,Gulab Sidhu,0OytfiwNkc1KzXE4ImyjgW,Dil Jatt Da,50,172240,,141,0.62,0.68,0.86,-13.4,True,hindi,https://open.spotify.com/track/67wOjC9weToNHxJqFKJE9z
2jVKDV4pmfPm2lPmSKTjPE,Dil Vich Bhangra,Mika Singh,5T2I75UlGBcWd5nVyfmL13,Dil Vich Bhangra,50,148915,,172,0.66,0.36,0.75,-13.9,True,hindi,https://open.spotify.com/track/2jVKDV4pmfPm2lPmSKTjPE
09gZfTsvAtbIu1BGHCzu3S,Dilbar Afro Tech House Remix,"Neha Kakkar, Dhvani Bhanushali, Ikka, Ali Merchant, ILA",5f4QpKfy7ptCHwTqspnSJI|1OPqAyxsQc8mcRmoNBAnVk|07iEy1AecUPVzfC2J2gCHR|5isjFRA5QMfArVpSLKKiOo|0eEI5r6nItYWVia06pHMa6,Bollywood Reimagined: Bollywood Fusion Remix,50,184057,,164,0.68,0.7,0.87,-13.4,True,hindi,https://open.spotify.com/track/09gZfTsvAtbIu1BGHCzu3S
00sxL8p1FLaFO5Q9sZd32c,Dile,Don Omar,33ScadVnbm2X8kkUqOkC6Z,Perreo Cardio Workout,50,206986,,102,0.82,0.68,0.32,-15.0,True,hindi,https://open.spotify.com/track/00sxL8p1FLaFO5Q9sZd32c
34ukOxUQQCWSWKRpdv4gRt,Ding Dong,"Santhosh Narayanan, Mose, Arun Raja",5FVBduYaeVBb6JIghza7v6|5ylwdc4hBwbYCGfTULORtE|0nX2FwpkXgfjg6ck5hccMj,Jigarthanda (Original Motion Picture Soundtrack),50,234209,,151,0.57,0.77,0.8,-14.5,True,english,https://open.spotify.com/track/34ukOxUQQCWSWKRpdv4gRt
53QrRlALFJfZgdcGLKwy5s,Dior,Shubh,5r3wPya2PpeTTsXsGhQU8O,Still Rollin,50,139133,,95,0.61,0.86,0.57,-11.6,True,hindi,https://open.spotify.com/track/53QrRlALFJfZgdcGLKwy5s
6zfruMOpriOY3zKFJICReG,Dis da Bhangra,Sukhbir,7bcSOvqOKoyZqU41p5YuoJ,New Stylee,50,93793,,138,0.59,0.35,0.77,-9.2,True,hindi,https://open.spotify.com/track/6zfruMOpriOY3zKFJICReG
4zlMwBzPIzNp3uaDoij6pk,Dj Utte Bhangra,Angrej Bhullar,6QDopXbXoGLcnVXZzUzjiY,Dj Utte Bhangra,50,229825,,131,0.52,0.61,0.69,-6.3,True,hindi,https://open.spotify.com/track/4zlMwBzPIzNp3uaDoij6pk
0vuVYTAlMafcBuzhb5yv1z,Do tell,Kaizon,46p0qVbQdQHaqVaM4EV2rg,Do tell,50,61276,,161,0.6,0.59,0.52,-8.2,True,english,https://open.spotify.com/track/0vuVYTAlMafcBuzhb5yv1z
1Pb0kCirr3q8Cw2CL77y7R,Don,Diljit Dosanjh,2FKWNmZWDBZR4dE5KX4plR,Don,50,202466,,130,0.4,0.4,0.71,-14.5,True,hindi,https://open.spotify.com/track/1Pb0kCirr3q8Cw2CL77y7R
1aCH81XA6XD0l8kAaOQNdJ,Don't Tell Em (Cardio Workout Remix),DJ Keen,4qvArXhnLauGZ5BBmJ3MJS,"Cardio Hitmix! All Hits 3 (140-155 BPM, 32-Count, Nonstop Fitness & Workout)",50,173320,,178,0.75,0.52,0.64,-8.4,True,english,https://open.spotify.com/track/1aCH81XA6XD0l8kAaOQNdJ
7BkSXhFCsm3xYDihiRBNN8,Don't You Worry Child - Radio Edit,"Swedish House Mafia, John Martin",1h6Cn3P4NGzXbaXidqURXs|2auikkNYqigWStoHWK1Grq,Running Workout,50,211360,,142,0.51,0.61,0.6,-14.4,True,english,https://open.spotify.com/track/7BkSXhFCsm3xYDihiRBNN8
0dqwOMcDL5F7lVeWQoTuVn,Double Up,"Intense, HRJXT, 604Blizzy, Tavnoor",0OS0NZnK7TGIAWx8MkWNFN|4s5P33ladNMi7gcBMHwp9a|14e2TXNDt3rjiDqa0p8Wsj|3wiSqmkH2FcfLkiVhmlQQ8,Intense (Deluxe Edition),50,204316,,118,0.76,0.4,0.51,-13.8,True,hindi,https://open.spotify.com/track/0dqwOMcDL5F7lVeWQoTuVn
2M0im5Z1HfjNeEebNDXTPt,Dream & Stretch,Various Artists,0LyfQWJT6nXafLPZqxe9Of,Fitness Workout Beats,50,351639,,149,0.51,0.27,0.69,-9.2,True,english,https://open.spotify.com/track/2M0im5Z1HfjNeEebNDXTPt
0jJkcoDdwzZkuffRirL7rV,Drippy,"Sidhu Moose Wala, Mxrci, AR Paisley",4PULA4EFzYTrxYvOVlwpiQ|5Us2dsq4VHlfLbKOrskg7K|4CqzwlyoNSvoGeMk7NiMhd,Drippy,50,195240,,103,0.54,0.42,0.52,-5.8,True,hindi,https://open.spotify.com/track/0jJkcoDdwzZkuffRirL7rV
1Dk0nNbwYzCmST1WRsNxmS,Drop It Like It's Hot,"Acid Boyz, Badjack",1K078F4kwAcsOerdCs4m8a|40oI86vaTUHgkSGlYkEiLM,Drop It Like It's Hot,50,141000,,173,0.77,0.44,0.4,-6.0,True,english,https://open.spotify.com/track/1Dk0nNbwYzCmST1WRsNxmS
0l716M0ao9SnFZU7mMZhAc,Drum and Bass Running Music,Workout Music,5njMahLKD1tLJ5bejvqseV,Workout Instrumental,50,193619,,119,0.82,0.63,0.61,-5.3,True,english,https://open.spotify.com/track/0l716M0ao9SnFZU7mMZhAc
1w9mGoYnDciMN32sZs8NE6,Dum Hai - Hindi Workout,Minns,109bXkunJD3qI4zj90x99F,Hindi Workout Mix 2026,50,205000,,150,0.72,0.28,0.36,-7.0,True,hindi,https://open.spotify.com/track/1w9mGoYnDciMN32sZs8NE6
7qyAXP76TeM1gQ0SgNYI2v,Dupatta Tera Sat Rang Da,Surjit Bindrakhia,2tcB32mxjVzmLcyfGizWNX,Bhangra No.1 Hits,50,268642,,141,0.52,0.73,0.52,-9.8,True,hindi,https://open.spotify.com/track/7qyAXP76TeM1gQ0SgNYI2v
45Fdud1DsxZXTTMUbjqJVx,Duro De Pelar - Workout Remix 140 Bpm,Hard EDM Workout,6A1PIjKax3t1iZQ4VKOegQ,Aerobic Latino Hits 2022: 60 Minutes Mixed For Fitness & Workout 140 Bpm / 32 Count,50,192000,,159,0.6,0.68,0.41,-7.3,True,english,https://open.spotify.com/track/45Fdud1DsxZXTTMUbjqJVx
7MLkLeXPlyoJ52wKF3IA3i,"EARNED, NOT GIVEN (MOW)",MAFIA ON WHEELS,5yaqZ5VpVaoHyWQ6slOhz7,"EARNED, NOT GIVEN (MOW)",50,179880,,109,0.41,0.35,0.31,-9.6,True,english,https://open.spotify.com/track/7MLkLeXPlyoJ52wKF3IA3i
0qOYDvCv6tBgGdKaVezxhJ,EDM - Running and Jogging,WORKOUT,4OoHBmzz4LC2Bdz8cPmbiU,One Hour Running Music – Top Workout Songs for Running and Jogging,50,172561,,121,0.57,0.6,0.77,-14.1,True,english,https://open.spotify.com/track/0qOYDvCv6tBgGdKaVezxhJ
0RtNMHiPyXsWeehG3njKYL,EDM Workout Mix,Xtreme Cardio Workout,6LdYcUQhPIhkcQJZM7Tpok,Fast Aerobics Music (140 BPM): Fast Beat Music for Extreme Aerobics Workout,50,189000,,146,0.64,0.43,0.6,-7.7,True,english,https://open.spotify.com/track/0RtNMHiPyXsWeehG3njKYL
72og1NhwvUdlFjTBMQLSgH,ESTA DE BOLA - SLOWED,TREVØLX,2hw6HPWDKbe0V3fN1drKSh,ESTA DE BOLA (Versions),50,121069,,152,0.75,0.83,0.35,-6.4,True,english,https://open.spotify.com/track/72og1NhwvUdlFjTBMQLSgH
5JZGFSGzpRkEksBPu8n1kY,Edhirthu Nill,"Yuvan Shankar Raja, G. V. Prakash, D. Imman, Vijay Antony, Thaman S",6AiX12wXdXFoGJ2vk8zBjy|5VVN3xZw1i2qihfITZlvCZ|1QcBqYUeQ4Ux3itkdDaFi0|6CtYzQvENTdGq5LPPsePdV|2FgHPfRprDaylrSRVf1UlN,Biriyani (Original Motion Picture Soundtrack),50,261346,,136,0.62,0.79,0.67,-8.2,True,english,https://open.spotify.com/track/5JZGFSGzpRkEksBPu8n1kY
2s5BcEcyxkIvRtuZQ8jnEZ,El Bano - Workout Remix 128 Bpm,Workout Music Tv,0k5KeG8St6LiePh5blOwwl,40 Best Latin Hits For Cardio Dance Workout Session (Unmixed Compilation for Fitness & Workout 128 Bpm / 32 Count),50,249474,,162,0.64,0.3,0.75,-13.5,True,english,https://open.spotify.com/track/2s5BcEcyxkIvRtuZQ8jnEZ
70b5fOz9Ugs1T0xseF7kvN,Elevate,"Fearless Motivation, ZĒL",1FhamVtJlNqaekPnwxQpbk|2mG994xKMaqHoyyI1ByyUL,Elevate,50,234500,,110,0.65,0.41,0.34,-9.6,True,english,https://open.spotify.com/track/70b5fOz9Ugs1T0xseF7kvN
2AilvPt1AQ8PixlCKqkjfj,Elevated,Shubh,5r3wPya2PpeTTsXsGhQU8O,Elevated,50,200658,,164,0.65,0.86,0.5,-12.4,True,hindi,https://open.spotify.com/track/2AilvPt1AQ8PixlCKqkjfj
3WxQ6UINPNS6hXFJOjRQ5q,En ligne,Brigitte Hindi,3dRdX598o4Jb3MGib5aBjW,Entraînement du matin,50,164066,,151,0.85,0.72,0.68,-7.2,True,hindi,https://open.spotify.com/track/3WxQ6UINPNS6hXFJOjRQ5q
5Y2SsDWBkCQrNLtPbxBJCA,End of Beginning,"Workout Nation, Van Holtz, Luna Rae, MYSO",0q5IRNW5tD0WZulNvKJJbw|0b6VvPrWQA7ba0N8VVYL56|3plqQj2fHq9ZfBcFnNRlXJ|1tY07hx1lpO1FEzsGaoZQq,End of Beginning,50,188560,,175,0.56,0.51,0.41,-9.4,True,english,https://open.spotify.com/track/5Y2SsDWBkCQrNLtPbxBJCA
17R4UyED5ZgiwrXpIRCOtk,End of Beginning (Tabata),Tabata Songs,6rGbkxba8N9yajezrAVMxH,End of Beginning (Tabata),50,242000,,94,0.66,0.63,0.53,-12.1,True,english,https://open.spotify.com/track/17R4UyED5ZgiwrXpIRCOtk
6cpkfZImR6o5zHiqWxU2nX,Endurance Workout Playlist,Hot Beat Universe,4wC7SuWGv5zxNixbErqGyO,WORKOUT MUSIC 2025 WORKOUT MOTIVATION SONGS GYM BEASTMODE POWER,50,147639,,92,0.79,0.77,0.87,-7.2,True,english,https://open.spotify.com/track/6cpkfZImR6o5zHiqWxU2nX
6bqfre1S14dDWhxOdS248V,Enemy,"Jordan Sandhu, Starboy X, Mandeep Maavi",3TozxPbDes76aGFdfv7PMv|0Fvud1OrUvlMHqxbEGmtnj|0nMjrfJdkdeEdNHDU72Rn1,Enemy,50,175500,,160,0.7,0.54,0.3,-9.0,True,hindi,https://open.spotify.com/track/6bqfre1S14dDWhxOdS248V
5A0al1clMnvA1jLRBaRPp7,Energetic Bhangra Beat | Punjabi Folk Beat for Bhangra,RAHULUXE,7c6rwz59QUueWg4sxpX4R7,Energetic Bhangra Beat | Punjabi Folk Beat for Bhangra,50,171063,,143,0.87,0.47,0.66,-14.4,True,hindi,https://open.spotify.com/track/5A0al1clMnvA1jLRBaRPp7
2UNmzYOEK44CzugRDN5iSI,Energetic Throb,Zeno Mukli,4BqQA7BhjdADsXMvXcLSXl,Energetic Throb,50,177702,,107,0.42,0.44,0.53,-11.9,True,english,https://open.spotify.com/track/2UNmzYOEK44CzugRDN5iSI
2B2XZCCzb4rD6tG4Lg19oy,Energy Driven Cardio,Workout & Wellness Zone,1z15HoWQvlL88FVMW590yX,Workout music jazz,50,202893,,178,0.43,0.8,0.75,-14.4,True,english,https://open.spotify.com/track/2B2XZCCzb4rD6tG4Lg19oy
6SPM2OUQaNlPOrrchD9MWD,Energy Flow,"Dilpreet Dhillon, Kaptaan, Black Virus",5CGQa62CAweD76eHlDmp1m|0F4kRjMBP6NrjpEBEoL0Xb|3baDngVJ6Eof0PzTWf42lU,Energy Flow,50,176288,,161,0.6,0.81,0.43,-12.7,True,hindi,https://open.spotify.com/track/6SPM2OUQaNlPOrrchD9MWD
2CphshoNfXcrHHe2jLUoNr,Energy Flow - (AFRO Remix),"Dilpreet Dhillon, Kaptaan, Black Virus, DJ PunjabX",5CGQa62CAweD76eHlDmp1m|0F4kRjMBP6NrjpEBEoL0Xb|3baDngVJ6Eof0PzTWf42lU|3xjLYkxo89tfGFnWddqeRd,Energy Flow (AFRO Remix),50,172122,,118,0.74,0.66,0.66,-9.7,True,hindi,https://open.spotify.com/track/2CphshoNfXcrHHe2jLUoNr
3oAdXO2iCxDOzVfxzylH6b,"Engaged Jatti (From ""Engaged Jatti"")",Kaur B,43iOhUGMAnS6QbPEUYqkpg,Fit & Fab - Punjabi Workout Beats,50,225246,,115,0.62,0.42,0.53,-14.6,True,hindi,https://open.spotify.com/track/3oAdXO2iCxDOzVfxzylH6b
2w281x1RYTSgIPk37jPAkj,Escobar Paisa,"Escape Sequence, Kuhad",2fZRHmeAZvkd3dDhEfWt8I|2YusRqnuLAKGIS4IwFUqin,Sapne Vs Everyone (A TVF Original Series Soundtrack),50,160000,,142,0.44,0.42,0.47,-6.6,True,hindi,https://open.spotify.com/track/2w281x1RYTSgIPk37jPAkj
1QDhMZ0dA23ntA8MsKhr72,Even Flow,"Jxggi, Dishant",3fD8S8sslhiMSVOdXv8yuG|03NjaVnVwllxUUcSUDglNJ,4 Real,50,125071,,91,0.42,0.4,0.82,-8.6,True,hindi,https://open.spotify.com/track/1QDhMZ0dA23ntA8MsKhr72
5ILI8FJRxlnbZ1vdLUqwOi,Every Breath,Hanbit Yu,6EwFg9rHS30Z3GWgMlyHf9,"RUNNING & WORKOUT, Vol. 17",50,289800,,144,0.8,0.75,0.86,-6.3,True,english,https://open.spotify.com/track/5ILI8FJRxlnbZ1vdLUqwOi
03ujJwI605Tg8dvaHNJg6B,Everybody - Workout Remix,Workout Music Tv,0k5KeG8St6LiePh5blOwwl,90s Workout Hits Session (60 Minutes Non-Stop Mixed Compilatio for Fitness And Workout 135 Bpm - 32 Count),50,227583,,164,0.76,0.87,0.33,-13.4,True,english,https://open.spotify.com/track/03ujJwI605Tg8dvaHNJg6B
3xvmkSeX8BZ5VXDLUil9W6,Everybody's Free - Workout Remix 140 bpm,Hard EDM Workout,6A1PIjKax3t1iZQ4VKOegQ,Aerobic Super Hits 70s - 80s - 90s: 60 Minutes Mixed for Fitness & Workout 140 bpm/32 Count,50,219430,,140,0.6,0.37,0.84,-12.2,True,english,https://open.spotify.com/track/3xvmkSeX8BZ5VXDLUil9W6
29m79w9xPMH4YCD6r8JSmV,Excuses,"AP Dhillon, Gurinder Gill, Intense",6LEG9Ld1aLImEFEVHdWNSB|5DHi2MeoRgAwPE0A0qwRMl|0OS0NZnK7TGIAWx8MkWNFN,Excuses,50,176232,,107,0.82,0.66,0.7,-7.7,True,hindi,https://open.spotify.com/track/29m79w9xPMH4YCD6r8JSmV
06drJNxO4ykgYr75jvSXx3,Exercising Music,Workout Prodigy,4YSYgOI8ezmxsy2oZfJaB6,"Exercising Music – The Best Music for Exercising, New Gym Motivation Playlist",50,205714,,135,0.56,0.22,0.84,-7.5,True,english,https://open.spotify.com/track/06drJNxO4ykgYr75jvSXx3
79RDfNAeovI8G0t8uL5a3y,Exotic Swag,DJ Kamal Supreme,5Oir5zMAdY6S88DH0brPwb,Bhangra Supreme Workout & Dance Party,50,382008,,162,0.68,0.42,0.89,-5.4,True,hindi,https://open.spotify.com/track/79RDfNAeovI8G0t8uL5a3y
7A4wD66zhXV58qZPrjTexc,Eye Of The Tiger - Workout Remix,Workout Music Tv,0k5KeG8St6LiePh5blOwwl,Flat Abs Workout Session (60 Minutes Non-Stop Mixed Compilation for Fitness And Workout),50,254289,,129,0.57,0.22,0.63,-7.9,True,english,https://open.spotify.com/track/7A4wD66zhXV58qZPrjTexc
6JIquezleHbiqFOSuvBlxw,Ez-Ez,"Shashwat Sachdev, Diljit Dosanjh, Hanumankind, Raj Ranjodh",465OXuCU8YZNmVG1leLwQ9|2FKWNmZWDBZR4dE5KX4plR|4nVa6XlBFlIkF6msW57PHp|183DgO92lAqgpVVNKI7ZKF,Dhurandhar,50,182916,,134,0.44,0.84,0.41,-12.3,True,hindi,https://open.spotify.com/track/6JIquezleHbiqFOSuvBlxw
29JwuadJh9qkGY6hmQ2dNy,F#CK OFF,Jind Dhillon,4VQsUvJlPaQfvRzVWangsv,F#CK OFF,50,150000,,110,0.51,0.75,0.55,-9.2,True,hindi,https://open.spotify.com/track/29JwuadJh9qkGY6hmQ2dNy
2wq1Gh2YriiI6CwtfOngZ8,FINAL ENERGY,Hanbit Yu,6EwFg9rHS30Z3GWgMlyHf9,"RUNNING & WORKOUT PLAYLIST, Vol. 11",50,208199,,150,0.63,0.75,0.38,-7.2,True,english,https://open.spotify.com/track/2wq1Gh2YriiI6CwtfOngZ8
74PwEdjqn9qOlh4qXU7Fin,"FIR -Theme Song (From ""FIR"")","Ashwath, Christopher Stanley, Silambarasan TR, L Karunakaran, Mobina, Vishnu Vishal, Manjima Mohan",0ZME1dtaOU96fNDeTTAnnM|21U7OdOREja3hRaxem7U4X|5Hn84AFwiTEi8eMoI5B9AS|4e8tgEfcHEuyeEwYHqPo8C|6GdPneSy2avDlO3pwysmfl|469NF64y8j4Sdm2BliN0kp|1414taWBnXM61GeUHf6F15,FIR (Telugu) [Original Motion Picture Soundtrack],50,240000,,161,0.82,0.78,0.53,-7.9,True,english,https://open.spotify.com/track/74PwEdjqn9qOlh4qXU7Fin
3HHjmML4khj66TxslyvxcW,FREAK MOVEMENT - Speed Up,angelhard,4dPALmwr3jCS0XwH2KpeJK,FREAK MOVEMENT,50,68153,,162,0.4,0.65,0.34,-15.0,True,english,https://open.spotify.com/track/3HHjmML4khj66TxslyvxcW
5vU4ixUYWY4sWqbxAtUsNu,FUNK DE ESTRELAS - Slowed,"FXRR, trusteki",18Aa5fsiPr4pXRAwezZN6i|2d9AZ9eXlUkI6z0TGvvS9B,FUNK DE ESTRELAS,50,105620,,133,0.5,0.59,0.83,-5.4,True,english,https://open.spotify.com/track/5vU4ixUYWY4sWqbxAtUsNu
5paeboirvXHyDo7PfvuDA1,FUNK POWER - Mega Slowed,"yatashi, LLOYDS PH",67ryefQ0PchXCPk6zx2yy4|7lJFKG2qmPHjfXt8zy6xkm,FUNK POWER,50,117941,,143,0.7,0.84,0.89,-8.3,True,english,https://open.spotify.com/track/5paeboirvXHyDo7PfvuDA1
0qvMtmlk083p2tzGAYsotE,Falak Tu Garaj Tu,"Suchetha Basrur, Ravi Basrur, Deepak V. Bharti",4iuB0dl4ppOzsTJoUo19vc|2q1LRGJHpFxovU8Tz6OgRn|56FdOUnaF7guZllmwVlrfG,KGF Chapter 2 (Hindi),50,171325,,157,0.62,0.39,0.77,-12.3,True,hindi,https://open.spotify.com/track/0qvMtmlk083p2tzGAYsotE
19G7Rxv7SMztrk4Mhpbz03,Farzi,"Cheema Y, Gur Sidhu",0uOUeC51AxGnP6hB8gurwt|0QntOArZgiNHoemAzwJPu5,The Simpsons,50,177854,,113,0.49,0.21,0.65,-5.6,True,hindi,https://open.spotify.com/track/19G7Rxv7SMztrk4Mhpbz03
2nOYTpbx40xZG7PkoZwQEJ,Fast Aerobics Music,Xtreme Cardio Workout,6LdYcUQhPIhkcQJZM7Tpok,Fast Aerobics Music (140 BPM): Fast Beat Music for Extreme Aerobics Workout,50,218000,,166,0.8,0.63,0.47,-6.5,True,english,https://open.spotify.com/track/2nOYTpbx40xZG7PkoZwQEJ
56ToQ98qO4vV4ovuklbbmW,Fast Car - 132 BPM Workout Remix,Jayne Mendez,1v0pPpow6FkpRm0M6jOtxx,50 Top Summer Hits 2016 Fitness & Workout,50,251014,,178,0.5,0.24,0.52,-13.3,True,english,https://open.spotify.com/track/56ToQ98qO4vV4ovuklbbmW
0aUlD69H2ibHzfF7jxUA4s,"Fear Song (From ""Devara Part 1"") [Hindi]","Anirudh Ravichander, Manoj Muntashir",4zCH9qm4R2DADamUHMCa6O|4cAERazLlAzVGA10ORWaUP,"Fear Song (From ""Devara Part 1"") [Hindi]",50,195093,,110,0.45,0.55,0.87,-14.4,True,hindi,https://open.spotify.com/track/0aUlD69H2ibHzfF7jxUA4s
4uwUk23qJYXHWFJgXWPg9T,"Fear Song (From ""Devara Part 1"") [Tamil]","Anirudh Ravichander, Vishnu Edavan",4zCH9qm4R2DADamUHMCa6O|0EESJaBQY5fiBeQOGvDi3T,"Fear Song (From ""Devara Part 1"") [Tamil]",50,195079,,141,0.69,0.52,0.43,-14.4,True,english,https://open.spotify.com/track/4uwUk23qJYXHWFJgXWPg9T
2t0rnpPY1ZdfguwbGinqXj,Fear Song [TAMIL],"Anirudh Ravichander, Vishnu Edavan",4zCH9qm4R2DADamUHMCa6O|0EESJaBQY5fiBeQOGvDi3T,Devara Part 1 [TAMIL],50,195079,,100,0.59,0.35,0.63,-10.4,True,english,https://open.spotify.com/track/2t0rnpPY1ZdfguwbGinqXj
7o3gnrSdBN1yJeyDd3ysWX,Fear Song [TELUGU],"Anirudh Ravichander, Ramajogayya Sastry",4zCH9qm4R2DADamUHMCa6O|4GISoVSxo2LkF5EyorXs9W,Devara Part 1 [TELUGU],50,195064,,178,0.5,0.44,0.83,-10.3,True,english,https://open.spotify.com/track/7o3gnrSdBN1yJeyDd3ysWX
4lK9G6pZktZIJhrbJerZrP,Fearless - Slowed,Lost Sky,157L8iTHgbdrKVxdQEXluh,Fearless (Sped Up/Slowed),50,215990,,123,0.64,0.59,0.75,-10.6,True,english,https://open.spotify.com/track/4lK9G6pZktZIJhrbJerZrP
5591B51wK7sZrB6uCyC1D4,Fearless Funk - Slowed,"DR MØB, Chris Linton",3BxW2wyYPKUAlvmbOWxiDe|5Wpn7BDRJ8oq7CcF1EufWI,Fearless Funk,50,155416,,119,0.64,0.52,0.38,-5.3,True,english,https://open.spotify.com/track/5591B51wK7sZrB6uCyC1D4
333rQStMHgsUZt2eajJm3v,Feel The Love - 2021 Edit,"Andy Whitby, Steve Hill, Technikal, Mallorca Lee",0Dl6oKsS2ibxaqWsyJBmXd|1Lv0atz3RUxgFoYryDlsQR|4pHs90ktjf7gtmd2dvx4lf|03UkVcXgvym6TT0UaBSZIH,"Cardio Workout, Vol. 2",50,317257,,114,0.78,0.86,0.84,-5.5,True,english,https://open.spotify.com/track/333rQStMHgsUZt2eajJm3v
718z60WhAYsPlIPJ7F1cvU,Feelin’ Right,Lil Dreaux,6IAVA12AhYbWd4AoiehNsD,Beast Mode,50,164679,,156,0.84,0.25,0.83,-12.3,True,english,https://open.spotify.com/track/718z60WhAYsPlIPJ7F1cvU
4MM2P4GN4hQbVTJffPGRmu,Fight 3,"Surinder Sangha, Fatehveer Singh",3jnIyd3ZITqoNWFd1lkyn2|2pZatHBihHTKqLAhpniKPQ,Fight 3,50,186609,,178,0.6,0.5,0.67,-5.5,True,hindi,https://open.spotify.com/track/4MM2P4GN4hQbVTJffPGRmu
4ev5S2FdwGPzBQgS9lb16Q,Fire Song,"Devi Sri Prasad, Anurag Kulkarni, Deepthi Suresh",5sSzCxHtgL82pYDvx2QyEU|6LWyVEIBnx7MoRBhQxu9om|4PY2xnTu90K0hvkgcljRJl,Kanguva (Telugu),50,206727,,91,0.88,0.84,0.82,-10.7,True,english,https://open.spotify.com/track/4ev5S2FdwGPzBQgS9lb16Q
5XHJR0jeV62gK63XSxwgde,"Fire Song (From ""Kanguva"") (Hindi)","B Praak, Pavithra Chari, Devi Sri Prasad, Raqueeb Alam",56SjZARoEvag3RoKWIb16j|16IvLiMrXTMDCT1o2btRrG|5sSzCxHtgL82pYDvx2QyEU|5DJ9Jdt2tfopA7eKuHCO4h,"Fire Song (From ""Kanguva"") (Hindi)",50,206727,,120,0.44,0.36,0.51,-12.3,True,hindi,https://open.spotify.com/track/5XHJR0jeV62gK63XSxwgde
6THKvd4fDUp30sIzVq1c0f,"Fire Song (From ""Kanguva"") (Tamil)","V.M. Mahalingam, Senthil Ganesh, Shenbagaraj, Deepthi Suresh, Devi Sri Prasad, Viveka",6mHtkNCvRoFV9XMzvjSF1u|4tJdetTsMFHnS8UzgopPzn|4sOq2wyRjNnnYNhpM24NdI|4PY2xnTu90K0hvkgcljRJl|5sSzCxHtgL82pYDvx2QyEU|5r80gH9ibGjUVSQrXD8W7Z,"Fire Song (From ""Kanguva"") (Tamil)",50,206545,,122,0.82,0.26,0.31,-13.8,True,english,https://open.spotify.com/track/6THKvd4fDUp30sIzVq1c0f
0WZ6bHxptp7PHhGjdcLStQ,Fire in the Studio,Krstovic,0CFsFRs1w2mSLfRlpPZR75,Fire in the Studio,50,202839,,132,0.7,0.76,0.44,-13.4,True,english,https://open.spotify.com/track/0WZ6bHxptp7PHhGjdcLStQ
0HsPMGShb3UcdYTfg7IfXW,Firestone - Remix,Deck Hannabel,7ytobZLA2R0na5icaynz57,Workout Music: Best Motivational Songs for Running. Workout Songs for Gym Motivation Training,50,272813,,143,0.57,0.75,0.62,-13.2,True,english,https://open.spotify.com/track/0HsPMGShb3UcdYTfg7IfXW
7p2OO5STO2ONEMggFsy8fv,First Class (Kalank),"Pritam, Arijit Singh, Neeti Mohan",1wRPtKGflJrBx9BmLsSwlU|4YRxDV8wJFPHPTeXepOstw|3ZxZ03fj3tXBZHZWzvaLSM,Bollywood Workout Hits,50,276959,,176,0.66,0.33,0.53,-11.9,True,hindi,https://open.spotify.com/track/7p2OO5STO2ONEMggFsy8fv
1HzObZPrlMd5qZuTVm2VND,Fitness,"Gagan Haryanvi, Manisha Sharma",4ytVJDy173fPLx97Ww84JW|0zVGGSBVti6Dx67hJstvSf,Fitness - Single,50,240024,,160,0.74,0.3,0.3,-7.1,True,english,https://open.spotify.com/track/1HzObZPrlMd5qZuTVm2VND
6ethANfceRWC97t8tqxo1s,Fitness Focus Playlist,Hot Beat Universe,4wC7SuWGv5zxNixbErqGyO,WORKOUT MUSIC 2025 WORKOUT MOTIVATION SONGS GYM BEASTMODE POWER,50,151399,,164,0.66,0.68,0.52,-5.4,True,english,https://open.spotify.com/track/6ethANfceRWC97t8tqxo1s
1MFThNRYfWhSwnXUGap69J,Fitness Ka Razz,Masoom Sharma,36iDrP3UnCxsSH9LuSdkDj,Fitness Ka Razz,50,173543,,108,0.74,0.68,0.55,-10.6,True,english,https://open.spotify.com/track/1MFThNRYfWhSwnXUGap69J
7mxtv2dIvBCrx7niPZw7i2,Fitness Kola,Devika Mardi,69mCXfowthZas60NJIKAFb,Fitness Kola,50,250688,,180,0.44,0.22,0.59,-11.5,True,english,https://open.spotify.com/track/7mxtv2dIvBCrx7niPZw7i2
6NtwTBBYpCZUlsN4wbr6Jd,Fitness Motivation,Hot Beat Universe,4wC7SuWGv5zxNixbErqGyO,WORKOUT MUSIC 2025 WORKOUT MOTIVATION SONGS GYM BEASTMODE POWER,50,158559,,133,0.67,0.72,0.32,-13.2,True,english,https://open.spotify.com/track/6NtwTBBYpCZUlsN4wbr6Jd
3HKkLVgv3LeCwoi3XlDioE,Five More Hours - Hardtekk,"STOICISM, OneLastLight",4OailY05cJMNWjYqG2DAka|6MFByPXl13KoK9CQxgy97l,Five More Hours (Hardtekk),50,85063,,179,0.63,0.72,0.44,-10.8,True,english,https://open.spotify.com/track/3HKkLVgv3LeCwoi3XlDioE
2hGZgV18V40dnAaYB252AG,Flowers - Workout Remix 140 bpm,Hard EDM Workout,6A1PIjKax3t1iZQ4VKOegQ,Aerobic Pop Hits 2023: 60 Minutes Mixed for Fitness & Workout 140 bpm/32 Count,50,219420,,113,0.64,0.67,0.39,-11.5,True,english,https://open.spotify.com/track/2hGZgV18V40dnAaYB252AG
0uiVRv86DmuGfNYUxKfblu,Folk Bhangra Instrumental,DJ Juggy,2Y2wCQJHBWEr1X5ALFoc1i,Folk Bhangra Instrumental,50,166363,,118,0.43,0.35,0.35,-6.9,True,hindi,https://open.spotify.com/track/0uiVRv86DmuGfNYUxKfblu
3zMyIn6Y36IkWbFEmpoiyy,For Running - Workout Playlist,"Workout Music Gym, House Mix 2021, Workout Dance Music",6L0h1JhRtSMcBFcbdfk4m5|1uJzcqnMp62pVFbeu9QlPZ|7H8HorLUuOJzx3wqU3J5hV,Workout Songs (Dance Music Workout),50,95964,,170,0.82,0.54,0.55,-9.3,True,english,https://open.spotify.com/track/3zMyIn6Y36IkWbFEmpoiyy
45JNYCB2vUv7r2VKCUWxAL,Forever Young - Workout Remix 130 bpm,SuperFitness,6L74J3BzylQkJF7rBXTpgT,Cardio Workout Mix 2023:130 bpm/32 count,50,177230,,136,0.61,0.63,0.35,-11.6,True,english,https://open.spotify.com/track/45JNYCB2vUv7r2VKCUWxAL
6RFXMY1w1eJVXpWh5ATpSJ,Freaks (Cardio Workout Remix),Cardio Mix Masterz,0Vcbha6XzwPkQdzQXXD6cl,"Cardio Hitmix! All Hits 3 (140-155 BPM, 32-Count, Nonstop Fitness & Workout)",50,227186,,116,0.52,0.87,0.54,-10.2,True,english,https://open.spotify.com/track/6RFXMY1w1eJVXpWh5ATpSJ
6TcieRd9gKAVIpVWCNlchw,Full Drop From The Jump – Cardio Workout Music,Hot Beat Universe,4wC7SuWGv5zxNixbErqGyO,Workout Music 2026 No Pain No Gain,50,144159,,121,0.5,0.23,0.79,-7.0,True,english,https://open.spotify.com/track/6TcieRd9gKAVIpVWCNlchw
6DA0mH5lhmEQXM8JZO8P5M,"Fully Faltu (From ""F.A.L.T.U"") - 128 BPM","Sachin-Jigar, Mika Singh",1mBydYMVBECdDmMfE2sEUO|5T2I75UlGBcWd5nVyfmL13,Workout Bollywood Style: 60 Mins Non Stop Mix,50,125000,,91,0.89,0.27,0.64,-10.0,True,hindi,https://open.spotify.com/track/6DA0mH5lhmEQXM8JZO8P5M
6ZIWhfjdxhQUsOqp3Yit10,Fun Cardio Zumba Beats,Workout & Wellness Zone,1z15HoWQvlL88FVMW590yX,Latin Dance Fit: Zumba Workout Music,50,186134,,127,0.46,0.44,0.58,-8.3,True,english,https://open.spotify.com/track/6ZIWhfjdxhQUsOqp3Yit10
7CsjzGFIdvIMTVTMGeMo8v,Future Generation,"Massano, Glowal",6htWLP8aiuf19FYMA4VQAZ|4XCU9tk7hogxz1SRTvVXLJ,Future Generation,50,183124,,90,0.54,0.51,0.75,-7.0,True,english,https://open.spotify.com/track/7CsjzGFIdvIMTVTMGeMo8v
46QbY78ha62aiu6gBgC7lS,G.O.A.T.,Diljit Dosanjh,2FKWNmZWDBZR4dE5KX4plR,G.O.A.T.,50,223636,,124,0.44,0.4,0.79,-7.4,True,hindi,https://open.spotify.com/track/46QbY78ha62aiu6gBgC7lS
6BoXE8m9l1MLheec7Gycey,G.O.D,"Farmaan SMG, BIG KAY SMG, Baggh-e SMG",3yXzSYXBOTZ0m1QAfjlzKK|0z4Mzficie9vUzDmz4Hy9G|4eu7AyzvnafwOygTQlfAMu,We Don't Miss,50,204369,,107,0.64,0.24,0.45,-14.1,True,hindi,https://open.spotify.com/track/6BoXE8m9l1MLheec7Gycey
3cEmejz655i76mr3E8oDWA,GALBAAT,"Big Ghuman, Mr.Dhatt",6L3F8cdWcweEu2d1kfggbH|0nJWdoUxGwfhOovTFsvXqt,BEAST MODE,50,190405,,127,0.5,0.24,0.87,-6.5,True,hindi,https://open.spotify.com/track/3cEmejz655i76mr3E8oDWA
1M2GwoetEQm3Icb475XLTT,GD UP,"Prem Dhillon, The Kidd, Surjit Khan",6IP4VnqS1pOiQcPVP4zx0H|1yLUeehqCm7X7QLRuUfZ1A|2NCZYytsjPe7RsYwCblxyl,Majhaestic,50,189890,,169,0.85,0.89,0.67,-9.6,True,hindi,https://open.spotify.com/track/1M2GwoetEQm3Icb475XLTT
0OhRzvfoqTLkWGE0J2mWh2,GO! GO! GIRL | Run the Power (Girl Power Workout Music),It's me Mali,69T8KSLr6VxoLGhdGUnlfY,GO! GO! GIRL | Run the Power (Girl Power Workout Music),50,163759,,161,0.48,0.53,0.37,-7.9,True,english,https://open.spotify.com/track/0OhRzvfoqTLkWGE0J2mWh2
4bY7k88P0CiTKSh8E0Qlzi,GODFATHER,"Sukha, Prodgk",6FDDxz6lYakINkmWPOlIZG|2E6ODN4Dna1vkh6s8sxHC0,UNDISPUTED,50,120251,,103,0.78,0.34,0.45,-10.6,True,hindi,https://open.spotify.com/track/4bY7k88P0CiTKSh8E0Qlzi
3Lk3HL4UFGoRWd4lWqfBH8,GTS,"Gkrazy, Arbaj Kahlon, Joban Chohxn",4LkjNJOsClWuQH574S7jSU|174z2Zbc2Kw7bNnS8TAwz8|6TtUdYGRngbXBYyN5QrFgV,GTS,50,211200,,171,0.68,0.25,0.82,-13.1,True,hindi,https://open.spotify.com/track/3Lk3HL4UFGoRWd4lWqfBH8
0ypDq4eRAC1dh6noTGzINg,GYM,Beant Sandhu,462GJZz4t1TGzBUYg4K4Dg,GYM,50,205374,,147,0.8,0.87,0.36,-10.6,True,english,https://open.spotify.com/track/0ypDq4eRAC1dh6noTGzINg
31JLT5Q4q0mUnVevRhuape,GYM,Ninja,2praKdsjYPKh2yNXBdTWGT,Marjaney (Original Motion Picture Soundtrack),50,189035,,127,0.46,0.36,0.89,-6.7,True,english,https://open.spotify.com/track/31JLT5Q4q0mUnVevRhuape
2sLLBFHDmGVKfwt4zYKiKq,GYM (feat. Vaishali Chaudhary),"Himanshu Kaushik, Ruchika Jangid, Shrikant, Vaishali Chaudhary",0hIrW1jncz4tDCnJTm7pfZ|5NgijFuMvkarmVkTpCnwjE|1GFXuGQMPwZjdjzwt7WdQe|1IAz1o1bWqWHYzx0qKoarq,GYM (feat. Vaishali Chaudhary),50,134032,,168,0.75,0.66,0.78,-13.6,True,english,https://open.spotify.com/track/2sLLBFHDmGVKfwt4zYKiKq
1Ia6hoT1vecjIz1hRDJqbu,GYM BRO,"WŁODAR, Ogryzek, Pedro",1H8lEfbUpbcXWFqbW9BMro|1Sdc6ySbIvzO0X9vbyHzWm|2LI7lXaNJU420lffFWJUcT,GYM BRO,50,137142,,155,0.8,0.21,0.83,-11.3,True,english,https://open.spotify.com/track/1Ia6hoT1vecjIz1hRDJqbu
58oNMourhqUjieNYKoOgU3,GYM SELFIE LANG NANAN (No Work Out!),PINOY LIKHA AI MUSIC,2FocCNQ3hDWnwPYWzp1JbK,MGA KANTA NA HINDI KO SINULAT,50,194800,,169,0.69,0.66,0.62,-9.6,True,hindi,https://open.spotify.com/track/58oNMourhqUjieNYKoOgU3
27pjWa8tPUEIRQ51shRErq,Gal Ban Gayee,Sukhbir,7bcSOvqOKoyZqU41p5YuoJ,Gal Ban Gayee,50,263511,,92,0.6,0.73,0.33,-7.0,True,hindi,https://open.spotify.com/track/27pjWa8tPUEIRQ51shRErq
5joTNrQ2E2HT94rkZccv1z,"Gal Mitthi Mitthi (From ""Aisha"") - 129 BPM","Amit Trivedi, Tochi Raina",7HCqGPJcQTyGJ2yqntbuyr|6k6dimE4a6OFnD0HWmkIUW,Workout Bollywood Style: 60 Mins Non Stop Mix,50,130026,,90,0.7,0.72,0.39,-8.7,True,hindi,https://open.spotify.com/track/5joTNrQ2E2HT94rkZccv1z
3SmC6XMTLBtcDZc1Nj9fy4,Gallan Raatan Diyaan,Raagline Studio,7iWaDtG4gUdoDRxJovnNvx,Punjabi Mashup Gym Edition vol.1,50,139440,,172,0.74,0.4,0.76,-14.6,True,hindi,https://open.spotify.com/track/3SmC6XMTLBtcDZc1Nj9fy4
1LopJtQ4niKBU597PaHSZv,Gallan Vapis Diyaan,Raagline Studio,7iWaDtG4gUdoDRxJovnNvx,Punjabi Mashup Gym Edition vol.1,50,130479,,117,0.73,0.68,0.34,-11.7,True,hindi,https://open.spotify.com/track/1LopJtQ4niKBU597PaHSZv
42XQdYYbd7D91AZ71dmfXt,Gangnam Style - Remix,Workout Music,5njMahLKD1tLJ5bejvqseV,100 Gym & Fitness Workout Hits! Playlist,50,247797,,173,0.87,0.58,0.55,-11.6,True,english,https://open.spotify.com/track/42XQdYYbd7D91AZ71dmfXt
1wwLgOmdXSUIMjf0NdD33a,Gangsta Drip,"Parmish Verma, Starboy X",3OQRPFFS3OsltFjFAXu1kE|0Fvud1OrUvlMHqxbEGmtnj,Gangsta Drip,50,120784,,165,0.49,0.54,0.72,-7.3,True,hindi,https://open.spotify.com/track/1wwLgOmdXSUIMjf0NdD33a
4q5G6NUeEpnszswxvLyXJN,Gangsta Paradise,Raagline Studio,7iWaDtG4gUdoDRxJovnNvx,Punjabi Mashup Gym Edition vol.1,50,209000,,109,0.64,0.56,0.39,-8.2,True,hindi,https://open.spotify.com/track/4q5G6NUeEpnszswxvLyXJN
48nH1dV2qfeMEPyd18Rwd0,Gangstaa,"Shabir Sulthan, Ghibran",1rya10vhugXdhuxVDPUwng|3jw2v5ZbSWBinNaECXq8cJ,Thunivu (Original Motion Picture Soundtrack),50,200938,,135,0.62,0.31,0.6,-15.0,True,hindi,https://open.spotify.com/track/48nH1dV2qfeMEPyd18Rwd0
3d32X1JXSXTH32lyK20SkS,Gangster,"Yuvan Shankar Raja, Stefny",6AiX12wXdXFoGJ2vk8zBjy|6zkwfUuUdKNbCLdjSbwLKm,Billa 2 (Original Motion Picture Soundtrack),50,247600,,139,0.51,0.27,0.66,-8.8,True,english,https://open.spotify.com/track/3d32X1JXSXTH32lyK20SkS
6LuassWAlIGT5vTJbY2QFk,Gears,"Arjan Dhillon, Mxrci",64DvMieEUCdrYKmEIhDt8G|5Us2dsq4VHlfLbKOrskg7K,THE REVOLUTION,50,150913,,91,0.53,0.75,0.83,-10.0,True,hindi,https://open.spotify.com/track/6LuassWAlIGT5vTJbY2QFk
3h4DywF9oYjxTabFBAUTqY,Gentle Cardio Beats,Music for Workout Boost,29CKTS4MGuEpgkdef8c8Up,Soft music for gym,50,219923,,160,0.54,0.61,0.3,-6.3,True,english,https://open.spotify.com/track/3h4DywF9oYjxTabFBAUTqY
0yxejrTLdnytDXQ4cVMYPS,Get My Bhangra On!,DJ Kamal Supreme,5Oir5zMAdY6S88DH0brPwb,Bhangra Supreme Workout & Dance Party,50,219850,,115,0.7,0.65,0.77,-7.4,True,hindi,https://open.spotify.com/track/0yxejrTLdnytDXQ4cVMYPS
3n1IbkZGIxwP27kiE3TKtP,Get Ready To Fight,"Benny Dayal, Siddharth Basrur, Pranaay",61if35zz1W11GejEkxTLEQ|6PtoffEX0RiktNdmCeuWkl|58L9DePlTLE2D1I9Ohvs63,Get Ready To Fight,50,204741,,166,0.46,0.63,0.39,-6.9,True,english,https://open.spotify.com/track/3n1IbkZGIxwP27kiE3TKtP
5rNa4JvSQIUVl34hDuA39v,Get Ready To Fight Again,"Pranaay, Ginny Diwan",58L9DePlTLE2D1I9Ohvs63|4EZ6GDVebknxx5Funcp0X2,Baaghi 2,50,196712,,171,0.86,0.85,0.69,-12.5,True,hindi,https://open.spotify.com/track/5rNa4JvSQIUVl34hDuA39v
3SglaOPDd7NRathWQmjFfY,"Get Ready To Fight Reloaded (From ""Baaghi 3"") (feat. Siddharth Basrur)","Pranaay, Siddharth Basrur",58L9DePlTLE2D1I9Ohvs63|6PtoffEX0RiktNdmCeuWkl,"Get Ready To Fight Reloaded (From ""Baaghi 3"")",50,171690,,112,0.74,0.68,0.86,-7.7,True,hindi,https://open.spotify.com/track/3SglaOPDd7NRathWQmjFfY
5cCBY3yx1UfZAQms1noMJ1,Ghaint Game,Raagline Studio,7iWaDtG4gUdoDRxJovnNvx,Punjabi Mashup Gym Edition vol.1,50,185480,,141,0.84,0.4,0.31,-8.6,True,hindi,https://open.spotify.com/track/5cCBY3yx1UfZAQms1noMJ1
3HRLPt41jlHSamcpXxmRnJ,Ghamand Kar,"Sachet Tandon, Parampara Tandon",6WOdPJmexxFINcKMkP2jMG|1E6arsXf5Fgsnv9YpSzjpE,Tanhaji - The Unsung Warrior,50,282822,,141,0.74,0.3,0.36,-10.7,True,hindi,https://open.spotify.com/track/3HRLPt41jlHSamcpXxmRnJ
4FcZBCb6dANhvsEnFlgJwG,"Ghamand Kar (From ""Tanhaji - The Unsung Warrior"")","Sachet Tandon, Parampara Tandon, Sachet-Parampara",6WOdPJmexxFINcKMkP2jMG|1E6arsXf5Fgsnv9YpSzjpE|1SyKki7JI1AZNKwgNMkn25,"Ghamand Kar (From ""Tanhaji - The Unsung Warrior"")",50,282822,,149,0.66,0.23,0.48,-14.6,True,hindi,https://open.spotify.com/track/4FcZBCb6dANhvsEnFlgJwG
4Ek9XbP8FHnjjuOXQ5kLAh,Ghani Anthem,"Aditya Iyengar, Sri Krishna, Saicharan Bhaskaruni, Prudhvi Chandra",47DIrvE03m9rQzgFXu9eJo|06V3WlbxMpgl639AJoFH7C|32rgf5uvf7GtEPjrHyJ6uU|4xUI2yJe8cZHYGhS8rk1oR,Ghani,50,246140,,127,0.4,0.63,0.59,-7.3,True,hindi,https://open.spotify.com/track/4Ek9XbP8FHnjjuOXQ5kLAh
5VlQvNMpZF3wXrXLfr89Xa,Ghost,"Diljit Dosanjh, thiarajxtt",2FKWNmZWDBZR4dE5KX4plR|54BjV0qctcWp8xOip7uaJD,Ghost,50,165781,,144,0.44,0.86,0.52,-9.9,True,hindi,https://open.spotify.com/track/5VlQvNMpZF3wXrXLfr89Xa
5Gj7bBHkXOEWCPOZv7eAHb,Glorious,Arjan Dhillon,64DvMieEUCdrYKmEIhDt8G,Chobar,50,163206,,144,0.7,0.48,0.75,-9.0,True,hindi,https://open.spotify.com/track/5Gj7bBHkXOEWCPOZv7eAHb
07TMiQbzbZQnGsZqYjqGjL,Go Higher (40-20 HIIT Workout Mix),"HIIT Music, CardioMixes Fitness",7MQXMvik6B0HIAbZ3uCQhf|5E7cmej4YumVHbKByppxbK,Total EDM HIIT Workout 2021 (40/20 4 Round Vocal Cues),50,254002,,92,0.84,0.3,0.56,-13.9,True,english,https://open.spotify.com/track/07TMiQbzbZQnGsZqYjqGjL
6wSI7rD1plp4G7FZpaYwQt,Go Low,"Salvi, Braveboy",09M87xFMTKdsWJxpEWaiat|3Pn9jNiMGZoYek2Lt2qQL3,Go Low,50,148235,,123,0.74,0.5,0.68,-14.3,True,english,https://open.spotify.com/track/6wSI7rD1plp4G7FZpaYwQt
1lP0yP0eN5Btj0zjFX72r6,God Bless,"Diljit Dosanjh, Sunny Malton, Offgrid, Ranbir Singh",2FKWNmZWDBZR4dE5KX4plR|2ScEhgArBEdKyU4vNHSyiY|7F8zSmymsU25wRm0x7R05Y|4tLqy17NOYpoJKW8Tdpwtl,AURA,50,185000,,174,0.58,0.4,0.56,-13.7,True,hindi,https://open.spotify.com/track/1lP0yP0eN5Btj0zjFX72r6
6OU20e0wzGy9LSNFxIlVFb,God Made Me A Raver,T78,5FgLkieOqGXPn01dnbJp9Z,God Made Me A Raver,50,244500,,135,0.7,0.43,0.66,-13.3,True,english,https://open.spotify.com/track/6OU20e0wzGy9LSNFxIlVFb
1KT8UcTXHJVOLuRFZmRxtA,"God Mode - From ""Karuppu""","Sai Abhyankkar, Gana Muthu, Vishnu Edavan",5jJrJU7VVmxQQLcLAmmxXc|2oyLpdrvnRrkgwc48UZFSx|0EESJaBQY5fiBeQOGvDi3T,"God Mode (From ""Karuppu"")",50,240264,,175,0.43,0.27,0.64,-11.6,True,english,https://open.spotify.com/track/1KT8UcTXHJVOLuRFZmRxtA
6FvIK8mlHhaqgg89WVHwwQ,God Mode Begins,"Sai Abhyankkar, Gana Muthu, Vishnu Edavan",5jJrJU7VVmxQQLcLAmmxXc|2oyLpdrvnRrkgwc48UZFSx|0EESJaBQY5fiBeQOGvDi3T,Karuppu (Original Motion Picture Soundtrack),50,55972,,98,0.52,0.23,0.47,-7.0,True,english,https://open.spotify.com/track/6FvIK8mlHhaqgg89WVHwwQ
0tzngqWSvECiYiLDgZpTiw,Godfather,"Gulab Sidhu, Fateh Shergill, Diamond",0OytfiwNkc1KzXE4ImyjgW|5RrNdku9cK7VRbaOxGPsPb|2FsgnpXcftQH9HppbO1DeC,Godfather,50,237396,,113,0.84,0.28,0.34,-11.4,True,hindi,https://open.spotify.com/track/0tzngqWSvECiYiLDgZpTiw
3PwCgaTvlCbjYeZSx7G5VU,Golden - Workout Remix 128 Bpm,Workout Music Tv,0k5KeG8St6LiePh5blOwwl,Ultramix Cardio Workout 2025 (60 Minutes Non-Stop Mixed Compilation for Fitness & Workout - 128 Bpm / 32 Count),50,120000,,178,0.48,0.44,0.35,-8.3,True,english,https://open.spotify.com/track/3PwCgaTvlCbjYeZSx7G5VU
7snBAC7hy1FHUAjAQ1OE17,Golden Mood,Lil Dreaux,6IAVA12AhYbWd4AoiehNsD,Beast Mode,50,154599,,126,0.56,0.2,0.81,-7.0,True,english,https://open.spotify.com/track/7snBAC7hy1FHUAjAQ1OE17
7tWqHgRFGNaLmtJywls52c,Good Day Energy,Lil Dreaux,6IAVA12AhYbWd4AoiehNsD,Beast Mode,50,146039,,115,0.56,0.42,0.7,-7.8,True,english,https://open.spotify.com/track/7tWqHgRFGNaLmtJywls52c
6TSrTM5nQkbKY9I3vD3VRc,Got Bhangra,DJ Kamal Supreme,5Oir5zMAdY6S88DH0brPwb,Bhangra Supreme Workout & Dance Party,50,219350,,123,0.81,0.75,0.54,-11.2,True,hindi,https://open.spotify.com/track/6TSrTM5nQkbKY9I3vD3VRc
76R5VmnfndVXCmNbUDAPj1,Grey,Fafaq,0EK2nCt5jxbkN2HCmtKy4V,Grey,50,161538,,139,0.42,0.2,0.45,-6.6,True,english,https://open.spotify.com/track/76R5VmnfndVXCmNbUDAPj1
10eG8xgEUMuzfOC003ivYf,Guitar Pllay,Various Artists,0LyfQWJT6nXafLPZqxe9Of,Fitness Workout Beats,50,330983,,99,0.56,0.53,0.84,-9.9,True,english,https://open.spotify.com/track/10eG8xgEUMuzfOC003ivYf
4k4trqKN7srdcL1r5gkw3V,Guitar Sikhda,Jassie Gill,3xZnxcyeC0vVaJvEA9VqrA,Guitar Sikhda,50,189333,,105,0.52,0.79,0.87,-9.8,True,hindi,https://open.spotify.com/track/4k4trqKN7srdcL1r5gkw3V
0vZMZGoA4sGw8T5K0Lqju7,Gujjar Sher (feat. Nitish Baisla),"Mayank Baisla, Harendra Nagar, Gourav Badpura, Nitish Baisla",7seZybYq5yAxq0GT7k6CNm|7LSZCgjIrHDXKxkMpaSPcS|0FgTBWaTyIB9sQsRRm3Hi9|2TTJBxMdqcNPeoEz21SmbX,Gujjar Sher (feat. Nitish Baisla),50,223124,,136,0.47,0.38,0.77,-7.6,True,english,https://open.spotify.com/track/0vZMZGoA4sGw8T5K0Lqju7
3io8fuczqvngWQxKJVltzr,Gulaabo,"Amit Trivedi, Anusha Mani, Vishal Dadlani",7HCqGPJcQTyGJ2yqntbuyr|03yzClwzHK7M7wiQMQixry|6CXEwIaXYfVJ84biCxqc9k,Bollywood Workout Hits,50,264417,,166,0.69,0.86,0.43,-12.4,True,hindi,https://open.spotify.com/track/3io8fuczqvngWQxKJVltzr
2a2dSBkNUViBmVv1PN7UJS,Gun-in Kadhal,"Vijay Yesudas, Arunraja Kamaraj",0aUQnP4HhUQXcurZl9GJIA|3jw6WnDlhrKkNjgcp8JGQe,Kolamaavu Kokila (CoCo) [Original Motion Picture Soundtrack],50,179565,,127,0.61,0.38,0.46,-11.2,True,english,https://open.spotify.com/track/2a2dSBkNUViBmVv1PN7UJS
1FXe8YBd4ARCuxMvoRCr0L,Guns And Roses,"Thaman S, Ritesh G Rao, Saatvik G Rao, M. Prasad Babu, Adviteeya Vojjala",2FgHPfRprDaylrSRVf1UlN|2n2CcYTvgrHcpKGDHtelgz|5Fgnpse5iLW3pcocaxZThz|592Ayb5DzvgQqtG6UdLY2n|09J325BgRreHJKVVVAECLx,They Call Him OG (Hindi) [Original Motion Picture Soundtrack],50,253145,,149,0.78,0.86,0.83,-9.5,True,hindi,https://open.spotify.com/track/1FXe8YBd4ARCuxMvoRCr0L
2RL4oFgOTNjYWHrAntDaeq,Gyal You A Party Animal,Charly Black,5sK8BsvyDl4TFA6KaBf8or,Perreo Cardio Workout,50,214866,,180,0.56,0.7,0.85,-11.1,True,english,https://open.spotify.com/track/2RL4oFgOTNjYWHrAntDaeq
0cJp93bd2GUrCBKIDtxRGR,Gym,Siippyy Gill,2zstvC7L2UiHZZo5Nrz9gY,Tiger,50,251846,,119,0.8,0.44,0.67,-7.9,True,english,https://open.spotify.com/track/0cJp93bd2GUrCBKIDtxRGR
1eKGrFo50StoYKJGOJLEU1,Gym,Harf Cheema,5LCotODBhURh2HRrDINp3A,Gym,50,115813,,147,0.62,0.61,0.75,-5.5,True,english,https://open.spotify.com/track/1eKGrFo50StoYKJGOJLEU1
4XYdNY3KON3WvuyePAs0kG,Gym,Sukh bhullar,0Z28QdHQtchzbDNkL4RhYW,Gym,50,166406,,129,0.84,0.76,0.52,-12.6,True,english,https://open.spotify.com/track/4XYdNY3KON3WvuyePAs0kG
07exfBPhstc9MFZHbEFoGX,Gym,Armaan Malik,3pibkVeMCi8twOlUWQGieI,Gym,50,136415,,167,0.88,0.64,0.85,-14.3,True,english,https://open.spotify.com/track/07exfBPhstc9MFZHbEFoGX
1rjWzI8RTAhWkXiVEViqfA,Gym,Gopi Longia,11xVQwDq4SMw5791vgJNRE,Gym,50,197000,,171,0.74,0.56,0.89,-11.9,True,english,https://open.spotify.com/track/1rjWzI8RTAhWkXiVEViqfA
3nBXFDDqHWiVEhpjTOKEoh,Gym,Deep Dhillon,6sE9pYOAxhQ6vfucZzc0JM,Haazri 2,50,175600,,163,0.7,0.77,0.35,-6.1,True,hindi,https://open.spotify.com/track/3nBXFDDqHWiVEhpjTOKEoh
73Y6HWrfffVtEVRe2MIZxo,Gym,Jatinder Gill,2oxFanx1VjJpup9o6HGZK1,Gym,50,325093,,126,0.76,0.88,0.71,-13.3,True,hindi,https://open.spotify.com/track/73Y6HWrfffVtEVRe2MIZxo
0XCoibm0RXKSqQZc6ddRqQ,Gym,"Inderjit Nikku, Raees, Mirroronly",6Tfn1zm2FagIHJLbTSMPim|3vZmPeQjoHJ8v2TS5TabSX|5Z4xc8enAcMaWp5xkRA5ej,Gym,50,150111,,126,0.66,0.47,0.38,-11.1,True,hindi,https://open.spotify.com/track/0XCoibm0RXKSqQZc6ddRqQ
62Y6zDu2eLc44s15QvbHz6,Gym,Anmolratan Singh Sangha,63qc5jBZmfN9jRYjcTSolh,Gym,50,238844,,180,0.63,0.27,0.66,-13.6,True,hindi,https://open.spotify.com/track/62Y6zDu2eLc44s15QvbHz6
6HxKH1c8SDsau7XeBoIcrl,Gym (feat. Badshah),"GOP, Badshah",34bg5TRSWonAii5JfSKVpO|0y59o4v8uw5crbN9M3JiL1,The Badshah of Party Hits,50,194920,,102,0.82,0.51,0.86,-8.6,True,hindi,https://open.spotify.com/track/6HxKH1c8SDsau7XeBoIcrl
65bUvJJSCC22CsOOorN5OL,Gym 2,Siippyy Gill,2zstvC7L2UiHZZo5Nrz9gY,Gym 2,50,216083,,144,0.66,0.82,0.61,-6.2,True,english,https://open.spotify.com/track/65bUvJJSCC22CsOOorN5OL
6UNH393eC8mDtllYHPlOrC,Gym 2,Miss Pooja,0DyXyd0D6fMUsuD6yONANx,Miss Pooja Vol-7 All Time Hits,50,239063,,118,0.47,0.77,0.67,-7.6,True,hindi,https://open.spotify.com/track/6UNH393eC8mDtllYHPlOrC
7GxH9z3H7ViyHT2jqImIEI,Gym Anthem (New Punjabi Song),Manny Bawa,4Vp4bkNva3T5C8Lh1AO1pS,Gym Anthem (New Punjabi Song),50,177560,,171,0.78,0.57,0.43,-9.3,True,hindi,https://open.spotify.com/track/7GxH9z3H7ViyHT2jqImIEI
0V6XW0s4kE8fLLygRlKJZ8,Gym Beats,Hot Beat Universe,4wC7SuWGv5zxNixbErqGyO,WORKOUT MUSIC 2025 WORKOUT MOTIVATION SONGS GYM BEASTMODE POWER,50,178879,,138,0.62,0.88,0.69,-8.5,True,english,https://open.spotify.com/track/0V6XW0s4kE8fLLygRlKJZ8
66v9etDiQY07fhZEF0tzC5,Gym Boyz,"King Kaazi, Millind Gaba",6SxJlrSOzEUo2OHtG6eqmR|7hVmdlsJp0E2WQIvVl8ngN,Gym Boyz,50,201562,,128,0.64,0.53,0.71,-11.5,True,english,https://open.spotify.com/track/66v9etDiQY07fhZEF0tzC5
0agaNWaaWTtrpkczOTT5cs,Gym Cardio Uplift,Music for exercise,2GscQvMMC8VPOjlHOSMrTb,Morning exercise music,50,109959,,147,0.84,0.7,0.72,-10.7,True,english,https://open.spotify.com/track/0agaNWaaWTtrpkczOTT5cs
4XweLUiI1SMbhoBDi21HgE,Gym Da Shokeen,JA$$A,15kMGTugB8ykrokYUF3NAR,Gym Da Shokeen,50,161333,,170,0.88,0.28,0.43,-9.1,True,hindi,https://open.spotify.com/track/4XweLUiI1SMbhoBDi21HgE
2Nns0ymEJbIYVrihppq73O,Gym De Shokeen,Bhallwaan,3FxW0tkjSNrYa2RvxqNKMG,Gym De Shokeen,50,225158,,108,0.55,0.43,0.66,-14.5,True,english,https://open.spotify.com/track/2Nns0ymEJbIYVrihppq73O
6BPESnukN5B5on7hJHrvK0,Gym De Shokeen,Shaan Sandhu,4ccsCgfEZX7r5S6QoFzb3p,Gym De Shokeen,50,201340,,156,0.5,0.29,0.63,-10.1,True,hindi,https://open.spotify.com/track/6BPESnukN5B5on7hJHrvK0
2btGjzyyfMrt7dhiE7KqBy,Gym De Shokeen 2,"Saab Goraya, Bhallwaan",7nqFt6qdbyBX9o9ZFXfCTB|3FxW0tkjSNrYa2RvxqNKMG,Gym De Shokeen 2,50,338750,,137,0.64,0.88,0.77,-10.5,True,english,https://open.spotify.com/track/2btGjzyyfMrt7dhiE7KqBy
7qPXqScbYBBD2n64p1IkDK,Gym Flow,Yuvi,3xthAhsDWiuKrk3bIWMm1o,Gym Flow,50,127833,,166,0.44,0.42,0.65,-14.6,True,english,https://open.spotify.com/track/7qPXqScbYBBD2n64p1IkDK
1X09py04t6sPhnuZlsHYRd,Gym Hindi Workout Fit Motivation Workout India Fitness,"Gym Motivation Work Out, Fitness Motivation Work Out, Boxing Motivation Work Out",69pKWucH8a724g60GjxW9R|6rQklhAb1V3EZ8VOHhRfBQ|5J7cDzg2UpOdoERGAPzgvB,Best Gym Workout Motivation Fitness Motivational Warrior,50,132481,,160,0.7,0.86,0.65,-11.5,True,hindi,https://open.spotify.com/track/1X09py04t6sPhnuZlsHYRd
44mGhplvTxr9Py9o2OPaav,Gym Motivation,Best Workout Music,7ziwheNBCNXdIyaF7U6Aer,Gym Motivation,50,153333,,119,0.68,0.61,0.55,-5.9,True,english,https://open.spotify.com/track/44mGhplvTxr9Py9o2OPaav
0tgqHTiQU07LopClCRF4l3,Gym Motivation Song - 2026,Dev Tunez,13YQWWSZboad472prhcGiF,Gym Motivation Song - 2026,50,143200,,135,0.85,0.58,0.49,-8.8,True,english,https://open.spotify.com/track/0tgqHTiQU07LopClCRF4l3
6KqGSlUojQiLFPGF2P6Io2,Gym Motivation Songs Hindi,"Funk Estranho, Workout Music, GYM Music",0RCgYaSk45PomwhKZrOTnd|2275J0UUL9AOwi887FRAmm|1gm9lgF9xqdkAhCL5JEcHJ,GYM Workout Music Motivation DJ,50,238000,,144,0.5,0.68,0.81,-7.7,True,hindi,https://open.spotify.com/track/6KqGSlUojQiLFPGF2P6Io2
6j1Gw95iQRvMH8s291Yk0w,Gym Punjabi,"Baali Kurre, ReVive Studio",3wNtowcdyMDnBPoQqGTNfz|01SaYMAMY2voIZDj21BgsR,Gym Workout Music Vol 3,50,174269,,154,0.77,0.58,0.75,-12.0,True,hindi,https://open.spotify.com/track/6j1Gw95iQRvMH8s291Yk0w
2J7dBIh47xRDfBru9v4FHB,Gym Shim,"Joshilay, Jaideep Sahni",7exsOkCFCtPJnDFjNKagVA|5kPOMQZvgkAEnRZqwn9SYQ,Dil Bole Hadippa,50,195813,,110,0.43,0.68,0.52,-12.5,True,hindi,https://open.spotify.com/track/2J7dBIh47xRDfBru9v4FHB
6TlbbUpMEYsKjqi0fs2DaC,Gym Waale Gabru,Epic Bhangra,0y45blUY9ke8s3hBOMUM6l,Gym Waale Gabru,50,159880,,128,0.76,0.86,0.75,-7.9,True,hindi,https://open.spotify.com/track/6TlbbUpMEYsKjqi0fs2DaC
5zIR3yiCcQsIvVu0xO6BxA,Gym Workout,EDM MUSIC,0ISKLU8NCFr6QWESgycun9,Gym Mix,50,138512,,132,0.78,0.64,0.41,-11.1,True,english,https://open.spotify.com/track/5zIR3yiCcQsIvVu0xO6BxA
6o7ybIaPKaatlge75V2uTI,Gym Workout,Mennoh,6JS7TqkAlKegr7adbubIXx,Gym Workout,50,138265,,178,0.54,0.84,0.89,-11.4,True,english,https://open.spotify.com/track/6o7ybIaPKaatlge75V2uTI
7BbpTa9FvdN258MEeRZGdu,Gym Workout Mix — High Intensity Training Music,Vond Ace,5wN2KactkFC6SBoWHqaXvE,Workout Music — High Energy Tracks for Training & Gym,50,175860,,99,0.86,0.29,0.43,-6.1,True,english,https://open.spotify.com/track/7BbpTa9FvdN258MEeRZGdu
4ECGsrw9pCQF8tpwiOJDlT,Gym Workout Music,"Workout Music Gym, Gym Motivation Music",6L0h1JhRtSMcBFcbdfk4m5|1i7wSeiTCjCJoekodpJMTd,Tabata Workout Music,50,147795,,106,0.86,0.39,0.53,-13.1,True,english,https://open.spotify.com/track/4ECGsrw9pCQF8tpwiOJDlT
68GSVOg1o6agNcSYaUsbLz,Gym Workout Song,Vibe Chemistry,1L5GuSYb4gktP74dqFkJpi,Balance,50,154583,,123,0.42,0.56,0.66,-5.8,True,english,https://open.spotify.com/track/68GSVOg1o6agNcSYaUsbLz
41Q8HxZwPb14w8aZ83osPA,Gym by the Sea - Workout Music,Bikini Body Workout,7ATE8qfytERUfTqliRYBum,"Workout Instrumentals 4 Cardio, Running, Cycling",50,261562,,121,0.47,0.86,0.38,-12.4,True,english,https://open.spotify.com/track/41Q8HxZwPb14w8aZ83osPA
32uSQer5BzT4fWVPwqrBwQ,Gymnopedie,"Masala Roo, Dj Hindi Bacha, Latium",2pijXGpfzmZrHI7npjoIzm|4DKQvnJHtQWd7G7DgyjKKV|6IncO9XpUDEbhPQ2Sjli2F,After the Showers,50,212000,,132,0.68,0.21,0.46,-14.9,True,hindi,https://open.spotify.com/track/32uSQer5BzT4fWVPwqrBwQ
4IAMKCoIUJfWZ7o22HVOvf,Gymnopedie No. 1,"Koh Lantana, Dj Hindi Bacha, Latium",28yVQeWaeYb1unTAY264X6|4DKQvnJHtQWd7G7DgyjKKV|6IncO9XpUDEbhPQ2Sjli2F,The Bell Will Ring,50,166299,,137,0.89,0.77,0.82,-7.6,True,hindi,https://open.spotify.com/track/4IAMKCoIUJfWZ7o22HVOvf
3V8S5NBAQk1K19a1hrw7MF,Gymnopedie No. 2,"Dj Hindi Bacha, Guevara Goo, Hoboken",4DKQvnJHtQWd7G7DgyjKKV|4EeyWlYy9GonaNuEeCRHh8|4HARu4hK9xDTdAIao8q8yH,Evergreen Peace,50,154000,,91,0.74,0.46,0.56,-5.7,True,hindi,https://open.spotify.com/track/3V8S5NBAQk1K19a1hrw7MF
3UPSVkB394U5pM6AVBuT7V,Gypsy Woman - Workout Remix 128 Bpm,Workout Music Tv,0k5KeG8St6LiePh5blOwwl,40 Best Aerobic & Cardio Songs Ever 90s Hits For Fitness & Workout (Unmixed Compilation for Fitness & Workout 128 - 142 Bpm / 32 Count),50,292968,,121,0.47,0.27,0.74,-9.2,True,english,https://open.spotify.com/track/3UPSVkB394U5pM6AVBuT7V
5uraUNmdbuOLj6CjZFo6vX,HEAT,"Sukha, Prodgk",6FDDxz6lYakINkmWPOlIZG|2E6ODN4Dna1vkh6s8sxHC0,2003,50,147411,,136,0.46,0.56,0.54,-10.3,True,hindi,https://open.spotify.com/track/5uraUNmdbuOLj6CjZFo6vX
47MwqVCSs4w5uX8LuqZFMX,HIIT Cardio Workout House - Dance Music Mix,"House Mix 2021, Workout Music Gym",1uJzcqnMp62pVFbeu9QlPZ|6L0h1JhRtSMcBFcbdfk4m5,Best Workout Music 2021,50,173353,,133,0.72,0.7,0.61,-5.1,True,english,https://open.spotify.com/track/47MwqVCSs4w5uX8LuqZFMX
5q5UQ6r6ZiXVEqYH3LwCKZ,HILEXX - Slowed,"VXNGXANCE, IHORDTENEB, NYOX",07sl1S4yRcTIlaeNcL5CKd|1A2iPTpSztFvth3jw0tlif|4HC3mnxjnP4rlhz3eWgtPb,HILEXX,50,96004,,108,0.58,0.21,0.48,-12.1,True,english,https://open.spotify.com/track/5q5UQ6r6ZiXVEqYH3LwCKZ
0MD0JbeLWCUT1gBGhQ5xsi,HINDI FUNK,"Fran Garro, Phonkclub, Gym Syster",51pJDlC1KMvT0jKR51zoUi|06Fjf6wsQtSbM1bj1loq7e|1brTNAMyPQuxHBkm75WEs7,HINDI FUNK,50,96000,,107,0.56,0.62,0.33,-14.6,True,hindi,https://open.spotify.com/track/0MD0JbeLWCUT1gBGhQ5xsi
3DR5ZJJOEYgVlfzbfxjR0m,HINDI FUNK - Slowed,"Fran Garro, Phonkclub, Gym Syster",51pJDlC1KMvT0jKR51zoUi|06Fjf6wsQtSbM1bj1loq7e|1brTNAMyPQuxHBkm75WEs7,HINDI FUNK,50,100685,,135,0.56,0.44,0.7,-8.3,True,hindi,https://open.spotify.com/track/3DR5ZJJOEYgVlfzbfxjR0m
16D4Q1SMdmNqEHxZpEx1kP,HINDI FUNK - Sped Up,"Fran Garro, Phonkclub, Gym Syster",51pJDlC1KMvT0jKR51zoUi|06Fjf6wsQtSbM1bj1loq7e|1brTNAMyPQuxHBkm75WEs7,HINDI FUNK,50,89830,,180,0.82,0.6,0.58,-12.9,True,hindi,https://open.spotify.com/track/16D4Q1SMdmNqEHxZpEx1kP
2YvdmtElvPsF9VfNTlBS1U,HINDI FUNK - Super Slowed,"Fran Garro, Phonkclub, Gym Syster",51pJDlC1KMvT0jKR51zoUi|06Fjf6wsQtSbM1bj1loq7e|1brTNAMyPQuxHBkm75WEs7,HINDI FUNK,50,108443,,124,0.54,0.4,0.75,-11.0,True,hindi,https://open.spotify.com/track/2YvdmtElvPsF9VfNTlBS1U
1L02flK37IqY3NtIDMWdzW,HINDI FUNK - Ultra Slowed,"Fran Garro, Phonkclub, Gym Syster",51pJDlC1KMvT0jKR51zoUi|06Fjf6wsQtSbM1bj1loq7e|1brTNAMyPQuxHBkm75WEs7,HINDI FUNK,50,117750,,105,0.84,0.54,0.84,-7.0,True,hindi,https://open.spotify.com/track/1L02flK37IqY3NtIDMWdzW
60QKIYJqa1CEAldtNFvEEB,HUNDO,"Chani Nattan, Sukha, Inderpal Moga",1sSYaQBOI71QZDZ9OWW3hp|6FDDxz6lYakINkmWPOlIZG|4Lk9Mory8nRTolPO1TMMcN,Desi Gym Pump Music,50,143545,,178,0.8,0.48,0.3,-6.2,True,hindi,https://open.spotify.com/track/60QKIYJqa1CEAldtNFvEEB
43122xUR5YRzRcgYvtsIAn,HY BYD - SUPER SLOWED,"Dj Tchouzen, Zago, DJAY VMC, DJ Martins 011, SoundMusic Original",2nRKgPUikjmFOJ1UBmh8Fy|6MX5QgkKRcQqFTuaC3m8RJ|0uJLbNWKPDh7zF84pftMYw|67jo9baxf5no2c3MCgw1aq|7l3VDav1Nb5OZWUxMFiSqW,HY BYD,50,158769,,92,0.9,0.84,0.81,-7.9,True,english,https://open.spotify.com/track/43122xUR5YRzRcgYvtsIAn
3FesGRfsUlUwyEtqIVDkTe,HYPE,Har Gill,2WMUZFbyM1IOAHMxvbPF1H,HYPE,50,157865,,162,0.73,0.49,0.37,-8.0,True,hindi,https://open.spotify.com/track/3FesGRfsUlUwyEtqIVDkTe
0GYcnte1dqzTVt2ge1I0z4,Haar Nahi - Hindi Workout,Minns,109bXkunJD3qI4zj90x99F,Hindi Workout Mix 2026,50,250000,,127,0.61,0.44,0.3,-12.4,True,hindi,https://open.spotify.com/track/0GYcnte1dqzTVt2ge1I0z4
0t3NnJcKMEQN3E1io5AG3i,Habits (Stay High) (Cardio Workout Remix),Janna B,4gMPzoPsClOnOLJalQJj4w,"Cardio Hitmix! All Hits 3 (140-155 BPM, 32-Count, Nonstop Fitness & Workout)",50,172160,,95,0.57,0.49,0.4,-13.6,True,english,https://open.spotify.com/track/0t3NnJcKMEQN3E1io5AG3i
2EgD9FDM6NCNF26M3vtkK8,"Hai Junoon - Remix (From ""New York"")","Pritam, KK, Sandeep Shrivastava, Pritam, KK, Sandeep Shrivastava",1wRPtKGflJrBx9BmLsSwlU|4fEkbug6kZzzJ8eYX6Kbbp|7qATomOqJzoJiuEpAaxOXd|740VsWUUDtEkhTvi5ebxo3,YRF Top 10 - Bollywood Workout Beats,50,369110,,140,0.78,0.77,0.37,-10.5,True,hindi,https://open.spotify.com/track/2EgD9FDM6NCNF26M3vtkK8
0deivoZ8NBPGNj8ttejYAx,Hai Phút Hơn,deprezz,6fL5VGL0vinKQ5HOviw6iX,Hai Phút Hơn,50,145528,,99,0.64,0.26,0.54,-8.9,True,english,https://open.spotify.com/track/0deivoZ8NBPGNj8ttejYAx
3Zh2ngO9easf9Nj868G6a9,Haiwaan,Ashim Kemson,61xWsEEVhNqPgnjLZ56elT,ANIMAL,50,162923,,176,0.55,0.38,0.82,-12.5,True,hindi,https://open.spotify.com/track/3Zh2ngO9easf9Nj868G6a9
2oEHcVe21whTKWQBqRAYPp,"Halamithi Habibo (From ""Beast"")","Anirudh Ravichander, Jonita Gandhi",4zCH9qm4R2DADamUHMCa6O|00sCATpEvwH48ays7PlQFU,"Halamithi Habibo (From ""Beast"")",50,279677,,122,0.42,0.45,0.44,-10.2,True,hindi,https://open.spotify.com/track/2oEHcVe21whTKWQBqRAYPp
5YyidqJpyHGTsOgpQeo1oa,"Halamithi Habibo (From ""Beast"")","Anirudh Ravichander, Jonita Gandhi",4zCH9qm4R2DADamUHMCa6O|00sCATpEvwH48ays7PlQFU,"Halamithi Habibo (From ""Beast"")",50,279677,,143,0.87,0.38,0.55,-9.2,True,hindi,https://open.spotify.com/track/5YyidqJpyHGTsOgpQeo1oa
4IzjE27aZz4uYc9DruS2oo,Hall of Fame,Chxrry,6HhmgikznhjpcHnh14n9dJ,"U, Me & My Ego",50,191408,,115,0.88,0.68,0.45,-14.2,True,english,https://open.spotify.com/track/4IzjE27aZz4uYc9DruS2oo
0J0s3wgpcUAsrszrr0vfb9,Hall of Fame,Chxrry,6HhmgikznhjpcHnh14n9dJ,Hall of Fame,50,191408,,107,0.7,0.37,0.37,-11.4,True,english,https://open.spotify.com/track/0J0s3wgpcUAsrszrr0vfb9
5nMU8XwMpfni9c1HskFlzA,"Har Har Mahadev - From ""Omg 2""",Vikram Montrose,0aXLGxJ65wok0y1bVG6flg,Bollywood Workout Hits,50,187500,,112,0.65,0.66,0.4,-8.8,True,hindi,https://open.spotify.com/track/5nMU8XwMpfni9c1HskFlzA
0E5VQ9zTNjpTitGhxyy57H,Har Raston Se Keh Do - Motivational Hindi Song | Gym Song | Exam Preparation Song | Kavi AKG,Kavi Arun Kumar Gautam,0gEoYTnAN8ndXgL1yZq6yU,Har Raston Se Keh Do (Motivational Hindi Song | Gym Song | Exam Preparation Song | Kavi AKG),50,206839,,137,0.53,0.41,0.84,-11.6,True,hindi,https://open.spotify.com/track/0E5VQ9zTNjpTitGhxyy57H
3NOa1ugyTqVw9bBVTAfj1Y,Hard Work,R Nait,4buk1Dwc5ynSnOGVeMJOON,Hard Work,50,201287,,101,0.5,0.72,0.73,-12.3,True,hindi,https://open.spotify.com/track/3NOa1ugyTqVw9bBVTAfj1Y
3tEnR9hC6fMvpph0UGHZwy,Harlem Shake - Remix,Workout Music,5njMahLKD1tLJ5bejvqseV,100 Gym & Fitness Workout Hits! Playlist,50,299467,,170,0.78,0.49,0.72,-14.5,True,english,https://open.spotify.com/track/3tEnR9hC6fMvpph0UGHZwy
4RtC4hmO8A3dR85H5hht8s,Hass K Kude - Punjabi Dance Mix,"Vansh Vijan, Diljit Dosanjh",3gPrw93H7bysLfQYCaEvR2|2FKWNmZWDBZR4dE5KX4plR,Hass K Kude - Punjabi Dance Mix,50,168000,,99,0.78,0.31,0.49,-5.8,True,hindi,https://open.spotify.com/track/4RtC4hmO8A3dR85H5hht8s
1Lz7QK9fJfV39eoapOyhzF,Havana - Workout Remix 135 bpm,SuperFitness,6L74J3BzylQkJF7rBXTpgT,Aerobic Hits Session 2018: 60 Minutes Mixed Compilation for Fitness & Workout 135 bpm/32 Count,50,241733,,118,0.78,0.31,0.72,-13.0,True,english,https://open.spotify.com/track/1Lz7QK9fJfV39eoapOyhzF
0uafjLNfq7G6xNzXTXIymq,"Head of the Table (From ""WWE Wrestlemania 42 Roman Reigns"")",Styzmask,0r2b4Z81xqMIY9GnNGxOVd,"Head of the Table (From ""WWE Wrestlemania 42 Roman Reigns"")",50,317978,,102,0.68,0.28,0.52,-5.5,True,english,https://open.spotify.com/track/0uafjLNfq7G6xNzXTXIymq
0lcABjcxgunaSXckiR1GMg,Heavy Dance Music Workout - Cardio Songs Workout,"Workout Music Gym, House Mix 2021, Workout Dance Music",6L0h1JhRtSMcBFcbdfk4m5|1uJzcqnMp62pVFbeu9QlPZ|7H8HorLUuOJzx3wqU3J5hV,Workout Songs (Dance Music Workout),50,191264,,140,0.49,0.49,0.48,-5.6,True,english,https://open.spotify.com/track/0lcABjcxgunaSXckiR1GMg
6jCCZ5y8AP7sSuQs75nkDQ,Heavy Weight Bhangra Remix,Ranjit Bawa,6pU5oz09VUYtnFTd4P1Mxn,Heavy Weight Bhangra Remix,50,177145,,127,0.5,0.56,0.31,-12.3,True,hindi,https://open.spotify.com/track/6jCCZ5y8AP7sSuQs75nkDQ
38mLsnN2kuN59DfejkFadg,Heavyweight Bhangra,Ranjit Bawa,6pU5oz09VUYtnFTd4P1Mxn,Heavyweight Bhangra,50,189975,,133,0.44,0.78,0.74,-5.9,True,hindi,https://open.spotify.com/track/38mLsnN2kuN59DfejkFadg
25AgUMELFSK4CRQTvXd6xF,Heel,Kaka,1Oh5bPXjw5jreVFhKc4jux,Billo Kehndi,50,202666,,158,0.55,0.83,0.57,-9.6,True,hindi,https://open.spotify.com/track/25AgUMELFSK4CRQTvXd6xF
5XXSAqYXdWrWGhXhYZoNhn,Hikka,Arjan Dhillon,64DvMieEUCdrYKmEIhDt8G,Patandar,50,165872,,137,0.72,0.56,0.41,-10.2,True,english,https://open.spotify.com/track/5XXSAqYXdWrWGhXhYZoNhn
1EpTKrYypaCMnL5BWaKxrg,Hindi Songs (Pilates Workout),Pilates Chart,0AX3YjUczRPzFlVL0Hsh3w,Pilates Workout Prime - Chillout and Lounge Beats,50,291213,,158,0.68,0.75,0.34,-12.7,True,hindi,https://open.spotify.com/track/1EpTKrYypaCMnL5BWaKxrg
3HS9zYQDogXspaocpzZw0a,Hindi Workout,Brighter Halo,21fPKmjQFIsqAhFgNDahVt,Aruna,50,197254,,114,0.6,0.7,0.72,-7.1,True,hindi,https://open.spotify.com/track/3HS9zYQDogXspaocpzZw0a
6LYY3r2gAc5W4HsTufgyTF,Hindi Workout - English Dance Mix,"Workout Music Gym, House Mix 2021, Workout Dance Music",6L0h1JhRtSMcBFcbdfk4m5|1uJzcqnMp62pVFbeu9QlPZ|7H8HorLUuOJzx3wqU3J5hV,Workout Songs (Dance Music Workout),50,152385,,124,0.71,0.49,0.48,-6.0,True,hindi,https://open.spotify.com/track/6LYY3r2gAc5W4HsTufgyTF
1KbjgNth319IAPOdOX6ZG9,Hindi Workout - English Dance Mix,"House Mix 2023, Workout Music 2023, Music Workout Hits 2023",4HztGaXXZtgD2psbqkrlw7|07X8P2NedkkF9SMvsCYjDU|7yVfr9ixx2wclnTZiOM1vh,Workout Music Playlist 2023 (Workout Music Dance 2023),50,152385,,177,0.89,0.89,0.79,-14.8,True,hindi,https://open.spotify.com/track/1KbjgNth319IAPOdOX6ZG9
7vhaVFlG1xLJkDCzFjE0cO,Hindu Chalisa,"Kalki, Sarthi",6MGj9jkIDU8HK9p4LYP1t8|5Fluy0iHq6SifZbUkkou7l,Hindu Chalisa,50,261353,,107,0.44,0.61,0.73,-5.9,True,hindi,https://open.spotify.com/track/7vhaVFlG1xLJkDCzFjE0cO
6oWX7zXwcQmIiXNwRtYdCl,Hindu Veer Maharana,"Vikrant Thakur, Shivani Thakur",2zKhmt4qNY6WABOkUSQwM4|0In3adfXpcbpuwKXFSaO3w,Hindu Veer Maharana,50,120067,,128,0.49,0.21,0.61,-13.6,True,hindi,https://open.spotify.com/track/6oWX7zXwcQmIiXNwRtYdCl
6PyH2CClSQugTQr5Wp40kD,Hindustani (Suno Gaur Se Duniya Walo),"Shankar Mahadevan, Udit Narayan, Mahalakshmi Iyer, Dominique",1SJOL9HJ08YOn92lFcYf8a|70B80Lwx2sxti0M1Ng9e8K|0Yb0T3wUUNiIvHjqnfkbuH|4iKhzZlW5dpmbF2LWnNlPr,Dus,50,271506,,119,0.73,0.68,0.6,-10.9,True,hindi,https://open.spotify.com/track/6PyH2CClSQugTQr5Wp40kD
51vLjktRW2jxiGJWXmLpCa,Hit The Gym (Punjabi Mix),Happe Dudde Music,6syGk3LM53axcJfbtkqSCv,Hit The Gym (Punjabi Mix),50,207279,,145,0.64,0.51,0.39,-8.2,True,hindi,https://open.spotify.com/track/51vLjktRW2jxiGJWXmLpCa
5Nk61wJGbPJNBIbnQG9vNl,Hompimpa,Marbles,5f5BQHYqjKGpSrgawqYWHQ,Hompimpa,50,139223,,100,0.42,0.42,0.45,-8.3,True,english,https://open.spotify.com/track/5Nk61wJGbPJNBIbnQG9vNl
0fpb4hhH1gi1S8ozbjL7Gt,Honey Sunny - Workout Remix 130 bpm,"Geo Da Silva, Stephan F",5E4rOL0HwjD2TGLhrK6tZp|5JFDqK3kLIAGJl8zPDHSAk,Cardio Workout Mix 2022: 130 bpm/32 count,50,206770,,99,0.76,0.62,0.89,-13.0,True,english,https://open.spotify.com/track/0fpb4hhH1gi1S8ozbjL7Gt
1yooINXWLLFUptIOO9pmTd,Hor Vi Auna Ae,Raagline Studio,7iWaDtG4gUdoDRxJovnNvx,Punjabi Mashup Gym Edition vol.1,50,166800,,147,0.53,0.8,0.61,-11.6,True,hindi,https://open.spotify.com/track/1yooINXWLLFUptIOO9pmTd
1kwS8YOYEOPgqrkwJvNr6z,"Hostel (From ""Hostel"")",Sharry Mann,5azWSYXVoLKYKHlR5zNJ7i,Fit & Fab - Punjabi Workout Beats,50,322954,,180,0.9,0.7,0.86,-12.7,True,hindi,https://open.spotify.com/track/1kwS8YOYEOPgqrkwJvNr6z
4z2EWlWBhr39eKbpuOlIpW,Hukum,"Anirudh Ravichander, Dinker kalvala, Bhaskarabhatla",4zCH9qm4R2DADamUHMCa6O|7HwltF8ExwWx43i230aJXM|1BuW9BEbBIhDu6F13TVxpu,Jailer (Original Motion Picture Soundtrack),50,207647,,107,0.7,0.66,0.4,-12.5,True,hindi,https://open.spotify.com/track/4z2EWlWBhr39eKbpuOlIpW
1ScUugcFHHoanxbMUZj2YC,"Hukum (From ""Jailer"")","Anirudh Ravichander, Super Subu",4zCH9qm4R2DADamUHMCa6O|6sXT8Cggm4tmoxhVjaUVs0,Anirudh x Sun Pictures - Powerhouse Hits,50,207647,,120,0.74,0.68,0.85,-5.3,True,hindi,https://open.spotify.com/track/1ScUugcFHHoanxbMUZj2YC
6QRPV2rgnmOTZAvzJLDStt,"Hukum - Hindi (From ""Rajini The Jailer"")","Anirudh Ravichander, Ritesh G Rao, Raqueeb Alam",4zCH9qm4R2DADamUHMCa6O|2n2CcYTvgrHcpKGDHtelgz|5DJ9Jdt2tfopA7eKuHCO4h,"Hukum - Hindi (From ""Rajini The Jailer"")",50,207647,,166,0.42,0.84,0.31,-13.4,True,english,https://open.spotify.com/track/6QRPV2rgnmOTZAvzJLDStt
1VhFZ2cCflcwp74w5Vzv7y,"Hukum - Telugu (From ""Jailer"")","Anirudh Ravichander, Dinker kalvala, Bhaskarabhatla",4zCH9qm4R2DADamUHMCa6O|7HwltF8ExwWx43i230aJXM|1BuW9BEbBIhDu6F13TVxpu,"Hukum - Telugu (From ""Jailer"")",50,207647,,116,0.8,0.31,0.49,-7.8,True,english,https://open.spotify.com/track/1VhFZ2cCflcwp74w5Vzv7y
5DgY6Ab0vpyUMKnY9ubFOF,Hukum - Thalaivar Alappara,"Anirudh Ravichander, Super Subu",4zCH9qm4R2DADamUHMCa6O|6sXT8Cggm4tmoxhVjaUVs0,Jailer (Original Motion Picture Soundtrack),50,207647,,107,0.66,0.87,0.79,-11.8,True,english,https://open.spotify.com/track/5DgY6Ab0vpyUMKnY9ubFOF
3pDbPKZHrpHAWcJVMsrNwA,"Hukum - Thalaivar Alappara - Tamil (From ""Jailer"")","Anirudh Ravichander, Super Subu",4zCH9qm4R2DADamUHMCa6O|6sXT8Cggm4tmoxhVjaUVs0,"Hukum - Thalaivar Alappara - Tamil (From ""Jailer"")",50,207647,,179,0.78,0.42,0.57,-12.7,True,english,https://open.spotify.com/track/3pDbPKZHrpHAWcJVMsrNwA
1u5Yj1mDaO2JlPI4MwVDcN,"Hukum Reloaded - Hindi (From ""Rajini The Jailer 2"")",Anirudh Ravichander,4zCH9qm4R2DADamUHMCa6O,"Hukum Reloaded - Hindi (From ""Rajini The Jailer 2"")",50,91764,,93,0.7,0.73,0.33,-12.2,True,hindi,https://open.spotify.com/track/1u5Yj1mDaO2JlPI4MwVDcN
57IV0hLaFBsJItvjSLu601,"Hukum Reloaded - Tamil (From ""Jailer 2"")",Anirudh Ravichander,4zCH9qm4R2DADamUHMCa6O,"Hukum Reloaded - Tamil (From ""Jailer 2"")",50,91764,,171,0.46,0.43,0.66,-6.1,True,english,https://open.spotify.com/track/57IV0hLaFBsJItvjSLu601
4TbGStaDDzQjtXR0qSNDK3,Hungry Cheetah,"Thaman S, Ritesh G Rao",2FgHPfRprDaylrSRVf1UlN|2n2CcYTvgrHcpKGDHtelgz,They Call Him OG (Hindi) [Original Motion Picture Soundtrack],50,119052,,149,0.64,0.76,0.49,-13.4,True,hindi,https://open.spotify.com/track/4TbGStaDDzQjtXR0qSNDK3
3h9UdkxpoUQxNqS8IeTC4Z,"Hunter Vantaar (From ""Vettaiyan"")","Anirudh Ravichander, Siddharth Basrur, Arivu",4zCH9qm4R2DADamUHMCa6O|6PtoffEX0RiktNdmCeuWkl|7rVV9d6vc4FLT752uRuk71,"Hunter Vantaar (From ""Vettaiyan"")",50,192631,,98,0.65,0.3,0.64,-14.0,True,english,https://open.spotify.com/track/3h9UdkxpoUQxNqS8IeTC4Z
1fTkgqnTBC34Ugt2ZVa91U,Husan,Bombay Bhangra Orkestra,7L6w9ZnxTAS4cB1F3BBtWL,Intense Gym Workout Playlist,50,188065,,143,0.77,0.21,0.54,-10.0,True,hindi,https://open.spotify.com/track/1fTkgqnTBC34Ugt2ZVa91U
77zdSXFcP2Dd5HA9AXmBoi,I Came From The Bottom,Lil Dreaux,6IAVA12AhYbWd4AoiehNsD,Beast Mode,50,134629,,134,0.88,0.66,0.67,-10.9,True,english,https://open.spotify.com/track/77zdSXFcP2Dd5HA9AXmBoi
6pGbJkQnvRCIfuwoIc19Is,I Can Get Hungry,"Santhosh Narayanan, Punya Selva, Muthamil, RANJ",5FVBduYaeVBb6JIghza7v6|6uvIzuYq1gO5Q4AkLwSIgw|00qjMsqhac19yBB1Um8BU2|1vR6C8xoVTgy9yVRsCsr7H,Engal Thangam (Original Motion Picture Soundtrack),50,193106,,120,0.55,0.47,0.38,-6.8,True,hindi,https://open.spotify.com/track/6pGbJkQnvRCIfuwoIc19Is
7eeGm7aQW1FpjOk2wQC0Su,I Could Be The One,"BLVNK, VAYAH",6c7tA5Gql6ocusMF8DPc5z|11l5vRu2yo22EkE1QaCEgD,I Could Be The One,50,132972,,120,0.84,0.82,0.45,-5.7,True,english,https://open.spotify.com/track/7eeGm7aQW1FpjOk2wQC0Su
1xH3IxVFHcieS24TMoZRwd,I DON'T CARE,BALD,3TcllBpIrZMYMVp0w6AYbu,I DON'T CARE,50,176400,,173,0.45,0.24,0.57,-14.0,True,english,https://open.spotify.com/track/1xH3IxVFHcieS24TMoZRwd
1mrk4VUOchZNNZWazBQQgJ,I Fly High-Bonus Club Song,DJ Kamal Supreme,5Oir5zMAdY6S88DH0brPwb,Bhangra Supreme Workout & Dance Party,50,204000,,139,0.82,0.86,0.79,-10.3,True,hindi,https://open.spotify.com/track/1mrk4VUOchZNNZWazBQQgJ
3ac81F9Lhnxe7gQ09LjhaK,I Go the Distance-Bonus Techno Song,DJ Kamal Supreme,5Oir5zMAdY6S88DH0brPwb,Bhangra Supreme Workout & Dance Party,50,214100,,158,0.56,0.4,0.89,-6.6,True,hindi,https://open.spotify.com/track/3ac81F9Lhnxe7gQ09LjhaK
5UfFHdNgHDas59bXV7K4tq,"I Hate Luv Storys (From ""I Hate Luv Storys"") - 132 BPM","Vishal-Shekhar, Vishal Dadlani",6Mv8GjQa7LKUGCAqa9qqdb|6CXEwIaXYfVJ84biCxqc9k,Workout Bollywood Style: 60 Mins Non Stop Mix,50,130013,,97,0.68,0.34,0.87,-6.6,True,hindi,https://open.spotify.com/track/5UfFHdNgHDas59bXV7K4tq
0cwUmggLF3iAEQo3kNIaIX,I Just Called To Say I Love You (118 BPM) Cardio,Personal Trainer Mike,6WJ9bBqJjJ3R1IH1KlsNXM,Fitness & Workout: Aerobic 50 Plus Vol.2 - 80s Hit,50,248080,,133,0.44,0.21,0.65,-5.7,True,english,https://open.spotify.com/track/0cwUmggLF3iAEQo3kNIaIX
1lhRa1uMIvY2ouudmytBN8,I LIVE ONLY TO FIGHT,STEROID SOUND,6s0XM6FHaKHvjV3A1Ah5gI,I LIVE ONLY TO FIGHT,50,202187,,131,0.4,0.34,0.44,-7.0,True,english,https://open.spotify.com/track/1lhRa1uMIvY2ouudmytBN8
5A7yVpl78jZ0h6Sh86Z6JG,I Love Rock and Roll - Running Workout Mix,Workout Music,5njMahLKD1tLJ5bejvqseV,50 Throwback Running Workout Hits!,50,280600,,152,0.57,0.61,0.52,-12.3,True,english,https://open.spotify.com/track/5A7yVpl78jZ0h6Sh86Z6JG
3NaFVnZ8bJeUW3TUReBmiX,I Need Your Love,Nick Dan,36wTz3t89DFQDgtkIAbuvt,Workout Music: Best Motivational Songs for Running. Workout Songs for Gym Motivation Training,50,233120,,165,0.77,0.77,0.4,-8.8,True,english,https://open.spotify.com/track/3NaFVnZ8bJeUW3TUReBmiX
0yduGo5RsNC4dkw1MHuvsI,I Think We're Alone Now (122 Bpm),Personal Trainer Mike,6WJ9bBqJjJ3R1IH1KlsNXM,Fitness & Workout: Disco Aerobics Vol. 2,50,130226,,117,0.57,0.83,0.42,-10.0,True,english,https://open.spotify.com/track/0yduGo5RsNC4dkw1MHuvsI
31hwQL63ERjfx7BxxjlRVS,I Wanna Dance With Somebody (Hypertechno Remix),"Alex D'Rosso, Svardh",6gT6Fw0g5nBD3RQiZub7cA|5ej3VmUU1KXMHdBd78563w,I Wanna Dance With Somebody (Hypertechno Remix),50,149774,,105,0.73,0.3,0.57,-9.6,True,english,https://open.spotify.com/track/31hwQL63ERjfx7BxxjlRVS
0JLWbaa7xCj1umiuYNGFzl,I Will Love You Monday - Fitness Workout Mix,Kelly Rozzi,3gWdGt0Nf16zMNvMxl3UOc,I Will Love You Monday (Fitness Workout Mix),50,187377,,137,0.86,0.68,0.5,-8.6,True,english,https://open.spotify.com/track/0JLWbaa7xCj1umiuYNGFzl
5fqpZO4T5cDHxdJKgMhG5u,I'm An Albatroz - Workout Remix,Workout Music Tv,0k5KeG8St6LiePh5blOwwl,40 Body Building Group Training 2018 Workout Session (Unmixed Compilation For Fitness & Workout 126 - 178 Bpm),50,187490,,98,0.56,0.81,0.78,-11.9,True,english,https://open.spotify.com/track/5fqpZO4T5cDHxdJKgMhG5u
4g70HJi5VR0UttcM53mEA9,I'm In Beast Mode Gym Motivation Hits,Hot Beat Universe,4wC7SuWGv5zxNixbErqGyO,WORKOUT MUSIC 2025 WORKOUT MOTIVATION SONGS GYM BEASTMODE POWER,50,135639,,90,0.9,0.25,0.45,-11.1,True,english,https://open.spotify.com/track/4g70HJi5VR0UttcM53mEA9
3qyYoiQFAfVilsUAyEHLq2,I've Got the Power,Aleix Sin,3st7Bba1FnILkom7E4N1n0,"Running Songs: Best Motivation Workout Music for Exercise Sports, Running, Bodypump, Aerobics, Gym",50,199866,,101,0.58,0.4,0.51,-9.7,True,english,https://open.spotify.com/track/3qyYoiQFAfVilsUAyEHLq2
7AyelgjC8LRMBdG58mpQIs,ILLUSIONARY DAYTIME x DARKTRIAD - slowed,"Jeff Germita, Aureliø",2XIvRnp1lZPCejrJFmMTBo|72EYKvbKrqt7PSYqpdVx3d,ILLUSIONARY DAYTIME x DARKTRIAD,50,160718,,130,0.7,0.8,0.79,-9.7,True,english,https://open.spotify.com/track/7AyelgjC8LRMBdG58mpQIs
5bnfUWFS4sVeWx1JLA3K9Z,Ice,Shubh,5r3wPya2PpeTTsXsGhQU8O,Still Rollin,50,174193,,159,0.51,0.86,0.63,-6.0,True,hindi,https://open.spotify.com/track/5bnfUWFS4sVeWx1JLA3K9Z
4OmhUrKAKTBxdvscSfx1gp,Icon,"Diljit Dosanjh, thiarajxtt",2FKWNmZWDBZR4dE5KX4plR|54BjV0qctcWp8xOip7uaJD,Ghost,50,148619,,127,0.4,0.68,0.56,-11.3,True,hindi,https://open.spotify.com/track/4OmhUrKAKTBxdvscSfx1gp
0V1qGNJhAMJzl2JEh7Wt4O,"Impress (From ""Impress"")",Ranjit Bawa,6pU5oz09VUYtnFTd4P1Mxn,Fit & Fab - Punjabi Workout Beats,50,210044,,159,0.82,0.5,0.62,-11.9,True,hindi,https://open.spotify.com/track/0V1qGNJhAMJzl2JEh7Wt4O
0wUEY85d1bGQWnVxEFm3ZX,In the gym,The Punjabi Hustler,33d5gjk6IPhOMf1OTcfZ3T,In the gym,50,98000,,147,0.55,0.69,0.84,-6.4,True,hindi,https://open.spotify.com/track/0wUEY85d1bGQWnVxEFm3ZX
1QcLYpgpbeUrie3ZM74qCY,Insane Bhangra Mashup,Dav Virsa,1XyztEzmWmXwdkMbj5ER3Y,Insane Bhangra Mashup,50,240000,,120,0.86,0.53,0.33,-13.1,True,hindi,https://open.spotify.com/track/1QcLYpgpbeUrie3ZM74qCY
0AQwW6ULOJQtwNSj5xpTO8,Intense Workout Beats,"Workout Music, Gym Motivation, Music For Squats",4nkrgGBdDJVwjjBsXqmaZ2|5ISMH4IZRpuZ64Tn3OaWlK|7obv1jSrSVCdZQmh3mPeCB,Electronic Beats Workout,50,111879,,160,0.66,0.42,0.85,-12.3,True,english,https://open.spotify.com/track/0AQwW6ULOJQtwNSj5xpTO8
4Fzesho8uXGF9S8GjFZYPR,Intro Fight,Anirudh Ravichander,4zCH9qm4R2DADamUHMCa6O,Beast (Original Background Score),50,114005,,127,0.84,0.46,0.41,-6.9,True,english,https://open.spotify.com/track/4Fzesho8uXGF9S8GjFZYPR
7e2d8OIeFPNoOQG3j9oHYW,It's a Wrap,DJ Kamal Supreme,5Oir5zMAdY6S88DH0brPwb,Bhangra Supreme Workout & Dance Party,50,237765,,106,0.57,0.83,0.65,-8.8,True,hindi,https://open.spotify.com/track/7e2d8OIeFPNoOQG3j9oHYW
2Ld3siUInTKkCtGKteDJWO,Its good to be alive,MDB,72zQ9DAaHdc4g5oVQiwhuk,Its good to be alive,50,224661,,166,0.52,0.85,0.67,-14.1,True,english,https://open.spotify.com/track/2Ld3siUInTKkCtGKteDJWO
7KqmDr9lTjwXnX5krMIKiC,JD Intro - Background Score,Anirudh Ravichander,4zCH9qm4R2DADamUHMCa6O,Master (Original Background Score),50,80000,,157,0.6,0.46,0.88,-14.1,True,english,https://open.spotify.com/track/7KqmDr9lTjwXnX5krMIKiC
42QdMvjtR0cOgHu24uP9DC,"JD the Alcoholic (From ""Master"") - Background Score",Anirudh Ravichander,4zCH9qm4R2DADamUHMCa6O,Gym Blast (Tamil),50,118000,,124,0.46,0.81,0.87,-11.5,True,hindi,https://open.spotify.com/track/42QdMvjtR0cOgHu24uP9DC
4neHfS9W7RbSAeoqoPNjqj,JUST DANCE (HARDTEKK) - SLOWED,"ANDONIS, prodByLone",1ji8ctPESvljpOLLvCbSRP|0sai1WQ8h4JvhSz9jgvsRv,JUST DANCE (HARDTEKK),50,151437,,145,0.57,0.3,0.45,-14.8,True,english,https://open.spotify.com/track/4neHfS9W7RbSAeoqoPNjqj
0M4CfqtNMNGy8S1OQU5xWB,"Jaako Raakhe Saaiyan - From ""Kill""","Vikram Montrose, Monu Rathod, Shekhar Astitwa",0aXLGxJ65wok0y1bVG6flg|6lbOnwwRFFrIotwRnU18kE|1o4gJ2P9CYruGrCXoMv36l,Kill (Original Motion Picture Soundtrack),50,217140,,130,0.62,0.28,0.55,-7.9,True,hindi,https://open.spotify.com/track/0M4CfqtNMNGy8S1OQU5xWB
1ZZxmGAVgYzsFQ6WVhviAA,Jackie Chan,"Tiësto, Dzeko, Preme, Post Malone",2o5jDhtHVPhrJdv3cEQ99Z|5vQfv3s2Z2SRdPZKr82ABw|0bdJZl7TDeiymDYzMJnVh2|246dkjvS1zLTtiykXe5h60,Running Workout,50,215759,,108,0.82,0.48,0.89,-11.4,True,english,https://open.spotify.com/track/1ZZxmGAVgYzsFQ6WVhviAA
4uc0AcfS5VMvr8q73UsKNi,Jagadish on Mission,Harris Jayaraj,29aw5YCdIw2FEXYyAJZI8l,Thuppakki (Telugu) [Original Motion Picture Soundtrack],50,206402,,176,0.81,0.77,0.85,-13.6,True,english,https://open.spotify.com/track/4uc0AcfS5VMvr8q73UsKNi
1rQ1Quwa40g2D5qiDszzPg,Jagga Jiteya,"Kumaar, Daler Mehndi, Dee MC, Shashwat Sachdev",0m3D4grap8VFSzbJMqgNVk|6wa1AsxB9oJP7lwNSmbcYx|21x3ja7RPjkjLoaJhQmw9C|465OXuCU8YZNmVG1leLwQ9,Uri - The Surgical Strike (Original Motion Picture Soundtrack),50,191489,,133,0.8,0.71,0.36,-11.7,True,english,https://open.spotify.com/track/1rQ1Quwa40g2D5qiDszzPg
1HPhpjJ7oYVx8tlm0CbZVR,Jagga Jiteya,"Kumaar, Daler Mehndi, Dee MC, Shashwat Sachdev",0m3D4grap8VFSzbJMqgNVk|6wa1AsxB9oJP7lwNSmbcYx|21x3ja7RPjkjLoaJhQmw9C|465OXuCU8YZNmVG1leLwQ9,Bollywood Workout Hits,50,191489,,157,0.85,0.35,0.41,-14.0,True,english,https://open.spotify.com/track/1HPhpjJ7oYVx8tlm0CbZVR
2Z818Jvgz1h15saWRp5p7E,Jagga Jiteya,"Kumaar, Daler Mehndi, Dee MC, Shashwat Sachdev",0m3D4grap8VFSzbJMqgNVk|6wa1AsxB9oJP7lwNSmbcYx|21x3ja7RPjkjLoaJhQmw9C|465OXuCU8YZNmVG1leLwQ9,Gym Motivation,50,191489,,112,0.84,0.22,0.5,-5.9,True,english,https://open.spotify.com/track/2Z818Jvgz1h15saWRp5p7E
70eOnIyO7IBcpX5Vj8WfUi,Jagga Jiteya,"Kumaar, Daler Mehndi, Dee MC, Shashwat Sachdev",0m3D4grap8VFSzbJMqgNVk|6wa1AsxB9oJP7lwNSmbcYx|21x3ja7RPjkjLoaJhQmw9C|465OXuCU8YZNmVG1leLwQ9,Gym Vibes Bollywood,50,191489,,169,0.76,0.61,0.46,-7.9,True,english,https://open.spotify.com/track/70eOnIyO7IBcpX5Vj8WfUi
2yWKHViWdHW97H31pE3L65,Jai Bhavani Jai Shivaji,Bass Dominator,1UoFXtWwwBYfTCuL9VapGP,Jai Bhavani Jai Shivaji,50,150308,,106,0.43,0.52,0.86,-8.5,True,hindi,https://open.spotify.com/track/2yWKHViWdHW97H31pE3L65
5wh9nRJKTF3t7LzoJhBirR,Jai Jai Shivshankar - Workout Remix,"Vishal-Shekhar, Vishal Dadlani, Benny Dayal, Kumaar",6Mv8GjQa7LKUGCAqa9qqdb|6CXEwIaXYfVJ84biCxqc9k|61if35zz1W11GejEkxTLEQ|0m3D4grap8VFSzbJMqgNVk,Jai Jai Shivshankar - Workout Remix,50,174000,,111,0.6,0.76,0.43,-9.0,True,english,https://open.spotify.com/track/5wh9nRJKTF3t7LzoJhBirR
1v07NHAM5Sn3zFPJUOPuAy,"Jai Shree Ram - From ""Ram Setu""","Vikram Montrose, Shekhar Astitwa",0aXLGxJ65wok0y1bVG6flg|1o4gJ2P9CYruGrCXoMv36l,Bollywood Workout Hits,50,239142,,142,0.56,0.76,0.48,-13.8,True,hindi,https://open.spotify.com/track/1v07NHAM5Sn3zFPJUOPuAy
4detzOJRJSjFEOEp7sOJYS,"Jailer Swag-up (From ""Jailer"")","Anirudh Ravichander, Dhee, Anantha Krishnan, Super Subu, Arish, Narendar Shankar",4zCH9qm4R2DADamUHMCa6O|4OhdmNszeBIehpVrbryjhb|7iWdGmQIHzatjrls1tI1MS|4EvI79EaTaabBonVs66bmP|4Rdq83q6jEyKm1d93sMHqX|0wfPoQt7uJ0a8rVUcNt03G,"Jailer Swag-up (From ""Jailer"")",50,169696,,114,0.82,0.53,0.76,-10.7,True,english,https://open.spotify.com/track/4detzOJRJSjFEOEp7sOJYS
0wZZGxhLTB98j7ctviBCMx,Jalebi Baby,Tesher,49YbNTLaaAbZHLtDI2aPGL,Home Workout Hits,50,189375,,164,0.77,0.47,0.81,-11.6,True,hindi,https://open.spotify.com/track/0wZZGxhLTB98j7ctviBCMx
0m4ywdBgY4vpjMTrnRCA11,Jalna Hai - Hindi Workout,Minns,109bXkunJD3qI4zj90x99F,Hindi Workout Mix 2026,50,220000,,173,0.7,0.42,0.57,-5.8,True,hindi,https://open.spotify.com/track/0m4ywdBgY4vpjMTrnRCA11
6yowJURP5jY50ar68bZuaA,Jamaican (Bam Bam - House Remix),Dj Eduin Reyes,7oxj2wIMrWtw6FNaMrfbe3,Jamaican (Bam Bam - House Remix),50,167866,,131,0.57,0.53,0.4,-9.5,True,english,https://open.spotify.com/track/6yowJURP5jY50ar68bZuaA
4MJBN7CfGnOY5GZ76LGbgd,Jashn-e-Ishqa,"Sohail Sen, Javed Ali, Shadab Faridi, Irshad Kamil",1bTROl5p3rGTpvKeWnGgrw|4W91bbPB2CTSsHwt7eqNl7|6WixbETKEXH0xBf0OB9kRB|3GdSQUH1BRtl9UrrtuwJlP,Gunday,50,261616,,143,0.5,0.67,0.8,-13.9,True,hindi,https://open.spotify.com/track/4MJBN7CfGnOY5GZ76LGbgd
1Vil6d4tGn1arLqPIrhQYo,Jatt Da Blood,"Mankirt Aulakh, Goldboy",3uHUKCspaCzAab9A3LlGAr|3xXcmm9Re8N2sC15Ab5boo,Jatt Da Blood,50,170000,,157,0.78,0.65,0.61,-7.0,True,hindi,https://open.spotify.com/track/1Vil6d4tGn1arLqPIrhQYo
32g5uKJquUOuhWSIsIsgct,Jatt Da Game,Raagline Studio,7iWaDtG4gUdoDRxJovnNvx,Punjabi Mashup Gym Edition vol.1,50,163360,,162,0.65,0.49,0.84,-6.8,True,hindi,https://open.spotify.com/track/32g5uKJquUOuhWSIsIsgct
6mLpwQ5WRyRzqpZwv8Dc69,"Jatt Da Muqabla Remix (From ""Jatt Da Muqabla Remix"")","Sidhu Moose Wala, DJ Sunny Singh UK",4PULA4EFzYTrxYvOVlwpiQ|6J0GYx80AweXTxmUeqgLv5,Fit & Fab - Punjabi Workout Beats,50,176122,,150,0.6,0.82,0.81,-7.0,True,hindi,https://open.spotify.com/track/6mLpwQ5WRyRzqpZwv8Dc69
18kRElgBSIAsd3DHPUajuI,Jatt Vailly,"Diljit Dosanjh, thiarajxtt",2FKWNmZWDBZR4dE5KX4plR|54BjV0qctcWp8xOip7uaJD,Ghost,50,151989,,128,0.55,0.52,0.31,-11.3,True,hindi,https://open.spotify.com/track/18kRElgBSIAsd3DHPUajuI
0lZhDg6xVjHLwL5zYd6nkL,Jawan Title Track,"Anirudh Ravichander, Raja Kumari",4zCH9qm4R2DADamUHMCa6O|5cBFMoMgcAt03YL2r0tS25,Jawan,50,188102,,143,0.43,0.29,0.47,-7.7,True,hindi,https://open.spotify.com/track/0lZhDg6xVjHLwL5zYd6nkL
7BOMm2gouxtIB2oxfSzPi6,Jawan Title Track,"Anirudh Ravichander, Raja Kumari",4zCH9qm4R2DADamUHMCa6O|5cBFMoMgcAt03YL2r0tS25,Jawan (TAMIL),50,188102,,103,0.4,0.57,0.81,-7.7,True,hindi,https://open.spotify.com/track/7BOMm2gouxtIB2oxfSzPi6
45q2h2m2EW0nH3VYBVbTx2,Jazba - Workout Remix,"Salim–Sulaiman, Shilpa Rao, Amitabh Bhattacharya, Salim-Sulaiman, Shilpa Rao, Amitabh Bhattacharya",6ohaQzKaXrobAL8paLSaxq|19LIHDDSHBD5NyYHI3gpzB|2fMqTqiTxUDlmcOEPaQSsx|2HwEkkmJASj8faaT7t0tHR,Dance Workout Mix,50,218507,,146,0.44,0.54,0.44,-5.7,True,english,https://open.spotify.com/track/45q2h2m2EW0nH3VYBVbTx2
4ftYHCrekIAj1eCwSwQiaF,Jee Karda - Rock Version,"Sachin-Jigar, Divya Kumar",1mBydYMVBECdDmMfE2sEUO|0NErdIJtuKBjtxKmlqaWdj,Badlapur (Original Motion Picture Soundtrack),50,239285,,170,0.42,0.53,0.51,-9.1,True,hindi,https://open.spotify.com/track/4ftYHCrekIAj1eCwSwQiaF
2itOy9nyoGEEwUcA79AYhX,Jeet Ka Josh - Hindi Workout,Minns,109bXkunJD3qI4zj90x99F,Hindi Workout Mix 2026,50,205000,,125,0.46,0.35,0.72,-5.3,True,hindi,https://open.spotify.com/track/2itOy9nyoGEEwUcA79AYhX
7i7WOWfyIfjkhvDFXMw7Qh,Jhalleyaa,"Shashaa Tirupati, Elephant Gym",12CpR4SNDzVIlDoPSeNFeW|2rqNUPgkBgbhcRabUQ5C9g,Jhalleyaa,50,257000,,140,0.5,0.25,0.34,-10.3,True,hindi,https://open.spotify.com/track/7i7WOWfyIfjkhvDFXMw7Qh
1qhVQiTd8Kenzb97YZ0d9K,Jidd,SANTOSH SARODE,1oesDzw2EYdno8AsVTgDMU,Jidd,50,394105,,167,0.66,0.56,0.87,-9.9,True,hindi,https://open.spotify.com/track/1qhVQiTd8Kenzb97YZ0d9K
1L3wQFwMM5SOsukSwOAazK,Jigra,"Shashwat Sachdev, Siddharth Basrur, Kumaar",465OXuCU8YZNmVG1leLwQ9|6PtoffEX0RiktNdmCeuWkl|0m3D4grap8VFSzbJMqgNVk,Uri - The Surgical Strike (Original Motion Picture Soundtrack),50,240000,,172,0.84,0.74,0.88,-13.3,True,hindi,https://open.spotify.com/track/1L3wQFwMM5SOsukSwOAazK
6B8V39HFto6c8Y7Aj3SVZu,Jigra,"Shashwat Sachdev, Siddharth Basrur, Kumaar",465OXuCU8YZNmVG1leLwQ9|6PtoffEX0RiktNdmCeuWkl|0m3D4grap8VFSzbJMqgNVk,Bollywood Rage Mode,50,240000,,152,0.43,0.47,0.81,-12.0,True,hindi,https://open.spotify.com/track/6B8V39HFto6c8Y7Aj3SVZu
4EKXrOXRZyUZBqeRcP14if,Jigra Title Track,"Vedang Raina, Achint, Varun Grover",1X95l2wU2j5wskoTNOwfLB|4bvGDTEPFnllKiJaEZGuXk|23tDn4nvBiCQroeeCwwCWT,Jigra,50,194634,,120,0.55,0.41,0.83,-8.8,True,hindi,https://open.spotify.com/track/4EKXrOXRZyUZBqeRcP14if
6wbhvHacR2z28Cm7bTteJV,"Jigra Title Track (From ""Jigra"")","Vedang Raina, Achint, Varun Grover",1X95l2wU2j5wskoTNOwfLB|4bvGDTEPFnllKiJaEZGuXk|23tDn4nvBiCQroeeCwwCWT,"Jigra Title Track (From ""Jigra"")",50,194634,,153,0.72,0.53,0.34,-7.9,True,hindi,https://open.spotify.com/track/6wbhvHacR2z28Cm7bTteJV
4Uq4P39E6MjtvaCKue0yQr,Jind Jaan Bhangra,"Gurpreet Guni, Supneet Singh",5eed5NKFvsYHsgNPbztczR|5eYBeTpz3xlGHWjzcKFXu3,Jind Jaan Bhangra,50,179268,,102,0.5,0.61,0.4,-14.7,True,hindi,https://open.spotify.com/track/4Uq4P39E6MjtvaCKue0yQr
2zIeWrTODipE6Psbyue1JL,Jogging,WORKOUT,4OoHBmzz4LC2Bdz8cPmbiU,One Hour Running Music – Top Workout Songs for Running and Jogging,50,187089,,92,0.73,0.49,0.61,-14.1,True,english,https://open.spotify.com/track/2zIeWrTODipE6Psbyue1JL
3mEcnb1NOKYSkmqoRvlUe8,Jogging and Running,Jason T. Mattwalsh,5aMapLAoaKS10YH3IINRkg,Top 10 Workout Songs - Fast Exercise Songs,50,125500,,131,0.7,0.61,0.8,-14.7,True,english,https://open.spotify.com/track/3mEcnb1NOKYSkmqoRvlUe8
7xInl0ICp5i3Mt6dKPZPGT,Jolly O Gymkhana,"Thalapathy Vijay, Anirudh Ravichander",0fhunuOz2OuOEr3YK5ctSm|4zCH9qm4R2DADamUHMCa6O,Beast (Original Motion Picture Soundtrack),50,208064,,166,0.57,0.61,0.52,-14.0,True,english,https://open.spotify.com/track/7xInl0ICp5i3Mt6dKPZPGT
6lpbzOMBOYHRsp6WEMvRvn,"Jolly O Gymkhana (From ""Beast"")","Thalapathy Vijay, Anirudh Ravichander",0fhunuOz2OuOEr3YK5ctSm|4zCH9qm4R2DADamUHMCa6O,"Jolly O Gymkhana (From ""Beast"")",50,208064,,103,0.52,0.79,0.87,-11.8,True,english,https://open.spotify.com/track/6lpbzOMBOYHRsp6WEMvRvn
13qXyQlUgPHkfner0KR8MF,"Jolly O Gymkhana (From ""Beast"")","Anirudh Ravichander, Vijay, Ku Karthik",4zCH9qm4R2DADamUHMCa6O|0TXGi7H5SfMrW3nNmKaAuw|7L5BLP9ezpFtEOas3AR0Ny,Ultimate Mass Songs - Anirudh Ravichander,50,208064,,158,0.86,0.6,0.77,-6.5,True,english,https://open.spotify.com/track/13qXyQlUgPHkfner0KR8MF
7vGyUT3wlEPrI0zN2GewU7,"Jollyo Gymkhana (From ""Beast"")","Nakash Aziz, Anirudh Ravichander",4kq8z3vydHjPDggxb16ErB|4zCH9qm4R2DADamUHMCa6O,"Jollyo Gymkhana (From ""Beast"")",50,208064,,129,0.8,0.8,0.57,-13.7,True,english,https://open.spotify.com/track/7vGyUT3wlEPrI0zN2GewU7
4VvMqPTlw4qN7KiJ8OSV1S,"Jollyo Gymkhana (From ""Beast"")","Nakash Aziz, Anirudh Ravichander",4kq8z3vydHjPDggxb16ErB|4zCH9qm4R2DADamUHMCa6O,"Jollyo Gymkhana (From ""Beast"")",50,208064,,130,0.8,0.24,0.34,-10.9,True,english,https://open.spotify.com/track/4VvMqPTlw4qN7KiJ8OSV1S
7c2O1ioyshfkbRFaQDPlrA,Josh Mein - Hindi Workout,Minns,109bXkunJD3qI4zj90x99F,Hindi Workout Mix 2026,50,200000,,100,0.58,0.26,0.63,-10.2,True,hindi,https://open.spotify.com/track/7c2O1ioyshfkbRFaQDPlrA
6ii7ch9YxtfdTDbwWlspqj,Judge,Mankirt Aulakh,3uHUKCspaCzAab9A3LlGAr,Judge,50,181394,,107,0.88,0.4,0.34,-9.8,True,hindi,https://open.spotify.com/track/6ii7ch9YxtfdTDbwWlspqj
7aUNxseYyLU03gOAIElWK4,Jugni 2.0,"Kanika Kapoor, Mumzy Stranger, DJ LYAN",6qcIg4IPLulyc03mWR87N8|1ZjTtkG8iHppYgibGNc4rw|34RXskrFhZmHo54xTt9L0B,Bollywood Workout Hits,50,184615,,169,0.7,0.56,0.64,-13.0,True,hindi,https://open.spotify.com/track/7aUNxseYyLU03gOAIElWK4
09Q0LYcLol1C8HOZ6pIRdO,"Jujubee (From ""Jailer"")","Anirudh Ravichander, Dhee, Ananthakrrishnan, Super Subu",4zCH9qm4R2DADamUHMCa6O|77YvCBWe0tTLygpgSJsdOH|07ziSY1M5vTjGnNtW9WNeR|6sXT8Cggm4tmoxhVjaUVs0,"Jujubee (From ""Jailer"")",50,167272,,153,0.85,0.66,0.58,-12.8,True,english,https://open.spotify.com/track/09Q0LYcLol1C8HOZ6pIRdO
7rBYCLcWM2nraA7XqCIgfn,Jump,"R Nait, Gurlez Akhtar",4buk1Dwc5ynSnOGVeMJOON|55kkrbuMkdzPGD7YGA6xrJ,Jump,50,170199,,121,0.62,0.82,0.58,-10.9,True,hindi,https://open.spotify.com/track/7rBYCLcWM2nraA7XqCIgfn
41xUUjbsvoejYvAUzutrwr,"Jungle Beast Theme (From ""Kattalan"")",Ravi Basrur,2q1LRGJHpFxovU8Tz6OgRn,"Jungle Beast Theme (From ""Kattalan"")",50,105198,,142,0.6,0.74,0.89,-11.3,True,english,https://open.spotify.com/track/41xUUjbsvoejYvAUzutrwr
3mdBVXqxzdun0gjRaAcARj,Jungle Mein Kaand,"Sachin-Jigar, Vishal Dadlani, Sukhwinder Singh, Siddharth Basrur, Amitabh Bhattacharya",1mBydYMVBECdDmMfE2sEUO|6CXEwIaXYfVJ84biCxqc9k|19MVxKZZdPj2X0F8pi0OCT|6PtoffEX0RiktNdmCeuWkl|2fMqTqiTxUDlmcOEPaQSsx,Bollywood Workout Hits,50,166523,,144,0.54,0.47,0.3,-5.5,True,hindi,https://open.spotify.com/track/3mdBVXqxzdun0gjRaAcARj
26S82HwuFduLLNWzL1tS9x,Junoon - Hindi Workout,Minns,109bXkunJD3qI4zj90x99F,Hindi Workout Mix 2026,50,200000,,98,0.72,0.84,0.78,-11.0,True,hindi,https://open.spotify.com/track/26S82HwuFduLLNWzL1tS9x
7faPLfXQLorEJhoX4tlScg,"Kaal Dhamaal (From ""Kaal"") - 102 BPM","Salim–Sulaiman, Kunal Ganjawala, Ravi ""Rags"" Khote, Caralisa Monteiro, Salim Merchant",6ohaQzKaXrobAL8paLSaxq|3t4P7aXVor3NxlJPZxLzOQ|7jhqJGN86YT2lS3i1HgO13|2Yf4MRVpt0rcAd5y5h5ph1|1TbRSunWGZ46mqnapcWxrm,Workout Bollywood Style: 60 Mins Non Stop Mix,50,70000,,132,0.86,0.66,0.71,-5.7,True,hindi,https://open.spotify.com/track/7faPLfXQLorEJhoX4tlScg
5gsIUoK6WeFLRSwp3zqKCZ,Kaalamaadan Gaanam,"Nivas K Prasanna, V.M. Mahalingam, Mari Selvaraj",3RN1T82XXhayseL1rCdJnp|6mHtkNCvRoFV9XMzvjSF1u|38Zkf8fQfCpFzXsHfGVRdF,Bison Kaalamaadan (Original Motion Picture Soundtrack),50,297435,,143,0.57,0.21,0.77,-8.1,True,english,https://open.spotify.com/track/5gsIUoK6WeFLRSwp3zqKCZ
18MUpX6fxAqErKfkFWcYjm,"Kaalamaadan Gaanam - From ""Bison Kaalamaadan""","Nivas K Prasanna, V.M. Mahalingam, Mari Selvaraj",3RN1T82XXhayseL1rCdJnp|6mHtkNCvRoFV9XMzvjSF1u|38Zkf8fQfCpFzXsHfGVRdF,"Kaalamaadan Gaanam (From ""Bison Kaalamaadan"")",50,297435,,179,0.52,0.42,0.79,-15.0,True,english,https://open.spotify.com/track/18MUpX6fxAqErKfkFWcYjm
6Mofw5TbhSoS7OswSkK63g,"Kaali Maa (From ""Salaar Cease Fire - Hindi"")","Ravi Basrur, Riya Mukherjee, Shashika Mooruth",2q1LRGJHpFxovU8Tz6OgRn|3tbZvcC2kvWyAEWHwtUTp2|6TItLK573JuUTHt4gkqmxW,Salaar Cease Fire - Hindi (Original Motion Picture Soundtrack),50,97500,,98,0.78,0.37,0.35,-10.6,True,hindi,https://open.spotify.com/track/6Mofw5TbhSoS7OswSkK63g
06kY7mcEukQMojwr5tXxEr,Kadam Badha - Hindi Workout,Minns,109bXkunJD3qI4zj90x99F,Hindi Workout Mix 2026,50,225000,,141,0.83,0.52,0.53,-8.4,True,hindi,https://open.spotify.com/track/06kY7mcEukQMojwr5tXxEr
7wVLaPv8dzNtYNe0RQVzxj,Kala Chashma,"Prem & Hardeep, Amar Arshi, Badshah, Neha Kakkar, Indeep Bakshi, Amrik Singh",4ZPpGYjIb5caOhHhQANO8P|3f7Qfkua3IcRpUFzUaUnrX|0y59o4v8uw5crbN9M3JiL1|5f4QpKfy7ptCHwTqspnSJI|0Te1QGD9jtzrxPa8nie9OQ|1Sqacm1VMROsVrDOUwxS5G,Bollywood Workout Hits,50,187006,,92,0.4,0.56,0.71,-14.6,True,hindi,https://open.spotify.com/track/7wVLaPv8dzNtYNe0RQVzxj
5FH5i2M8InCOFGlQ37H4BB,Kamli,"Mankirt Aulakh, Ikwinder Singh, Veet Baljit, Kammy Grewal",3uHUKCspaCzAab9A3LlGAr|0gv7hUkKAlpoDixKDJA2vs|4Ax6JQQBWP2BqmmcbVvZwl|2AAvCEhV8btmTaMu48MEl4,Best of 2019 Bhangra Hits,50,201299,,179,0.43,0.85,0.61,-6.9,True,hindi,https://open.spotify.com/track/5FH5i2M8InCOFGlQ37H4BB
7gZwhDmzciskHbZemjf931,Kar Har Maidaan Fateh,"Sukhwinder Singh, Shreya Ghoshal",19MVxKZZdPj2X0F8pi0OCT|0oOet2f43PA68X5RxKobEy,Sanju,50,312157,,147,0.42,0.75,0.7,-13.5,True,hindi,https://open.spotify.com/track/7gZwhDmzciskHbZemjf931
3FHl1QYu76zguwjqhqcglX,"Kar Har Maidaan Fateh (From ""Sanju"")","Sukhwinder Singh, Shreya Ghoshal, Vikram Montrose",19MVxKZZdPj2X0F8pi0OCT|0oOet2f43PA68X5RxKobEy|0aXLGxJ65wok0y1bVG6flg,"Kar Har Maidaan Fateh (From ""Sanju"")",50,312157,,173,0.4,0.8,0.75,-12.1,True,hindi,https://open.spotify.com/track/3FHl1QYu76zguwjqhqcglX
6dslc7eAm6cgdkKFBZ7vib,Kasam Se,"Armaan Malik, Amaal Mallik",4IKVDbCSBTxBeAsMKjAuTs|76fuWYgIf3TVIopTs3vaJ6,Desi Gym Pump Music,50,185648,,93,0.75,0.49,0.47,-10.0,True,hindi,https://open.spotify.com/track/6dslc7eAm6cgdkKFBZ7vib
4g7h9teMEHUDn0ecQqg9M4,Katravai Patravai,"Yogi B, Arunraja Kamaraj, Roshan Jamrock, Santhosh Narayanan, Kabilan",614RN5ndeqpLlqg1yDbjtm|3jw6WnDlhrKkNjgcp8JGQe|2ITH4nPbFeZ2Dj4zAIvl7S|5FVBduYaeVBb6JIghza7v6|2MxriAGmcX5lgQt3SFyru6,Kaala (Original Motion Picture Soundtrack) - Tamil,50,225757,,130,0.44,0.84,0.57,-7.4,True,english,https://open.spotify.com/track/4g7h9teMEHUDn0ecQqg9M4
1N0KlCrgOFbal6VI1bvluq,Keep On Running,Neptunica,5dGsIOepO9ufQlXjW8KrPL,Keep On Running,50,129298,,139,0.47,0.69,0.62,-6.0,True,english,https://open.spotify.com/track/1N0KlCrgOFbal6VI1bvluq
61VCkRKbD5fOXFefVbYE2p,Keep The Pace,Hanbit Yu,6EwFg9rHS30Z3GWgMlyHf9,"RUNNING & WORKOUT, Vol. 18",50,190480,,170,0.64,0.52,0.48,-6.5,True,english,https://open.spotify.com/track/61VCkRKbD5fOXFefVbYE2p
3PZqm20KRuxcka2daV7XJn,Kertzagem - Speed Up,"home4circus, brutal adam, 1NZZiDENT",3KpcZihtDYQR2OBEdhBjaE|4yZV6EOU0wk20DcIVtwbHS|4MuoaKFdoOfyIYA9y31GLg,Kertzagem (Tiktok Version),50,78528,,143,0.53,0.41,0.7,-10.0,True,english,https://open.spotify.com/track/3PZqm20KRuxcka2daV7XJn
2KbjEhD9UZWgRIfmoQBb0u,"Khadke Glassy - From ""Jabariya Jodi""","Yo Yo Honey Singh, Ashok Mastie, Jyotica Tangri, Channi Rakhala, Bonafide, Koncept",7uIbLdzzSEqnX0Pkrb56cR|4Tgckldx1Aq3eGdjsBig1I|5wQDQFm7Ku8WWGi5xqJ9lp|5zDAwOU58LnRJa6ioecSWX|71lCqsaQXjuCSOcC7olKTL|1vInbTSMFJUspkFo3PsSZL,Bollywood Workout Hits,50,200710,,175,0.86,0.75,0.36,-11.5,True,hindi,https://open.spotify.com/track/2KbjEhD9UZWgRIfmoQBb0u
1u6ipfZI9sM905fKvEe3g8,Khel Abhi Baaki Hai - Hindi Workout,Minns,109bXkunJD3qI4zj90x99F,Hindi Workout Mix 2026,50,200000,,101,0.72,0.59,0.55,-13.8,True,hindi,https://open.spotify.com/track/1u6ipfZI9sM905fKvEe3g8
6EQvShIY9sHis6kYt5hx7Q,Khel Shuru - Hindi Workout,Minns,109bXkunJD3qI4zj90x99F,Hindi Workout Mix 2026,50,200000,,114,0.65,0.86,0.3,-8.4,True,hindi,https://open.spotify.com/track/6EQvShIY9sHis6kYt5hx7Q
7b1xtIiFjQb46WpyowBgDi,Khel Shuru - Hindi Workout,Minns,109bXkunJD3qI4zj90x99F,Indie-2026,50,200000,,130,0.76,0.77,0.36,-9.3,True,hindi,https://open.spotify.com/track/7b1xtIiFjQb46WpyowBgDi
1QhEndOm8mJYf7f2OVoOSR,"Khoon Choos Le (From ""Go Goa Gone"") - 132 BPM",Sachin-Jigar,1mBydYMVBECdDmMfE2sEUO,Workout Bollywood Style: 60 Mins Non Stop Mix,50,105040,,155,0.83,0.89,0.87,-7.6,True,hindi,https://open.spotify.com/track/1QhEndOm8mJYf7f2OVoOSR
4dhNAIaVqJNjLWPM2YSczu,Khoon Mein Josh - Hindi Workout,Minns,109bXkunJD3qI4zj90x99F,Hindi Workout Mix 2026,50,220000,,144,0.85,0.52,0.51,-11.6,True,hindi,https://open.spotify.com/track/4dhNAIaVqJNjLWPM2YSczu
3Jd1yxcUQLdfBJcsxFtYzj,Khutti,"Diljit Dosanjh, Saweetie",2FKWNmZWDBZR4dE5KX4plR|6cK3NBO6uP7hh0oyuVELFl,Khutti,50,132771,,110,0.54,0.44,0.31,-5.1,True,hindi,https://open.spotify.com/track/3Jd1yxcUQLdfBJcsxFtYzj
59mAkKONcJ9m5l6AlG7xGZ,Kill - Kaawaa Kaawaa,"Shashwat Sachdev, Sudhir Yaduvanshi, Sanj V",465OXuCU8YZNmVG1leLwQ9|586UieDtNlK2F8hEMayYbb|7MaN8aWhx4Q2JKIZ7YSp8k,Kill (Kaawaa Kaawaa),50,195300,,155,0.55,0.68,0.55,-12.5,True,english,https://open.spotify.com/track/59mAkKONcJ9m5l6AlG7xGZ
3IaDBtq3cgGk9XOQC2NX5t,Kill - Kaawaa Kaawaa,"Shashwat Sachdev, Sudhir Yaduvanshi, Sanj V",465OXuCU8YZNmVG1leLwQ9|586UieDtNlK2F8hEMayYbb|7MaN8aWhx4Q2JKIZ7YSp8k,Kill (Original Motion Picture Soundtrack),50,195300,,136,0.88,0.48,0.5,-10.2,True,hindi,https://open.spotify.com/track/3IaDBtq3cgGk9XOQC2NX5t
5LPIcmzwAplKsXoS9webJk,Killa,"Dilpreet Dhillon, Sultaan, Desi Crew",5CGQa62CAweD76eHlDmp1m|7frYUe4C7A42uZqCzD34Y4|6lMIhndzcevFkVWSJnXPt2,New Beginnings,50,217931,,96,0.82,0.84,0.41,-11.8,True,hindi,https://open.spotify.com/track/5LPIcmzwAplKsXoS9webJk
2kiRrQqFKQ3MGLhcAwHsty,Killa,"Dilpreet Dhillon, Sultaan, Desi Crew",5CGQa62CAweD76eHlDmp1m|7frYUe4C7A42uZqCzD34Y4|6lMIhndzcevFkVWSJnXPt2,Killa,50,217931,,136,0.54,0.68,0.39,-7.4,True,hindi,https://open.spotify.com/track/2kiRrQqFKQ3MGLhcAwHsty
5h5z6chD6MFiM07t0n13uK,Killer On The Loose,"Rex Vijayan, The Imbachi",0LbVwcfU9ifwvdgDPLgOxZ|4ZUtfxl9eSCS2TVCirtxef,Rifle Club (Original Motion Picture Soundtrack),50,182867,,102,0.66,0.57,0.36,-6.9,True,english,https://open.spotify.com/track/5h5z6chD6MFiM07t0n13uK
1zENh0Y83ZWiXXsKIFCvky,"Killer On The Loose - From ""Rifle Club""","Rex Vijayan, The Imbachi",0LbVwcfU9ifwvdgDPLgOxZ|6Q5mtoNuWSiO8oKBh0fwlz,"Killer On The Loose (From ""Rifle Club"")",50,182867,,132,0.75,0.63,0.77,-7.2,True,english,https://open.spotify.com/track/1zENh0Y83ZWiXXsKIFCvky
1BpvuKIG7jK5EiTp2tv5z8,King Shit,Shubh,5r3wPya2PpeTTsXsGhQU8O,Leo,50,226933,,131,0.5,0.86,0.35,-12.7,True,hindi,https://open.spotify.com/track/1BpvuKIG7jK5EiTp2tv5z8
2DlSh85VhqrX3QZyFTF2Ln,Kingston Town,Rainbow Connection,5FjOt49I5funBLtlBY4U7t,Running Workout Reggae Hits,50,220822,,127,0.79,0.77,0.81,-12.8,True,english,https://open.spotify.com/track/2DlSh85VhqrX3QZyFTF2Ln
5nIrIdLPPXeRMl8WXnnDv1,Knife Brows,Dhanda Nyoliwala,2rN8LHqK4TBI7y3d9POvJb,DNW Vol. 1,50,175909,,172,0.5,0.4,0.48,-5.7,True,hindi,https://open.spotify.com/track/5nIrIdLPPXeRMl8WXnnDv1
0Tgpz39v8JfkKCfEbAHKlt,Koka,"Diljit Dosanjh, Sargi Maan, Avvy Sra",2FKWNmZWDBZR4dE5KX4plR|2WcrD17Io276ir3miEHCrc|4qjiRRFcM4WZ0aJ3IHdWPN,Babe Bhangra Paunde Ne,50,150566,,165,0.58,0.74,0.8,-6.1,True,hindi,https://open.spotify.com/track/0Tgpz39v8JfkKCfEbAHKlt
4rr99GjdNDawauU78yf5eY,"Kotha Raja (From ""King of Kotha (Tamil)"")","Jakes Bejoy, Asal Kolaar, Dabzee, Roll Rida, Resmi Sateesh, Mu.Ri",3Q80PCEUBCiRhLSWdQApNt|4b1WCDqAVVgxK7KozLkOqc|2JJKoRrK7Eec7jlcjFB7sc|6xikG2kDoIZnB78TBPXlkj|3Fj6TOcW3jdLmiHGaXLMAX|6XaKvCWc54LHjReFGiQBDm,Gym Blast (Tamil),50,273230,,178,0.64,0.43,0.8,-6.9,True,hindi,https://open.spotify.com/track/4rr99GjdNDawauU78yf5eY
3zYv3ZPh9mHqLXDA7Ijor3,"Kukkad (From ""Student of the Year"") - 138 - 142 BPM","Vishal-Shekhar, Shahid Mallya, Nisha Mascarenhas, Marianne D'Cruz Aiman",6Mv8GjQa7LKUGCAqa9qqdb|4LnYRxNZVCTsDCO2xKjOn8|06rb04GGkUUP0nZMWEs0P6|5kXfKycKZbS90vKTz62joF,Workout Bollywood Style: 30 Mins Non Stop Mix,50,87520,,172,0.44,0.75,0.38,-5.9,True,hindi,https://open.spotify.com/track/3zYv3ZPh9mHqLXDA7Ijor3
59eQ2EL5JegmmCiLozs3kI,"Kukkad (From ""Student of the Year"") - 139 BPM","Vishal-Shekhar, Shahid Mallya, Nisha Mascarenhas, Marianne D'Cruz Aiman",6Mv8GjQa7LKUGCAqa9qqdb|4LnYRxNZVCTsDCO2xKjOn8|06rb04GGkUUP0nZMWEs0P6|5kXfKycKZbS90vKTz62joF,Workout Bollywood Style: 60 Mins Non Stop Mix,50,143013,,149,0.56,0.5,0.52,-10.3,True,hindi,https://open.spotify.com/track/59eQ2EL5JegmmCiLozs3kI
72Knl6oBSAmZ7C4SFNsPd2,LC,"DJ Flow, Sultaan, Balkar",3MP2WJg5D3bmH5Mz2scPF8|7frYUe4C7A42uZqCzD34Y4|6zNY19Sp24dlHukMG0CC3k,LC,50,150000,,93,0.79,0.3,0.38,-6.8,True,hindi,https://open.spotify.com/track/72Knl6oBSAmZ7C4SFNsPd2
2UwjBlZ4wUxnmXUeZDgAeS,LEVEL,"Sardar Khehra, Rass",3YhEUyspZuU7pfEzmpFCsP|3rDMzoRvRb5XfbZTk2gHCK,LEVEL,50,155483,,139,0.6,0.39,0.31,-8.7,True,hindi,https://open.spotify.com/track/2UwjBlZ4wUxnmXUeZDgAeS
1y8LzqiVXnR4fZ1eyTgSPw,LIAR - Slowed,DrDeagle,0JFdYafPV1FuaD6n0mMAwi,LIAR (Versions),50,68464,,148,0.66,0.79,0.49,-15.0,True,english,https://open.spotify.com/track/1y8LzqiVXnR4fZ1eyTgSPw
005VuwsJ7nIkFtoZnRxehn,LMK,"BIG KAY SMG, Baggh-e SMG, Farmaan SMG",0z4Mzficie9vUzDmz4Hy9G|4eu7AyzvnafwOygTQlfAMu|3yXzSYXBOTZ0m1QAfjlzKK,LMK,50,190400,,107,0.44,0.72,0.4,-9.9,True,hindi,https://open.spotify.com/track/005VuwsJ7nIkFtoZnRxehn
4npGVDvE1vwfoDEShx8RPi,LOCKED IN x GRIND MODE,MNTLKODE,7ujUzuzX8JKiYqzxToUuBn,LOCKED IN x GRIND MODE,50,229760,,105,0.56,0.65,0.76,-10.2,True,english,https://open.spotify.com/track/4npGVDvE1vwfoDEShx8RPi
5ZCGdtyN2D5WtFbRNRdubL,La Bamba - Fitness Version,Movimento Latino,1m6Vx26zhIJQZn5bCeWgDE,Ultra Cycling Latin Hits 2021 Workout Compilation (Fitness Version),50,240974,,142,0.82,0.72,0.36,-14.3,True,english,https://open.spotify.com/track/5ZCGdtyN2D5WtFbRNRdubL
3O1x5ZVDZ8ZNjmzQzkmHW6,La La La,"Shashwat Sachdev, Bjorn Surrao",465OXuCU8YZNmVG1leLwQ9|6WaQm4n7YfvvH7r94yMAeu,Gym Vibes Bollywood,50,138112,,146,0.82,0.67,0.42,-11.9,True,hindi,https://open.spotify.com/track/3O1x5ZVDZ8ZNjmzQzkmHW6
75eA4ywLGO3G1OxQa6atYY,"Laal Ghaghra - From ""Good Newwz""","Neha Kakkar, Herbie Sahara, Manj Musik",5f4QpKfy7ptCHwTqspnSJI|1SFZj1QftOmRhmnB7TgOlc|7IVzXMMN7fFi7PXxPhXcAB,Bollywood Workout Hits,50,268888,,98,0.74,0.63,0.36,-6.5,True,hindi,https://open.spotify.com/track/75eA4ywLGO3G1OxQa6atYY
6sAvOaWpSN2ljC7xEVjV3L,Laila Main Laila,Pawni Pandey,3hmboaiYDw7hqBWQZ5TJQX,Bollywood Workout Hits,50,306582,,165,0.72,0.7,0.71,-5.8,True,hindi,https://open.spotify.com/track/6sAvOaWpSN2ljC7xEVjV3L
2oenSXLDbWVaaL7QjSGYj5,Lalkara,"Diljit Dosanjh, Intense, Sultaan",2FKWNmZWDBZR4dE5KX4plR|0OS0NZnK7TGIAWx8MkWNFN|7frYUe4C7A42uZqCzD34Y4,Ghost,50,160500,,165,0.82,0.51,0.75,-6.6,True,hindi,https://open.spotify.com/track/2oenSXLDbWVaaL7QjSGYj5
5fnCBCa4j1F2ehaqwTp1OP,Lamberghini Remix By DJ Chetas,"The Doorbeen, Ragini Tandan",5Yz2RjLWPx1PcIRoiot9Sc|2yuGX61xWhx2Mhhmu1i5WA,Lamberghini Remix,50,304251,,99,0.78,0.53,0.85,-5.5,True,hindi,https://open.spotify.com/track/5fnCBCa4j1F2ehaqwTp1OP
4ObmgodHOEZd54Kaao8Iov,Lamberghini Remix By DJ Chetas,The Doorbeen,5Yz2RjLWPx1PcIRoiot9Sc,Punjabi Hits War Of The Dj's,50,304251,,128,0.68,0.85,0.62,-5.3,True,hindi,https://open.spotify.com/track/4ObmgodHOEZd54Kaao8Iov
6FGYTV1yG1eW13sxHCNVCC,Lamberghini Remix DJ Aqeel,"The Doorbeen, Ragini",5Yz2RjLWPx1PcIRoiot9Sc|4aKee88VYIQpk7cOJGVwmO,Lamberghini Remix DJ Aqeel,50,196420,,178,0.66,0.73,0.69,-12.6,True,hindi,https://open.spotify.com/track/6FGYTV1yG1eW13sxHCNVCC
2OqOSbbCvbQybvAguXlwar,Lambo,"Hommie Dilliwala, Spectra Music",4nK9FAS3HuQXcJva8gEWYT|6kQXMHA8JGJQsRsMBqqe7l,Lambo,50,204857,,122,0.7,0.56,0.66,-14.6,True,hindi,https://open.spotify.com/track/2OqOSbbCvbQybvAguXlwar
38901bdbC0aZQ6G76IPSJn,Last Night EDM (Workout Pop Mix),"Dhrriti Saharan, Drub, SAM8",3CfM61zeuztKppkmj0CggJ|7yeOMQQgOZithjuVW5dNbG|1g6LVTbaP9cw7w4xNauXSq,Last Night EDM (Workout Pop Mix),50,117760,,168,0.81,0.41,0.31,-14.8,True,hindi,https://open.spotify.com/track/38901bdbC0aZQ6G76IPSJn
2UayVLcvPfxs1pIDc6teNd,"Law (From ""Waqt (The Time)"")",Preet Harpal,433RQky1bQVcNrYhHdsLIu,Fit & Fab - Punjabi Workout Beats,50,222691,,164,0.86,0.22,0.82,-13.1,True,hindi,https://open.spotify.com/track/2UayVLcvPfxs1pIDc6teNd
4iOq2DLxbRuBdrILZwOKoW,Lay Up,Future,1RyvyyTE3xzB2ZywiAwp0i,Beast Mode,50,167573,,170,0.55,0.86,0.78,-6.8,True,english,https://open.spotify.com/track/4iOq2DLxbRuBdrILZwOKoW
3l6SbhXkkkdvmiz0SJZETB,Lay Up (Instrumental),Future,1RyvyyTE3xzB2ZywiAwp0i,Beast Mode (Instrumentals),50,167876,,132,0.5,0.7,0.74,-7.1,True,english,https://open.spotify.com/track/3l6SbhXkkkdvmiz0SJZETB
6U8g1gIPeHXLTCZ7U6wxbQ,"Lehnga (From ""Jatt & Juliet 3"")","Diljit Dosanjh, Jaani, Bunny",2FKWNmZWDBZR4dE5KX4plR|5gZhfbckaWo89OzDSk3gdT|0Or6EukLg1g2fTl08fPz2o,"Lehnga (From ""Jatt & Juliet 3"")",50,189762,,125,0.74,0.4,0.4,-14.5,True,hindi,https://open.spotify.com/track/6U8g1gIPeHXLTCZ7U6wxbQ
2r0ROhr7pRN4MXDMT1fEmd,"Leo Das Entry (From ""Leo"")",Anirudh Ravichander,4zCH9qm4R2DADamUHMCa6O,"Leo Das Entry (From ""Leo"")",50,97297,,100,0.86,0.26,0.71,-9.7,True,english,https://open.spotify.com/track/2r0ROhr7pRN4MXDMT1fEmd
3BUWNzPWz2mDbptZmGEXpB,Let It All Work Out,"Lil Wayne, Sampha",55Aa2cqylxrFIXC767Z865|2WoVwexZuODvclzULjPQtm,Tha Carter V,50,316192,,164,0.74,0.68,0.84,-5.4,True,english,https://open.spotify.com/track/3BUWNzPWz2mDbptZmGEXpB
3WMUA11693LD4bT0HzuMmN,Lethal Jatti - Extended Mix,"Harpi Gill, Mista Baaz",2IAVxMMu1NjwNSLZ7YrXWu|4WfXu0xIHhthU5Jb5x3hRq,Punjabi Power Workout,50,225107,,148,0.65,0.89,0.33,-7.6,True,hindi,https://open.spotify.com/track/3WMUA11693LD4bT0HzuMmN
1wABwcTvVI5K2OV8VYwIpG,Level Up - Hindi Workout,Minns,109bXkunJD3qI4zj90x99F,Hindi Workout Mix 2026,50,250000,,174,0.88,0.28,0.82,-6.3,True,hindi,https://open.spotify.com/track/1wABwcTvVI5K2OV8VYwIpG
4FiyJCeOQL8SNERVlgFmO1,Light Me Up,Hanbit Yu,6EwFg9rHS30Z3GWgMlyHf9,"RUNNING & WORKOUT, Vol. 17",50,267680,,163,0.67,0.8,0.45,-14.0,True,english,https://open.spotify.com/track/4FiyJCeOQL8SNERVlgFmO1
2RVRgYEoNA3tqwTX5EAFu6,Like Gravity,Hanbit Yu,6EwFg9rHS30Z3GWgMlyHf9,"RUNNING & WORKOUT, Vol. 17",50,230160,,158,0.49,0.69,0.8,-7.6,True,english,https://open.spotify.com/track/2RVRgYEoNA3tqwTX5EAFu6
6fuff5laZWnQEmDIQdKp5J,Like a Drum (Workout Remix),DJ Keen,4qvArXhnLauGZ5BBmJ3MJS,"Fitness Power Hour, All Hits Workout (32-Count Nonstop Cardio Music Mix @ 135 BPM)",50,184880,,102,0.74,0.63,0.59,-5.7,True,english,https://open.spotify.com/track/6fuff5laZWnQEmDIQdKp5J
0UB1RXGYlPHJo7Y5UBlRN9,Limit Tod - Hindi Workout,Minns,109bXkunJD3qI4zj90x99F,Hindi Workout Mix 2026,50,200000,,147,0.6,0.56,0.44,-9.4,True,hindi,https://open.spotify.com/track/0UB1RXGYlPHJo7Y5UBlRN9
6MOzgX8Rj8TpWhG7bd4ZWp,Lock,"Sidhu Moose Wala, The Kidd",4PULA4EFzYTrxYvOVlwpiQ|1yLUeehqCm7X7QLRuUfZ1A,Lock,50,175200,,153,0.84,0.67,0.8,-10.3,True,hindi,https://open.spotify.com/track/6MOzgX8Rj8TpWhG7bd4ZWp
1o1o8vh6MXQsJJTebP2eoN,Lock In – Fitness Workout Music,Hot Beat Universe,4wC7SuWGv5zxNixbErqGyO,Workout Music 2026 No Pain No Gain,50,164959,,180,0.86,0.54,0.53,-13.0,True,english,https://open.spotify.com/track/1o1o8vh6MXQsJJTebP2eoN
7FAp1bp105ecUO4ZxzoyIP,Lohe Di Hit Punjabi Viking Workout Song Powerlifting Music,Manup,5LCv5TmLtTzV6slXMrcrUj,Ultimate Gym Anthems,50,362095,,90,0.8,0.82,0.82,-7.8,True,hindi,https://open.spotify.com/track/7FAp1bp105ecUO4ZxzoyIP
5OxVOeYmIzelfupJtq1X6G,Lokiverse 2.0,Anirudh Ravichander,4zCH9qm4R2DADamUHMCa6O,Leo (Original Motion Picture Soundtrack),50,114193,,174,0.68,0.34,0.52,-10.6,True,english,https://open.spotify.com/track/5OxVOeYmIzelfupJtq1X6G
46GRk7Ne4SCiLSiAQ2sdbt,"Lokiverse 2.0 (From ""Leo (Telugu)"")",Anirudh Ravichander,4zCH9qm4R2DADamUHMCa6O,Best of Anirudh Ravichander (Telugu Hits),50,114193,,160,0.86,0.84,0.85,-13.8,True,english,https://open.spotify.com/track/46GRk7Ne4SCiLSiAQ2sdbt
4uEgkYVn0w1Pi9GkSzibbQ,"Long Drive (Bhangra Mix)[Remix By Dj A Sen,Dj Amann Nagpal]",Mika Singh,5T2I75UlGBcWd5nVyfmL13,Khiladi 786,50,194252,,132,0.8,0.79,0.82,-6.2,True,hindi,https://open.spotify.com/track/4uEgkYVn0w1Pi9GkSzibbQ
4fwqvTzFjA6V5kSXxVufrt,"Los Angelas(La) [From ""The Next Level""]",Diljit Dosanjh,2FKWNmZWDBZR4dE5KX4plR,Fit & Fab - Punjabi Workout Beats,50,220464,,154,0.73,0.54,0.65,-6.5,True,hindi,https://open.spotify.com/track/4fwqvTzFjA6V5kSXxVufrt
0TgLVxf1sPa2m9NgQ7295y,Lose Your Fkin Mind,Santhosh Narayanan,5FVBduYaeVBb6JIghza7v6,Retro Ost,50,100639,,135,0.55,0.33,0.58,-12.8,True,english,https://open.spotify.com/track/0TgLVxf1sPa2m9NgQ7295y
4ZmOQqAksHnXcWXylLFtZ4,Lose Your Fkin Mind,"Santhosh Narayanan, 808Krshna",5FVBduYaeVBb6JIghza7v6|4BmMGRjcKQTnEaM2nCIaBE,Retro [TAMIL],50,102093,,135,0.68,0.42,0.42,-6.2,True,english,https://open.spotify.com/track/4ZmOQqAksHnXcWXylLFtZ4
0HG6FiRYjpvTn42PYgJsn5,Love Cardio,Baby Bounce Productions,6gShcazR1ywehwfKOT7oiO,Love Cardio,50,224864,,165,0.57,0.81,0.88,-13.9,True,english,https://open.spotify.com/track/0HG6FiRYjpvTn42PYgJsn5
06ZPeP9bkc1KAQjRgQd4VK,Love Thyself,DJ Kamal Supreme,5Oir5zMAdY6S88DH0brPwb,Bhangra Supreme Workout & Dance Party,50,251500,,177,0.73,0.74,0.61,-8.1,True,hindi,https://open.spotify.com/track/06ZPeP9bkc1KAQjRgQd4VK
02YYLr98mGpl6AWWX0otyJ,Lovin on Me,Jack Harlow,2LIk90788K0zvyj2JJVwkJ,Gym Workout Jack It Up 2024,50,138411,,106,0.75,0.38,0.72,-11.2,True,english,https://open.spotify.com/track/02YYLr98mGpl6AWWX0otyJ
1hbpnoNjnlL9jqDrvpiDX7,Lucky No. 7,"Mankirt Aulakh, Baani Sandhu, Avvy Sra",3uHUKCspaCzAab9A3LlGAr|3tDW6dCyLHiuOq5eKnHCW3|4qjiRRFcM4WZ0aJ3IHdWPN,Lucky No. 7,50,158644,,146,0.81,0.47,0.6,-8.8,True,hindi,https://open.spotify.com/track/1hbpnoNjnlL9jqDrvpiDX7
1SW05hJK9c2Ni2Mdv43v7y,Lumira,LREV,2mCmMvCxKRCsChzJXP7pXT,Lumira,50,396297,,122,0.74,0.84,0.72,-11.8,True,english,https://open.spotify.com/track/1SW05hJK9c2Ni2Mdv43v7y
3CkXFg3KLPpkPsRLSuOL8u,MALO TEBYA - FUNK,"Pxlish Beatz, VaporVice",060RqRj5fqd1sG2KxaH5WV|5wW6NqRgAW3MTwYKJyOufP,MALO TEBYA,50,165230,,170,0.74,0.87,0.54,-7.8,True,english,https://open.spotify.com/track/3CkXFg3KLPpkPsRLSuOL8u
1jjmRJyc4A8bzH9PlLQdG3,MF Gabhru!,"Karan Aujla, Ikky",6DARBhWbfcS9E4yJzcliqQ|3nqS8jzqmsPKFJTp0BOIel,MF Gabhru!,50,200385,,136,0.74,0.86,0.37,-11.1,True,hindi,https://open.spotify.com/track/1jjmRJyc4A8bzH9PlLQdG3
6N2No8PrB1XRwitvXqpIuM,MONOLITH (HARDTEKK) - SLOWED,"KXRDELIUS, ZXVABEAT",19S9KkpDrMQHS0iieWq0D7|3NImlgVRK0ND7wgtNHMjhM,MONOLITH (HARDTEKK),50,273006,,132,0.8,0.34,0.7,-7.8,True,english,https://open.spotify.com/track/6N2No8PrB1XRwitvXqpIuM
3WC046nCJndItGwTVvCIrZ,MONTAGEM DE PUNJABI,Smoothies,236WkFGLSfmOX04pQVsrlO,MONTAGEM DE PUNJABI,50,108403,,145,0.7,0.33,0.54,-8.7,True,hindi,https://open.spotify.com/track/3WC046nCJndItGwTVvCIrZ
4xApiJUB9x3MzkI4woFI4c,MONTAGEM RADICATE - Ultra Slowed,"ASKL hon, Echo8",79nW6LwB2A5UxLlwPKfAia|63G8FQH2i4zUwwbKJI5oWl,MONTAGEM RADICATE,50,81401,,141,0.69,0.38,0.32,-14.4,True,english,https://open.spotify.com/track/4xApiJUB9x3MzkI4woFI4c
64PgRl3M2gF5teKinrX3g5,MONTAGEM VOLTAGE - Hardstyle Remix,"TEENWXVE, gef7est",209dGpA7Rmwe4GmCQc3heC|2YAHuGVpNKhEVJzV01VZ6X,MONTAGEM VOLTAGE (Hardstyle remix),50,124000,,143,0.56,0.61,0.49,-8.7,True,english,https://open.spotify.com/track/64PgRl3M2gF5teKinrX3g5
7Jh1CVb1QAJappIXfpd6c4,MONTEKK - Slowed,"Vincce, Dj Calvaro",56R8A5Xu0PRqsPRpUj81Jp|2P49KVD6QrWMua1tQrZrly,MONTEKK,50,100562,,150,0.48,0.5,0.52,-9.1,True,english,https://open.spotify.com/track/7Jh1CVb1QAJappIXfpd6c4
5B0fStyx8WpvaEA580IZ5U,MUTILATOR (SUPER SLOWED),"ZMAJOR, Lurk",4nzcYFR90Ep4i3P6mlZSkP|4xWa4k84QliHnu6XzdJeSN,MUTILATOR,50,121410,,176,0.48,0.72,0.79,-13.1,True,english,https://open.spotify.com/track/5B0fStyx8WpvaEA580IZ5U
5BQePe9rcCJozHK3oPayYk,MVP,Shubh,5r3wPya2PpeTTsXsGhQU8O,MVP,50,196897,,138,0.58,0.6,0.56,-9.7,True,hindi,https://open.spotify.com/track/5BQePe9rcCJozHK3oPayYk
546UvXOpkFKpJamgUWs10E,"Maa Da Laadla (From ""Dostana"") - 114 - 117 BPM","Vishal-Shekhar, Master Saleem",6Mv8GjQa7LKUGCAqa9qqdb|0BEr6nvOOHQMy53md08n9Y,Workout Bollywood Style: 30 Mins Non Stop Mix,50,112160,,95,0.46,0.52,0.48,-12.9,True,hindi,https://open.spotify.com/track/546UvXOpkFKpJamgUWs10E
6sa4tPTNxMCTMZBSWqEVPd,"Maahi (From ""Raaz - The Mystery Continues"") - 130 BPM","Shaarib Toshi, Toshi Sabri, Sayeed Quadri",0FJz7XR37hH69traaHLijA|0Dr1dEmiBkgZWPsc1j5oHV|2pGRniGOJSOvYoK3dGaBb8,Workout Bollywood Style: 60 Mins Non Stop Mix,50,115013,,95,0.82,0.56,0.52,-10.3,True,hindi,https://open.spotify.com/track/6sa4tPTNxMCTMZBSWqEVPd
456EOyXMa8FhzU3OcCLoKb,"Maahi Ve (From ""Kal Ho Na Ho"") - 100 BPM","Shankar-Ehsaan-Loy, Sadhana Sargam, Sujata Bhattacharya, Udit Narayan, Sonu Nigam, Shankar Mahadevan",0L5GV6LN8SWWUWIdBbTLTZ|1HGMG8RHvcu1mfdM9MeTek|63gr7tdupR56177ARreusx|70B80Lwx2sxti0M1Ng9e8K|1dVygo6tRFXC8CSWURQJq2|1SJOL9HJ08YOn92lFcYf8a,Workout Bollywood Style: 60 Mins Non Stop Mix,50,98000,,175,0.57,0.3,0.77,-6.3,True,hindi,https://open.spotify.com/track/456EOyXMa8FhzU3OcCLoKb
1cSXLEO13rqGDMMJeBkF75,"Maahi Ve (From ""Kal Ho Na Ho"") - 102 - 105 BPM","Shankar-Ehsaan-Loy, Sadhana Sargam, Sujata Bhattacharya, Udit Narayan, Sonu Nigam, Shankar Mahadevan",0L5GV6LN8SWWUWIdBbTLTZ|1HGMG8RHvcu1mfdM9MeTek|63gr7tdupR56177ARreusx|70B80Lwx2sxti0M1Ng9e8K|1dVygo6tRFXC8CSWURQJq2|1SJOL9HJ08YOn92lFcYf8a,Workout Bollywood Style: 30 Mins Non Stop Mix,50,105826,,103,0.7,0.29,0.33,-6.1,True,hindi,https://open.spotify.com/track/1cSXLEO13rqGDMMJeBkF75
2URzN6fZ2jNecaweKfm3vl,Maal,Sultaan,7frYUe4C7A42uZqCzD34Y4,Maal,50,152307,,136,0.73,0.82,0.54,-8.9,True,hindi,https://open.spotify.com/track/2URzN6fZ2jNecaweKfm3vl
7vYGudtLVL0Squ6FGZuCrK,Main Ban Gayi Bandit,Raagline Studio,7iWaDtG4gUdoDRxJovnNvx,Punjabi Mashup Gym Edition vol.1,50,126360,,137,0.56,0.78,0.64,-13.9,True,hindi,https://open.spotify.com/track/7vYGudtLVL0Squ6FGZuCrK
68x8ORAmuLmysq32FG0BJE,Main Nai Tuttna,"Kumaar, Tisoki, Shashwat Sachdev, Vishal Mishra",0m3D4grap8VFSzbJMqgNVk|0XW7mqhbaQnRtHmwfAVg64|465OXuCU8YZNmVG1leLwQ9|5wJ1H6ud777odtZl5gG507,Gym Motivation,50,205714,,121,0.56,0.39,0.68,-5.5,True,english,https://open.spotify.com/track/68x8ORAmuLmysq32FG0BJE
0aQNp8onSKCWRIBkxSZjUE,Main Nikla Gaddi Leke,"Mithoon, Udit Narayan, Aditya Narayan, Anand Bakshi",09UmIX92EUH9hAK4bxvHx6|70B80Lwx2sxti0M1Ng9e8K|4Z0t0LHjOjFRiv0mjBw206|3Bku4b0uiR8KJSXu7U8Iyy,Bollywood Workout Hits,50,230281,,175,0.43,0.63,0.32,-14.4,True,hindi,https://open.spotify.com/track/0aQNp8onSKCWRIBkxSZjUE
1UXYpH9Mxcx0I0LCDnpQxF,Main Tayyar Hoon - Hindi Workout,Minns,109bXkunJD3qI4zj90x99F,Hindi Workout Mix 2026,50,210000,,109,0.62,0.49,0.37,-13.7,True,hindi,https://open.spotify.com/track/1UXYpH9Mxcx0I0LCDnpQxF
3STMCRnUsHH9sMKt8ddrz3,Mamma Mia - Workout Remix 128 bpm,SuperFitness,6L74J3BzylQkJF7rBXTpgT,Aqua Gym Spring 2022: 60 Minutes Mixed Compilation for Fitness & Workout 128 bpm/32 Count,50,195000,,165,0.7,0.77,0.39,-14.5,True,english,https://open.spotify.com/track/3STMCRnUsHH9sMKt8ddrz3
01ltpA7dvn8xptRyjoi6Dw,Manali Trance,"Yo Yo Honey Singh, Neha Kakkar",7uIbLdzzSEqnX0Pkrb56cR|5f4QpKfy7ptCHwTqspnSJI,Bollywood Workout Hits,50,203206,,93,0.86,0.58,0.76,-14.3,True,hindi,https://open.spotify.com/track/01ltpA7dvn8xptRyjoi6Dw
4Ia9pSE33YIzNymHk4g3fq,Manasha's - Slowed,Gozaka,05DOzYlqz3mvqyNJ7Id853,Manasha's (Slowed),50,101146,,132,0.44,0.43,0.61,-13.3,True,english,https://open.spotify.com/track/4Ia9pSE33YIzNymHk4g3fq
3NxijmIrGNXJ7Zd6ZSRQcY,Mankirt Aulakh Non Stop Bhangra League,Mankirt Aulakh,3uHUKCspaCzAab9A3LlGAr,Mankirt Aulakh Non Stop Bhangra League,50,383966,,153,0.43,0.35,0.46,-12.8,True,hindi,https://open.spotify.com/track/3NxijmIrGNXJ7Zd6ZSRQcY
0Y0MPg9LRfajmMm6vOlj1o,Manzar Hai Ye Naya,"Shashwat Sachdev, Shantanu Sudame, Abhiruchi Chand",465OXuCU8YZNmVG1leLwQ9|1F4jYCbPTiQN8tbLvw3qis|1Z3KE3Fs3qg13YsXPCGzKj,Uri - The Surgical Strike (Original Motion Picture Soundtrack),50,243600,,120,0.7,0.21,0.81,-13.3,True,hindi,https://open.spotify.com/track/0Y0MPg9LRfajmMm6vOlj1o
3Mo5kuJ4mMslcgkc7m9lAm,Mash It Up,DJ Kamal Supreme,5Oir5zMAdY6S88DH0brPwb,Bhangra Supreme Workout & Dance Party,50,230350,,155,0.55,0.72,0.32,-12.0,True,hindi,https://open.spotify.com/track/3Mo5kuJ4mMslcgkc7m9lAm
3CJflVg0pIZVIVidBZIrOO,Mashup Remix,"Diljit Dosanjh, Kaur B, Dr Zeus, Dilpreet Dhillon, Amrit Maan, Ranjit Bawa, Jazzy B",2FKWNmZWDBZR4dE5KX4plR|43iOhUGMAnS6QbPEUYqkpg|1zrFFDzoE9XXyjEqqgDpMm|5CGQa62CAweD76eHlDmp1m|7GgAwYJnBBFT1WogNWf0oj|6pU5oz09VUYtnFTd4P1Mxn|25bvyjHJAszeSV3q0TmEhY,Kings United by Music,50,1156520,,103,0.55,0.52,0.33,-6.1,True,hindi,https://open.spotify.com/track/3CJflVg0pIZVIVidBZIrOO
7CeZW69DjY9OrgeY7VRQLM,Mast Punjabi,"Anand Raj Anand, Sunidhi Chauhan",5ixQ5hSywFLUaxoaA0uVaH|3eDT9fwXKuHWFvgZaaYC5v,No Problem (Original Motion Picture Soundtrack),50,271240,,93,0.55,0.63,0.7,-7.2,True,hindi,https://open.spotify.com/track/7CeZW69DjY9OrgeY7VRQLM
2cVJDlu9jmkPUeuJxA6v8i,"Master the Blaster (From ""Master"")","Anirudh Ravichander, Bjorn Surrao",4zCH9qm4R2DADamUHMCa6O|6WaQm4n7YfvvH7r94yMAeu,"Master the Blaster (From ""Master"")",50,92250,,170,0.78,0.26,0.71,-11.0,True,english,https://open.spotify.com/track/2cVJDlu9jmkPUeuJxA6v8i
2A7IV15AulCNINmM5ej0Ng,"Maston Ka Jhund (From ""Bhaag Milkha Bhaag"") - 132 BPM",Shankar-Ehsaan-Loy,0L5GV6LN8SWWUWIdBbTLTZ,Workout Bollywood Style: 60 Mins Non Stop Mix,50,69986,,136,0.62,0.87,0.4,-7.4,True,hindi,https://open.spotify.com/track/2A7IV15AulCNINmM5ej0Ng
07cX3sqGTifu1qRVPMEu6K,Maut,"NIJJAR, Deep Jandu, Gurlez Akhtar",4tnu4MuDLf51KcBOYvaB5W|2RJawMqX9ESxws2KMtHyP3|55kkrbuMkdzPGD7YGA6xrJ,Maut,50,206608,,114,0.79,0.89,0.74,-8.0,True,hindi,https://open.spotify.com/track/07cX3sqGTifu1qRVPMEu6K
2Mg9CBlvSRSt3csJGaVz2e,Maximum Mass,"B. Ajaneesh Loknath, Chethan Gandharva, MC Bijju, Anup Bhandari",3PjvC3vaZ6wh5FK6PZ4Dd5|2aZR9aRrSC2OodxW3hkbj5|55M046miFPYqKWWS0UaDOp|0YgygYV4bW2zwReIPqNJwL,Max (Kannada),50,144460,,149,0.62,0.28,0.3,-5.8,True,english,https://open.spotify.com/track/2Mg9CBlvSRSt3csJGaVz2e
1KyDgQU6j6QFXASYjR6DQu,Me & Me,King,5NHm4TU5Twz7owibYxJfFU,Desi Gym Pump Music,50,276096,,100,0.88,0.65,0.53,-13.0,True,hindi,https://open.spotify.com/track/1KyDgQU6j6QFXASYjR6DQu
37VaYXyV1025eIMf7RyUr4,Mehbooba,"Neha Kakkar, Yasser Desai, Raftaar, Kumaar, Prem & Hardeep, Mohammed Rafi",5f4QpKfy7ptCHwTqspnSJI|6RF8hEdlUKoLPQOHmBbHiM|5UdFr0GeO7jKIaNIJgwB36|0m3D4grap8VFSzbJMqgNVk|4ZPpGYjIb5caOhHhQANO8P|0gXDpqwYNDODn7fB0RDN8J,Bollywood Workout Hits,50,179278,,171,0.8,0.39,0.83,-10.7,True,hindi,https://open.spotify.com/track/37VaYXyV1025eIMf7RyUr4
74cHPu5iYftGUDSBeyQKvm,Meri Jaan,Raagline Studio,7iWaDtG4gUdoDRxJovnNvx,Punjabi Mashup Gym Edition vol.1,50,140520,,157,0.87,0.55,0.58,-11.6,True,hindi,https://open.spotify.com/track/74cHPu5iYftGUDSBeyQKvm
3vLxIayJZo1tIPDUmyo1jt,Merupaisagara,"Karthik, Mani Sharma, Ramesh Naidu Dasari",0LSPREIgGMZXCuKVel7LVD|3AMxH9QIPZbK8ND8C9j4Ss|6SeRzgKwewDXyX5LnyponG,Style,50,275666,,172,0.45,0.27,0.74,-5.6,True,english,https://open.spotify.com/track/3vLxIayJZo1tIPDUmyo1jt
3tZQOgtqlhzLrcAgRVzbvv,Middle Eastern Cardio Workout,Workout Music Drive,2jFpb0ubb3OPjsdJJImOmb,Workout music arabic,50,169679,,95,0.48,0.48,0.67,-9.8,True,english,https://open.spotify.com/track/3tZQOgtqlhzLrcAgRVzbvv
5zlB4HfyZ4C5EbgbHPkYIN,Mila Toh Marega,"Ravindra Upadhyay, Vishvesh Parmar, Sandeep Patil",1FpxWLEKhs3fsDL1fXDBHl|3wW1paXfLYaORsxO6LWqfa|2qt7cdQ7VlcZLacgEbMsnc,Rakht Charitra,50,219539,,130,0.55,0.8,0.73,-9.7,True,english,https://open.spotify.com/track/5zlB4HfyZ4C5EbgbHPkYIN
6YBgXwok61x4Jwz2gjXb1Q,Milatoh (Electro Mix),"Ravindra Upadhyay, Vishvesh Parmar, Sandeep Patil",1FpxWLEKhs3fsDL1fXDBHl|3wW1paXfLYaORsxO6LWqfa|2qt7cdQ7VlcZLacgEbMsnc,Rakht Charitra-2,50,227746,,108,0.45,0.33,0.54,-13.2,True,english,https://open.spotify.com/track/6YBgXwok61x4Jwz2gjXb1Q
0sGbuSEyjzlxvjTuzcQBPW,Million Reasons - Remix,Workout Music,5njMahLKD1tLJ5bejvqseV,100 Gym & Fitness Workout Hits! Playlist,50,269973,,97,0.69,0.69,0.31,-6.8,True,english,https://open.spotify.com/track/0sGbuSEyjzlxvjTuzcQBPW
5hCzdgCPAedUdVzvqVgmvo,Mitra Gul Fasade,"Bagga Safri, Kiranjoti",20BUWRFGFrSmb9Em1Dvr7y|4ibajdar7oQ8nR1AJijEqJ,Purja Kuwara,50,241456,,123,0.52,0.66,0.72,-12.1,True,hindi,https://open.spotify.com/track/5hCzdgCPAedUdVzvqVgmvo
6Ce0KCbllK0WknIK2YIafx,Mobsta,"Anirudh Ravichander, Heisenberg",4zCH9qm4R2DADamUHMCa6O|3bsrlEbnX8sWwXlTe80RSr,Coolie (Original Motion Picture Soundtrack),50,114314,,151,0.68,0.23,0.4,-7.8,True,english,https://open.spotify.com/track/6Ce0KCbllK0WknIK2YIafx
21cuZ2Mv7nAG5arPa3wQiT,Mogambo,"Cheema Y, Gur Sidhu, Gurlez Akhtar",0uOUeC51AxGnP6hB8gurwt|0QntOArZgiNHoemAzwJPu5|55kkrbuMkdzPGD7YGA6xrJ,The Simpsons,50,109974,,129,0.78,0.59,0.89,-13.0,True,hindi,https://open.spotify.com/track/21cuZ2Mv7nAG5arPa3wQiT
0R3WApyz8yk8aMCHVS5kcm,Money for Nothing - 130 BPM Workout Remix,Axel Force,3EH897kxmhzUZBs5hCHQZg,Running & Workout for Seniors,50,297878,,168,0.55,0.63,0.8,-9.2,True,english,https://open.spotify.com/track/0R3WApyz8yk8aMCHVS5kcm
1DjYyqUo5avwjWboZQjkGP,Money for Nothing - Running Workout Mix,Workout Music,5njMahLKD1tLJ5bejvqseV,50 Throwback Running Workout Hits!,50,420773,,123,0.65,0.35,0.43,-14.4,True,english,https://open.spotify.com/track/1DjYyqUo5avwjWboZQjkGP
7D3Ag7443YtBqV2zflZwgD,"Monster Song Clean Version (From ""KGF Chapter 2 - Tamil"")","Ravi Basrur, Adithi Sagar",2q1LRGJHpFxovU8Tz6OgRn|4k4UPnDSbAQTzhQR9aiBkz,"Monster Song Clean Version (From ""KGF Chapter 2 - Tamil"")",50,160056,,175,0.8,0.4,0.3,-9.0,True,english,https://open.spotify.com/track/7D3Ag7443YtBqV2zflZwgD
4LKq7OUMMMqDSFyJq4sReE,Morden Mirza - Bhangra Mix,Dk Musix,4kQ9YMaOu6GH0WnL6Tezic,Morden Mirza (Bhangra Mix),50,149396,,97,0.46,0.53,0.31,-6.7,True,hindi,https://open.spotify.com/track/4LKq7OUMMMqDSFyJq4sReE
5FrLQ7GUcSpZ979Vi3t1LR,Morena - Re-Mix,"Hector & Tito, Don Omar, Glory",5aB4SpKYteOJ8pAleoKkg7|33ScadVnbm2X8kkUqOkC6Z|17WbRGqXOt3Garv9CERTGk,Perreo Cardio Workout,50,154720,,137,0.56,0.89,0.81,-5.9,True,english,https://open.spotify.com/track/5FrLQ7GUcSpZ979Vi3t1LR
0C06VVFXjURA73YotUEkyo,Morning Running Rhythm,Music for exercise,2GscQvMMC8VPOjlHOSMrTb,Morning exercise music,50,144479,,167,0.46,0.45,0.82,-5.4,True,english,https://open.spotify.com/track/0C06VVFXjURA73YotUEkyo
4pu1sUnZK7z2KpwoninqjH,Move That Body-Bonus House Dance Song,DJ Kamal Supreme,5Oir5zMAdY6S88DH0brPwb,Bhangra Supreme Workout & Dance Party,50,313800,,134,0.8,0.77,0.34,-9.3,True,hindi,https://open.spotify.com/track/4pu1sUnZK7z2KpwoninqjH
6b52NQujSIgTurwO7fVJnj,Mudinja Thodra,Anirudh Ravichander,4zCH9qm4R2DADamUHMCa6O,Madharaasi (Original Motion Picture Soundtrack),50,117802,,123,0.41,0.63,0.63,-5.6,True,english,https://open.spotify.com/track/6b52NQujSIgTurwO7fVJnj
4LhjmnKSm7HQFSSsrOW1Qu,Mum & Child,Various Artists,0LyfQWJT6nXafLPZqxe9Of,Fitness Workout Beats,50,241844,,180,0.53,0.61,0.57,-7.6,True,english,https://open.spotify.com/track/4LhjmnKSm7HQFSSsrOW1Qu
1FF0B5J7Qfh4wwwvdoMT8g,My Direction,Hanbit Yu,6EwFg9rHS30Z3GWgMlyHf9,"RUNNING & WORKOUT, Vol. 17",50,283040,,92,0.75,0.77,0.46,-14.8,True,english,https://open.spotify.com/track/1FF0B5J7Qfh4wwwvdoMT8g
6t0hgXyERDjZ2dJ49JMbzp,My House - Remix,Workout Music,5njMahLKD1tLJ5bejvqseV,100 Gym & Fitness Workout Hits! Playlist,50,288253,,91,0.46,0.32,0.44,-10.1,True,english,https://open.spotify.com/track/6t0hgXyERDjZ2dJ49JMbzp
2QpQj9Fiua4OOg4KP2wCXd,NO EXCUSES,Diary Radio,7ilNmH4ayDfDrC2acToQes,Hardcore Workout Music,50,163631,,171,0.44,0.51,0.51,-8.2,True,english,https://open.spotify.com/track/2QpQj9Fiua4OOg4KP2wCXd
2EwRLgjRatm71GdVqkbC2n,NO IF NO BUT,Big Ghuman,6L3F8cdWcweEu2d1kfggbH,BEAST MODE,50,163000,,176,0.46,0.67,0.35,-11.5,True,english,https://open.spotify.com/track/2EwRLgjRatm71GdVqkbC2n
1VHIkPupeY8yMvWEkrY9YD,NO PROMENADA - Slowed,"ANDROMEDA, elysian.",1RklNDIiYVZ3dYdEUnB0cS|51K0b3lRd87cKX02hU26we,NO PROMENADA,50,83076,,108,0.55,0.33,0.86,-14.4,True,english,https://open.spotify.com/track/1VHIkPupeY8yMvWEkrY9YD
3nVJ728A5YYXMPhpyGhFEt,NO RADAR - Slowed,nightfxrce,0zPcNpNWxJ8KZutFU26dfW,NO RADAR,50,117818,,139,0.69,0.27,0.48,-6.8,True,english,https://open.spotify.com/track/3nVJ728A5YYXMPhpyGhFEt
1wQfumpCUxZf5dwx06FSTE,NYPD,"Baggh-e SMG, Farmaan SMG, BIG KAY SMG",4eu7AyzvnafwOygTQlfAMu|3yXzSYXBOTZ0m1QAfjlzKK|0z4Mzficie9vUzDmz4Hy9G,F.A.T.H.E.R,50,169090,,126,0.88,0.35,0.88,-5.7,True,hindi,https://open.spotify.com/track/1wQfumpCUxZf5dwx06FSTE
6xit9ADkpWNgPBqe2sbE2G,Na Ja - Sped Up,Pav Dharia,0j2LQCxHNcJdkuJRa8KEp5,Punjabi Power Workout,50,256019,,102,0.55,0.35,0.75,-13.7,True,hindi,https://open.spotify.com/track/6xit9ADkpWNgPBqe2sbE2G
1B02UI29t3PTh3m98absaP,"Naa Ready (From ""Leo"")","Anirudh Ravichander, Vijay, Asal Kolaar, Vishnu Edavan",4zCH9qm4R2DADamUHMCa6O|1eBHjBxiNA3gyEWEN7oRxM|4b1WCDqAVVgxK7KozLkOqc|0EESJaBQY5fiBeQOGvDi3T,"Naa Ready (From ""Leo"")",50,248181,,132,0.78,0.71,0.82,-10.9,True,english,https://open.spotify.com/track/1B02UI29t3PTh3m98absaP
2NyHYwBcYCanjrvkcWXMEC,"Naach - From ""Dream Girl 2""",Nakash Aziz,4kq8z3vydHjPDggxb16ErB,Bollywood Workout Hits,50,174468,,125,0.68,0.82,0.49,-13.3,True,hindi,https://open.spotify.com/track/2NyHYwBcYCanjrvkcWXMEC
3U47of5EW3ejO4nsAfVGJz,Naughty,Mike Candys,24Sxfn1uAoJmuR9N72drt9,Naughty,50,132161,,116,0.78,0.67,0.61,-5.9,True,english,https://open.spotify.com/track/3U47of5EW3ejO4nsAfVGJz
4l99Xdk98nqWgSZnhvTnT9,Neeye Oli,"SVDP, Santhosh Narayanan, Navz-47",3P8KLEIz09I7tN6YUqPhAb|5FVBduYaeVBb6JIghza7v6|1COjjFgtQEz2oxPHF6XIuu,Made in Jaffna,50,237843,,135,0.44,0.47,0.4,-9.5,True,english,https://open.spotify.com/track/4l99Xdk98nqWgSZnhvTnT9
74JIrEWgGXnFrNu0Atw98p,Neeye Oli,"Santhosh Narayanan, Navz-47, SVDP",5FVBduYaeVBb6JIghza7v6|1COjjFgtQEz2oxPHF6XIuu|3P8KLEIz09I7tN6YUqPhAb,Sarpatta Parambarai (Original Motion Picture Soundtrack),50,237843,,168,0.58,0.51,0.32,-6.2,True,english,https://open.spotify.com/track/74JIrEWgGXnFrNu0Atw98p
12l4b9Bd6wwFueqhqUxUOq,"Neeye Oli - From ""Sarpatta Parambarai""","Santhosh Narayanan, Navz-47, SVDP",5FVBduYaeVBb6JIghza7v6|1COjjFgtQEz2oxPHF6XIuu|3P8KLEIz09I7tN6YUqPhAb,"Neeye Oli (From ""Sarpatta Parambarai"")",50,237843,,98,0.86,0.4,0.53,-15.0,True,english,https://open.spotify.com/track/12l4b9Bd6wwFueqhqUxUOq
6bnjoQInl7OAVdrofELP5c,Never Back Down,Bhallwaan,3FxW0tkjSNrYa2RvxqNKMG,Never Back Down,50,197500,,128,0.84,0.42,0.35,-7.8,True,hindi,https://open.spotify.com/track/6bnjoQInl7OAVdrofELP5c
4fEpyns4Zdq8rKfElaiZOY,Never Give Up (feat. Raja Kumari),"Anirudh Ravichander, Raja Kumari",4zCH9qm4R2DADamUHMCa6O|5cBFMoMgcAt03YL2r0tS25,Vivegam (Original Motion Picture Soundtrack),50,270942,,173,0.78,0.37,0.78,-5.4,True,english,https://open.spotify.com/track/4fEpyns4Zdq8rKfElaiZOY
7xtF7cmexrGR91kM17LDXy,New Rules - Cardio + Workout Mix,Workout Music,5njMahLKD1tLJ5bejvqseV,Move It! 50 Cardio + Workout Music Playlist,50,260559,,106,0.78,0.86,0.44,-5.1,True,english,https://open.spotify.com/track/7xtF7cmexrGR91kM17LDXy
3ViHEQ7qaGdvkTEmMRqfNk,Nightlife,Cardio Dj,1yxfayg7yEXYXTWH2aSOtp,Ibiza Workout EDM Party 2017 Vol. 4,50,247562,,173,0.79,0.8,0.83,-8.4,True,english,https://open.spotify.com/track/3ViHEQ7qaGdvkTEmMRqfNk
3icRMYHS0lheRytQqk6DYA,No Limit (Workout Mix),Max Movement,1kOlNFQszipaGgCspwJDUL,Cardio Max Workout (Nonstop @ 135-145 BPM),50,226986,,97,0.8,0.64,0.38,-6.3,True,english,https://open.spotify.com/track/3icRMYHS0lheRytQqk6DYA
5TVCYUiUDsSwfDlVpxBn7H,No Mercy,"Bali, Fotty Seven",65pmgBULHr82D3llNlHtB8|7n5rLZ6NonT1BXW1fQmbuA,Desi Gym Pump Music,50,190485,,101,0.71,0.61,0.67,-6.0,True,hindi,https://open.spotify.com/track/5TVCYUiUDsSwfDlVpxBn7H
4yZJ8haXeJoxUiRlfwkPY5,No Pain No Gain – Workout Music for Cardio,Hot Beat Universe,4wC7SuWGv5zxNixbErqGyO,Workout Music 2026 No Pain No Gain,50,153079,,140,0.57,0.8,0.43,-7.6,True,english,https://open.spotify.com/track/4yZJ8haXeJoxUiRlfwkPY5
4qMzImLezJpciRHwBqOYAa,No Pain No Gain – Workout Music for Running,Hot Beat Universe,4wC7SuWGv5zxNixbErqGyO,Workout Music 2026 No Pain No Gain,50,143159,,176,0.82,0.88,0.82,-12.5,True,english,https://open.spotify.com/track/4qMzImLezJpciRHwBqOYAa
774hbcUkFyzqbTFRoiBgZ7,No Turning Back,Hanbit Yu,6EwFg9rHS30Z3GWgMlyHf9,"RUNNING & WORKOUT, Vol. 18",50,255000,,139,0.68,0.24,0.77,-9.7,True,english,https://open.spotify.com/track/774hbcUkFyzqbTFRoiBgZ7
3u7kMYFuVriWdjjUlSWFXL,Not Letting Go,Hanbit Yu,6EwFg9rHS30Z3GWgMlyHf9,"RUNNING & WORKOUT, Vol. 17",50,229920,,102,0.62,0.45,0.38,-13.8,True,english,https://open.spotify.com/track/3u7kMYFuVriWdjjUlSWFXL
59FvvDnx9D53d8MdWAkpc8,"O Jaana (From ""Raaz - The Mystery Continues"") - 100 - 102 BPM","Raju Singh, KK, Sayeed Quadri",7nok5RndHMd3FHe4ubHX80|4fEkbug6kZzzJ8eYX6Kbbp|2pGRniGOJSOvYoK3dGaBb8,Workout Bollywood Style: 30 Mins Non Stop Mix,50,85146,,144,0.75,0.35,0.54,-7.6,True,hindi,https://open.spotify.com/track/59FvvDnx9D53d8MdWAkpc8
3xE5PGj5LDGWNMUt1nyL1Q,"O Jaana (From ""Raaz - The Mystery Continues"") - 100 BPM","Raju Singh, KK, Sayeed Quadri",7nok5RndHMd3FHe4ubHX80|4fEkbug6kZzzJ8eYX6Kbbp|2pGRniGOJSOvYoK3dGaBb8,Workout Bollywood Style: 60 Mins Non Stop Mix,50,142080,,137,0.62,0.78,0.46,-7.9,True,hindi,https://open.spotify.com/track/3xE5PGj5LDGWNMUt1nyL1Q
5cISkKzIiluNm2SRj67UJW,O Meri Laila,"Atif Aslam, Jyotica Tangri",2oSONSC9zQ4UonDKnLqksx|5wQDQFm7Ku8WWGi5xqJ9lp,Bollywood Workout Hits,50,281856,,98,0.51,0.47,0.32,-12.0,True,hindi,https://open.spotify.com/track/5cISkKzIiluNm2SRj67UJW
5Per9rl2ItpNoHilvbxLsB,OG,Shubh,5r3wPya2PpeTTsXsGhQU8O,Still Rollin,50,197242,,94,0.64,0.85,0.43,-5.7,True,hindi,https://open.spotify.com/track/5Per9rl2ItpNoHilvbxLsB
25T3o2LN7IV1mIXCt1FPbQ,"OGM (From ""Ghost"")","Aishwarya Rangarajan, MC Chetan, Jithin Raj",3qVTevOjwQnsH1AcCsp0jO|6xVCfFjIqeehPyqll3aVNb|2GkBjSH85M2uKGVtFL5eua,"OGM (From ""Ghost"")",50,165323,,124,0.64,0.47,0.83,-11.9,True,english,https://open.spotify.com/track/25T3o2LN7IV1mIXCt1FPbQ
6MrPegpdSeTQoJ5BgB3voh,OH BEAT ENVOLVENTE (SLOWED),"TariK, DJ Vertin",6VNxperZ0m74SF8BSkQlqe|5JA20U3KXnu2QOxrKALWVq,OH BEAT ENVOLVENTE (SLOWED),50,122653,,120,0.57,0.53,0.64,-11.5,True,english,https://open.spotify.com/track/6MrPegpdSeTQoJ5BgB3voh
3yTw9QVB6VeiU4hQQsLVGO,OLHO - SLOWED,2KE,2vPnS0IpayC2RVFuQA08R4,OLHO (Versions),50,129240,,90,0.62,0.68,0.66,-5.7,True,english,https://open.spotify.com/track/3yTw9QVB6VeiU4hQQsLVGO
2nLmhcK1268luLrifioCz9,OM MEDITATION,Jaskirat Singh,3vMBkisQV8By38zokY8bs6,OM MEDITATION,50,3642000,,172,0.84,0.68,0.52,-7.4,True,hindi,https://open.spotify.com/track/2nLmhcK1268luLrifioCz9
76kyE8AfvKLK79JkxDVEhL,OMNIUM✶N+3+ФX✶ - Super Slowed + Reverb,"DJ Javi26, DJ Zarek",0JGZRsRtFTQ0ZVBq9b2ZEj|52lpdjLJdAUK3iICFUEnH2,OMNIUM✶N+3+ФX✶,50,143816,,142,0.52,0.46,0.56,-14.5,True,english,https://open.spotify.com/track/76kyE8AfvKLK79JkxDVEhL
7uG4moCivpR0OimsG8l3Po,ONE TWO THREE FOUR,"UMBRELLA, VAMPXL",0mBqwR7qraEVO2RbIU4ji2|0T7GKus4906b5ktX9HWBQL,ONE TWO THREE FOUR,50,89322,,103,0.52,0.62,0.5,-11.0,True,english,https://open.spotify.com/track/7uG4moCivpR0OimsG8l3Po
3AbbsrJU53VX0C08OlzUXL,OOPS,"King, Masked Wolf",5NHm4TU5Twz7owibYxJfFU|1uU7g3DNSbsu0QjSEqZtEd,Desi Gym Pump Music,50,163530,,131,0.82,0.75,0.68,-13.9,True,hindi,https://open.spotify.com/track/3AbbsrJU53VX0C08OlzUXL
7Dk2OeBseFWMImiIoHgVau,Odysee,Mister Gym,6xYeS9aCUhB12O0EcZrBLa,The Best Fitness & Workout Tunes,50,206808,,99,0.67,0.55,0.88,-6.8,True,english,https://open.spotify.com/track/7Dk2OeBseFWMImiIoHgVau
2c7VhgY8RyjNETCGZjSgJ1,On Da Run In Moscow,Yuvan Shankar Raja,6AiX12wXdXFoGJ2vk8zBjy,The Greatest Of All Time Ost,50,166137,,157,0.62,0.88,0.72,-8.9,True,english,https://open.spotify.com/track/2c7VhgY8RyjNETCGZjSgJ1
0Rzu7oTcmbqtSSZ4e6PeiQ,On The Floor - Workout Remix,Workout Music Tv,0k5KeG8St6LiePh5blOwwl,Latin Step Hits Spring 2015 Session (60 Minutes Non-Stop Mixed Compilation for Fitness And Workout 132 Bpm),50,305453,,176,0.56,0.87,0.73,-8.2,True,english,https://open.spotify.com/track/0Rzu7oTcmbqtSSZ4e6PeiQ
4wCy7erulqUfFQNVaZBD9b,Once Upon a Time,"Anirudh Ravichander, Heisenberg",4zCH9qm4R2DADamUHMCa6O|3bsrlEbnX8sWwXlTe80RSr,Vikram (Original Motion Picture Soundtrack),50,143709,,125,0.49,0.8,0.78,-13.7,True,english,https://open.spotify.com/track/4wCy7erulqUfFQNVaZBD9b
1HEJNcHRWUH3iOdxoSfYQ5,Only Side - HOUSE VERSION,"Stefano Ranieri, Rockin Moroccin",4eSu2hNQMz35flSxncnd5K|4qVKiA168f8kE2zKINggT0,Only Side,50,181301,,134,0.78,0.26,0.39,-6.9,True,english,https://open.spotify.com/track/1HEJNcHRWUH3iOdxoSfYQ5
5z1NXtaOe5w47x3udB5j3T,Oooooh (Instrumental),Future,1RyvyyTE3xzB2ZywiAwp0i,Beast Mode (Instrumentals),50,189010,,132,0.49,0.55,0.74,-14.8,True,english,https://open.spotify.com/track/5z1NXtaOe5w47x3udB5j3T
7IpMmHJU6NhseMCJvWrPzh,Ordinary,midnight Berlin,2c1IDby3qVGIlEEWvFjhH4,Ordinary,50,157714,,109,0.44,0.87,0.71,-11.0,True,english,https://open.spotify.com/track/7IpMmHJU6NhseMCJvWrPzh
6FahmzZYKH0zb2f9hrVsvw,"Ordinary Person (From ""Leo"")","Anirudh Ravichander, Nikhita Gandhi",4zCH9qm4R2DADamUHMCa6O|3tPQOjkxO3mrYrrgkTeXgH,"Ordinary Person (From ""Leo"")",50,139200,,169,0.56,0.25,0.88,-7.5,True,english,https://open.spotify.com/track/6FahmzZYKH0zb2f9hrVsvw
1IevAM0Sl5iUIxGWDOXIar,"Osarattum Pathu Thala (From ""Pathu Thala"")","A.R. Rahman, Deepthi Suresh, Sreekanth Hariharan, Sathyaprakash, Naattu Raja Durai",1mYsTxnqsietFxj1OgoGbG|4PY2xnTu90K0hvkgcljRJl|6EI5lmCSICOvroaH1bTwEj|4sdcjfLzvLC1IUYFwCAWHn|6EBiATsLSu25ICKiAXU36n,"Osarattum Pathu Thala (From ""Pathu Thala"")",50,290816,,141,0.57,0.47,0.74,-13.1,True,english,https://open.spotify.com/track/1IevAM0Sl5iUIxGWDOXIar
6cTvXtCfweSOJ8yR2xV6zy,"Outfit (From ""Outfit"")",Guru Randhawa,5rQoBDKFnd1n6BkdbgVaRL,Fit & Fab - Punjabi Workout Beats,50,154752,,131,0.46,0.45,0.75,-14.6,True,hindi,https://open.spotify.com/track/6cTvXtCfweSOJ8yR2xV6zy
71WkxepDjHmqcZYYQtDBgW,Outta Range,Lil Dreaux,6IAVA12AhYbWd4AoiehNsD,Beast Mode,50,163840,,139,0.44,0.58,0.52,-9.5,True,english,https://open.spotify.com/track/71WkxepDjHmqcZYYQtDBgW
71WLCYcoO0P5dAms3XEHm5,"Oye Boy Charlie (From ""Matru Ki Bijlee Ka Mandola"") - 116 BPM","Vishal Bhardwaj, Rekha Bhardwaj, Shankar Mahadevan, Mohit Chauhan",1JdHoZwkwOmX2Pl2iTwnzc|3cqeO3muWIW5uSmUDNCmyT|1SJOL9HJ08YOn92lFcYf8a|5GnnSrwNCGyfAU4zuIytiS,Workout Bollywood Style: 60 Mins Non Stop Mix,50,80013,,176,0.84,0.42,0.62,-6.6,True,hindi,https://open.spotify.com/track/71WLCYcoO0P5dAms3XEHm5
4CrncIcv3pD9I24QBKYWxE,"P.U Diyan Yaarian (From ""P.U Diyan Yaarian"")",Sharry Mann,5azWSYXVoLKYKHlR5zNJ7i,Fit & Fab - Punjabi Workout Beats,50,242047,,122,0.41,0.21,0.56,-5.2,True,hindi,https://open.spotify.com/track/4CrncIcv3pD9I24QBKYWxE
7whjXmPLiNJJkzblCU9d4B,PANJAB,"Sardar Khehra, Zehr Vibe, 4TheWorld",3YhEUyspZuU7pfEzmpFCsP|48cVwD5hffidwvlxLCc2pm|1NmxtNejR6ZXZUFcEyrBm1,PANJAB,50,170204,,115,0.41,0.21,0.54,-13.6,True,hindi,https://open.spotify.com/track/7whjXmPLiNJJkzblCU9d4B
4syTNYl7VStqwN6vRf96gr,POP OFF THE TOP,NEFFEX,3z97WMRi731dCvKklIf2X6,POP OFF THE TOP,50,181192,,109,0.49,0.54,0.43,-10.1,True,english,https://open.spotify.com/track/4syTNYl7VStqwN6vRf96gr
1xzm80yBpKXvWO1wskawIe,POWER,"GMAFIA, Jveer",27ue69Q5a11xUpegibquM1|6GWr6H4rpIyaZw5AfED1oR,POWER,50,139691,,167,0.71,0.89,0.75,-6.0,True,hindi,https://open.spotify.com/track/1xzm80yBpKXvWO1wskawIe
1LgVZGoyf9bphIzCEMlcIG,PRE-WORKOUT,Out Sider,0MZebQEBfcsmjrUEupNUtD,OVER-DOSE,50,144231,,148,0.42,0.5,0.44,-13.5,True,english,https://open.spotify.com/track/1LgVZGoyf9bphIzCEMlcIG
1mbDxPTFzdQa0XTvUkGfSR,PUNJAB,Rajveer Shergill,667IHGgzAJbGGCHMZTSPQv,ROOTS,50,182912,,96,0.87,0.27,0.72,-11.2,True,hindi,https://open.spotify.com/track/1mbDxPTFzdQa0XTvUkGfSR
06r1yOVth3H2d1QyNaZSgk,PUSH PUSH GIRL | Unstoppable Workout Music,It's me Mali,69T8KSLr6VxoLGhdGUnlfY,PUSH PUSH GIRL | Unstoppable Workout Music,50,212639,,143,0.73,0.49,0.66,-10.5,True,english,https://open.spotify.com/track/06r1yOVth3H2d1QyNaZSgk
4Tt5XWEl7kUawvupLCdzxh,"Paaraa (From ""Indian 2"")","Anirudh Ravichander, Shruthika Samudhrala",4zCH9qm4R2DADamUHMCa6O|6tV6eU1gwsruSzN4PyDJWe,"Paaraa (From ""Indian 2"")",50,252435,,157,0.8,0.42,0.35,-14.2,True,english,https://open.spotify.com/track/4Tt5XWEl7kUawvupLCdzxh
0B8FIAZz6sqdSQNQZtt90D,"Paathshala (From ""Rang De Basanti"") - 150 BPM","A.R. Rahman, Blaaze, Naresh Iyer, Mohammed Aslam",1mYsTxnqsietFxj1OgoGbG|4DqSAnlpn10M4pHUFPEt4E|7FaGCZiP3s6X7jQTB8EhfI|6lGchZePVLrGOqMCtXKNFi,Workout Bollywood Style: 60 Mins Non Stop Mix,50,68000,,161,0.49,0.49,0.67,-9.2,True,hindi,https://open.spotify.com/track/0B8FIAZz6sqdSQNQZtt90D
3jY9owC90KvyPTIeQxO1t3,Pain - Train Hard Mix,"FITNESS HITS 2018, Fitness & Workout Hits 2019, Disco Fitness Crew",2lfxdF1M0a0FAernvS1NrK|1pBenZndhL0P8r1TjrRwLy|13UO96YgXmc0Eqj1MacNcv,Fitness Training Music,50,203076,,135,0.84,0.49,0.49,-10.1,True,english,https://open.spotify.com/track/3jY9owC90KvyPTIeQxO1t3
5cVgVcgypkDMYLWyZ8TGrI,Panga,"Harshdeep Kaur, Divya Kumar, Siddharth Mahadevan",3xU8YsNNkmWSPewlB18NUz|0NErdIJtuKBjtxKmlqaWdj|7hwEGO7U6JwQ7M1teoO8GW,Panga,50,199753,,130,0.66,0.56,0.53,-11.9,True,hindi,https://open.spotify.com/track/5cVgVcgypkDMYLWyZ8TGrI
73KdBv1wjbr00x9eucZsit,Panga,"Diljit Dosanjh, Yo Yo Honey Singh",2FKWNmZWDBZR4dE5KX4plR|7uIbLdzzSEqnX0Pkrb56cR,The Next Level,50,282284,,104,0.8,0.53,0.7,-7.9,True,hindi,https://open.spotify.com/track/73KdBv1wjbr00x9eucZsit
12tGbtBlzoYqbZbtdZFLLe,Panga Remix,"Diljit Dosanjh, Yo Yo Honey Singh, Kedrock, Sd Style",2FKWNmZWDBZR4dE5KX4plR|7uIbLdzzSEqnX0Pkrb56cR|7D2MUg2cnFbZnHzedomxwb|64DWU48XFNJjT0wZ7xyl1X,Panga Remix,50,275286,,121,0.42,0.51,0.75,-13.4,True,hindi,https://open.spotify.com/track/12tGbtBlzoYqbZbtdZFLLe
46V58ZhySV0dzjwltlcno4,Pani Di Gal - Trap Mix,"Maninder Buttar, Asees Kaur, MixSingh",2sN4fSzAm2rAL0HIurPCEM|1sVmXkzX2ukc6QvasrDBES|05dG9pMLRWenxzvSmefE6U,Punjabi Power Workout,50,244724,,152,0.66,0.82,0.48,-9.4,True,hindi,https://open.spotify.com/track/46V58ZhySV0dzjwltlcno4
6eqb8wEXFn5Xnk0myqmgHY,Panj Satt,"Gulab Sidhu, Sukh Lotey",0OytfiwNkc1KzXE4ImyjgW|36HuUPCABTgaY4e8rgzSNG,Panj Satt,50,189767,,138,0.86,0.31,0.36,-7.8,True,hindi,https://open.spotify.com/track/6eqb8wEXFn5Xnk0myqmgHY
2AgPYlCYJy2SWmIelZ9fON,Panjaab,"Jimmy Dullat, Teji Nabhewala, Dilmaan",6Zg76EwrKEFx5gGsAltItm|0EXSSRdYr69IuGd4tD8QqK|5iRP5VM9JGkM6aMQbbfkBK,Mahaul,50,149664,,97,0.57,0.61,0.72,-12.7,True,hindi,https://open.spotify.com/track/2AgPYlCYJy2SWmIelZ9fON
21OLb4HGC13mTSx0gOHfXt,Panjab,Sidhu Moose Wala,4PULA4EFzYTrxYvOVlwpiQ,Panjab,50,200000,,146,0.83,0.27,0.68,-5.6,True,hindi,https://open.spotify.com/track/21OLb4HGC13mTSx0gOHfXt
48pPjJUgE1UUYPOG7TuhkS,Panjab Kithe Dabda,Arjan Dhillon,64DvMieEUCdrYKmEIhDt8G,Panjab Kithe Dabda,50,252003,,126,0.43,0.46,0.39,-8.5,True,hindi,https://open.spotify.com/track/48pPjJUgE1UUYPOG7TuhkS
01l1X9ihheQEoR3kVpjOwC,Panjab Nahi Dikhda ?,"Dulla, Shah Rehan",2zGP5dYW7vsTnCtjnhO8eo|2TFn1e5UTGZzzkt0TkGWPl,Panjab Nahi Dikhda ?,50,225230,,163,0.6,0.86,0.8,-5.9,True,hindi,https://open.spotify.com/track/01l1X9ihheQEoR3kVpjOwC
7ocsOa1Ah6sJOp6g7N7V9e,Panjab Warga,Arjan Dhillon,64DvMieEUCdrYKmEIhDt8G,Panjab Warga,50,164595,,176,0.68,0.77,0.47,-13.7,True,hindi,https://open.spotify.com/track/7ocsOa1Ah6sJOp6g7N7V9e
6Ah0gEhUIFWQvTGWXuKyjs,Panjaban,Panjabi MC,74D1UgRzMhTSPz698exXmR,Indian Timing,50,255883,,124,0.78,0.26,0.85,-7.3,True,hindi,https://open.spotify.com/track/6Ah0gEhUIFWQvTGWXuKyjs
2nruoZKH0LGTOhXTw4P5MX,Panjaban - Dance Remix,Panjabi MC,74D1UgRzMhTSPz698exXmR,The Raj,50,195118,,146,0.89,0.21,0.72,-6.0,True,hindi,https://open.spotify.com/track/2nruoZKH0LGTOhXTw4P5MX
0dXsBjfy16XVdLb1EuoTow,Panjaban Remix,Panjabi MC,74D1UgRzMhTSPz698exXmR,56 Districts,50,216734,,128,0.84,0.29,0.82,-6.1,True,hindi,https://open.spotify.com/track/0dXsBjfy16XVdLb1EuoTow
1sEjd3QO4N4dn3XRYrprz4,Panjeb,"Ammy Virk, Jaymeet, Rony Ajnali",2RlWC7XKizSOsZ8F3uGi59|1DU68vYYJqrO7fXt6X7ZkJ|0N2lT1m7rG0klYHZrkyMPw,Layers,50,174000,,139,0.61,0.77,0.53,-11.2,True,hindi,https://open.spotify.com/track/1sEjd3QO4N4dn3XRYrprz4
5UpDw777uj0nvw6dtDRjw7,Panjeban,"Shivjot, Gurlez Akhtar",1CluO4PWr2z45POcQ92ZPs|55kkrbuMkdzPGD7YGA6xrJ,Panjeban,50,200883,,135,0.64,0.23,0.55,-12.2,True,hindi,https://open.spotify.com/track/5UpDw777uj0nvw6dtDRjw7
3RoPDOF2fSBMLWdvVLXuWZ,Panjeban 2,"Shivjot, Desi Crew",1CluO4PWr2z45POcQ92ZPs|6lMIhndzcevFkVWSJnXPt2,Panjeban 2,50,173571,,163,0.86,0.7,0.88,-8.2,True,hindi,https://open.spotify.com/track/3RoPDOF2fSBMLWdvVLXuWZ
2PftQsBkAWPuvVPivMxTip,Parmeshwar,"Raanjha, Smokey",7pqzMLbLDB5UFg9LM0y9im|0pjOlblZPSB8G5SC0kduPW,Parmeshwar,50,294400,,132,0.84,0.58,0.39,-7.5,True,hindi,https://open.spotify.com/track/2PftQsBkAWPuvVPivMxTip
6yFiZgpt3tLhQrKhN2KKsb,Part of the Road - Train Hard Mix,"FITNESS HITS 2018, Fitness & Workout Hits 2019, Disco Fitness Crew",2lfxdF1M0a0FAernvS1NrK|1pBenZndhL0P8r1TjrRwLy|13UO96YgXmc0Eqj1MacNcv,Fitness Training Music,50,145846,,157,0.54,0.75,0.61,-8.3,True,english,https://open.spotify.com/track/6yFiZgpt3tLhQrKhN2KKsb
59RXttbK7hgRfnMTMVg2xm,Parwah Nahin,"Siddharth Basrur, Amaal Mallik, Manoj Muntashir",6PtoffEX0RiktNdmCeuWkl|76fuWYgIf3TVIopTs3vaJ6|4cAERazLlAzVGA10ORWaUP,M.S.Dhoni - The Untold Story,50,242859,,139,0.78,0.42,0.61,-11.1,True,hindi,https://open.spotify.com/track/59RXttbK7hgRfnMTMVg2xm
28rtWBDUGP8JLEuJ57cwdv,"Pathikichu (From ""Vidaamuyarchi"")","Anirudh Ravichander, Yogi Sekar, Amogh Balaji",4zCH9qm4R2DADamUHMCa6O|4n32jWbOVtfNDsOJAGQJcs|6PRnZDNLsPAwsOqMk41XUz,"Pathikichu (From ""Vidaamuyarchi"")",50,208815,,128,0.52,0.39,0.33,-14.7,True,english,https://open.spotify.com/track/28rtWBDUGP8JLEuJ57cwdv
5TdgZKPKdJkBJ5rfOJahHP,"Pattudala (From ""Pattudala"")","Anirudh Ravichander, Saatvik G Rao, Amogh Balaji",4zCH9qm4R2DADamUHMCa6O|5Fgnpse5iLW3pcocaxZThz|6PRnZDNLsPAwsOqMk41XUz,"Pattudala (From ""Pattudala"")",50,208815,,124,0.7,0.26,0.34,-5.4,True,english,https://open.spotify.com/track/5TdgZKPKdJkBJ5rfOJahHP
45La5uoBJWzmScuPsiolvd,Paundah Bhangra,"Malkit Singh, Punjabi By Nature",79V1EiUrtTyJHQNSKXZC7X|4LTSVbdyYdRhur3yWLbJ3D,Billo Rani - Malkit Singh,50,338573,,133,0.73,0.88,0.71,-11.3,True,hindi,https://open.spotify.com/track/45La5uoBJWzmScuPsiolvd
3Th0XxTPYcVJJHHMI5IlXX,Paw,Raagline Studio,7iWaDtG4gUdoDRxJovnNvx,Punjabi Mashup Gym Edition vol.1,50,153840,,97,0.76,0.46,0.51,-5.7,True,hindi,https://open.spotify.com/track/3Th0XxTPYcVJJHHMI5IlXX
6ZcDFzm7EdRajS6V6UdRJr,Peacoat,Future,1RyvyyTE3xzB2ZywiAwp0i,Beast Mode,50,181320,,114,0.7,0.21,0.61,-12.1,True,english,https://open.spotify.com/track/6ZcDFzm7EdRajS6V6UdRJr
28xduLMY89CiyTTy9KjwbB,Perfect - Jogging Running & Workout Mix,Workout Music,5njMahLKD1tLJ5bejvqseV,Jogging Running & Workout! Playlist (128 BPM's),50,345000,,116,0.64,0.21,0.35,-10.9,True,english,https://open.spotify.com/track/28xduLMY89CiyTTy9KjwbB
3r00sgm8aoOg6RyWR4t8hr,"Petta Paraak - From ""Petta""","Anirudh Ravichander, Vivek",4zCH9qm4R2DADamUHMCa6O|34alE9zN7dTT9s6s1j8bJC,Petta (Original Motion Picture Soundtrack),50,238374,,161,0.79,0.89,0.53,-11.6,True,english,https://open.spotify.com/track/3r00sgm8aoOg6RyWR4t8hr
5ol2Z10CHpCuLvmpZcdJ7U,"Photo (From ""Photo"")",Karan Sehmbi,0wmFEqpoc2FgAv8IPtCLBW,Fit & Fab - Punjabi Workout Beats,50,218474,,141,0.57,0.86,0.48,-9.2,True,hindi,https://open.spotify.com/track/5ol2Z10CHpCuLvmpZcdJ7U
2wWe3OmkncjgdCExTt7qEG,Piece of Something - Train Hard Mix,"FITNESS HITS 2018, Fitness & Workout Hits 2019, Disco Fitness Crew",2lfxdF1M0a0FAernvS1NrK|1pBenZndhL0P8r1TjrRwLy|13UO96YgXmc0Eqj1MacNcv,Fitness Training Music,50,70615,,129,0.52,0.88,0.31,-6.1,True,english,https://open.spotify.com/track/2wWe3OmkncjgdCExTt7qEG
0MkEEO5zswQmikmeE92RzX,Piercing Light Funk,REGXRD,0DVWkIG75PBtzwbE0Sly8w,Piercing Light Funk,50,222764,,109,0.83,0.63,0.68,-6.0,True,english,https://open.spotify.com/track/0MkEEO5zswQmikmeE92RzX
7E16EwXYXgNVqzeb2vI1Ua,Pind De Gerhe Bhangra Mix,"Rupinder Handa, DJ Sunny Singh UK",6Yn7JpYwiZUEUlKbrPLfh3|6J0GYx80AweXTxmUeqgLv5,Pind De Gerhe Bhangra Mix,50,180099,,133,0.43,0.68,0.49,-12.9,True,hindi,https://open.spotify.com/track/7E16EwXYXgNVqzeb2vI1Ua
0r2ZXXCFiL4yDznCuwjV5E,PoPiPo (Hardstyle),decaying,6zNIHY9tjfgzawYKD71hKd,PoPiPo (Hardstyle - Slowed Versions),50,70060,,114,0.69,0.69,0.83,-13.6,True,english,https://open.spotify.com/track/0r2ZXXCFiL4yDznCuwjV5E
0PIFqg1hdQFc0YFxLQVm5l,Poison in your Perfume - Train Hard Mix,"FITNESS HITS 2018, Fitness & Workout Hits 2019, Disco Fitness Crew",2lfxdF1M0a0FAernvS1NrK|1pBenZndhL0P8r1TjrRwLy|13UO96YgXmc0Eqj1MacNcv,Fitness Training Music,50,171692,,153,0.67,0.35,0.46,-6.4,True,english,https://open.spotify.com/track/0PIFqg1hdQFc0YFxLQVm5l
4SmGSL22SpDzjwOlB2uWSu,Pompeii - Audien Remix,"Bastille, Audien",7EQ0qTo7fWT7DPxmxtSYEc|4xnMDfgEmXZEEDdITKcGuE,Running Workout,50,352968,,161,0.84,0.78,0.73,-6.3,True,english,https://open.spotify.com/track/4SmGSL22SpDzjwOlB2uWSu
3Ui0r3KqdDKqidcJVkoZ5K,Pooja Hegde Announcement Theme,Anirudh Ravichander,4zCH9qm4R2DADamUHMCa6O,Beast (Original Motion Picture Soundtrack),50,56140,,150,0.81,0.27,0.64,-9.2,True,english,https://open.spotify.com/track/3Ui0r3KqdDKqidcJVkoZ5K
5iv6lZAIguXWYW4Zaz5zvY,Porkkalam - Tamil Rap,"G. V. Prakash, Yogi B, Yugabharathi",5VVN3xZw1i2qihfITZlvCZ|614RN5ndeqpLlqg1yDbjtm|4kzSv6FtNOoY6s4VFD3L6e,Aadukalam (Original Motion Picture Soundtrack),50,260506,,112,0.72,0.68,0.63,-9.4,True,english,https://open.spotify.com/track/5iv6lZAIguXWYW4Zaz5zvY
34i2iRXSmuSU3zI4fgI5tW,"Pottu Pottu - From ""Alappuzha Gymkhana""","Vishnu Vijay, Suhail Koya",2einniD11Dbvrwy5nWmn4p|1d3zWx1pD19ZF60KcVUPYv,"Pottu Pottu (From ""Alappuzha Gymkhana"")",50,303750,,123,0.49,0.69,0.46,-13.6,True,hindi,https://open.spotify.com/track/34i2iRXSmuSU3zI4fgI5tW
6mU37dDRdhkleL8ghrTjEC,Power Pump Beats - Punjabi Workout Mashup,"Gupz Sehra, Kaur B, Diljit Dosanjh, Yo Yo Honey Singh, Sharry Mann, Sidhu Moose Wala, Babbal Rai, Deejay Rax",5ZXuveln0SCEl9FW7oOMYz|43iOhUGMAnS6QbPEUYqkpg|2FKWNmZWDBZR4dE5KX4plR|7uIbLdzzSEqnX0Pkrb56cR|5azWSYXVoLKYKHlR5zNJ7i|4PULA4EFzYTrxYvOVlwpiQ|5LFXPuKD97Sp9qdkxYBfDn|7mvgh2U7ufS7tl2bU2FKxl,Power Pump Beats - Punjabi Workout Mashup,50,383128,,155,0.88,0.64,0.68,-9.1,True,hindi,https://open.spotify.com/track/6mU37dDRdhkleL8ghrTjEC
58hycZ0xSJf9jHAOTF77f0,Powerful Transformation - The Glow Up,Jakes Bejoy,3Q80PCEUBCiRhLSWdQApNt,Powerful Transformation (The Glow Up),50,80000,,136,0.46,0.58,0.78,-5.9,True,hindi,https://open.spotify.com/track/58hycZ0xSJf9jHAOTF77f0
2cGtNmEJ0lwrUebjTzAio3,Powerhouse (Feat. Sanjay Dutt),"Bhupinder Babbal, Amrit Maan, Manan Bhardwaj",5bppkTlu7F930pWlNn1b1g|7GgAwYJnBBFT1WogNWf0oj|3pQ4aA7dkolyjUAMrVScgh,Powerhouse (Feat. Sanjay Dutt),50,174074,,107,0.74,0.81,0.72,-9.5,True,hindi,https://open.spotify.com/track/2cGtNmEJ0lwrUebjTzAio3
3GRxmioEL8CytKeANSlfhs,"Powerhouse (From ""Coolie The Powerhouse"") (Hindi)","Anirudh Ravichander, Arivu, Kumaar",4zCH9qm4R2DADamUHMCa6O|7rVV9d6vc4FLT752uRuk71|5iegccQ9Mwub6iXqCdIyiw,"Powerhouse (From ""Coolie The Powerhouse"") (Hindi)",50,206627,,117,0.44,0.57,0.67,-5.7,True,hindi,https://open.spotify.com/track/3GRxmioEL8CytKeANSlfhs
4ipcv9eHC6w5xKXxX0Z1Zu,"Powerhouse (From ""Coolie"") (Tamil)","Anirudh Ravichander, Arivu",4zCH9qm4R2DADamUHMCa6O|7rVV9d6vc4FLT752uRuk71,"Powerhouse (From ""Coolie"") (Tamil)",50,206627,,148,0.45,0.69,0.41,-13.6,True,english,https://open.spotify.com/track/4ipcv9eHC6w5xKXxX0Z1Zu
61CAnl93QJ2lOGKzwcftYC,"Powerhouse (From ""Coolie"") (Telugu)","Anirudh Ravichander, Rambabu Gosala, Arivu",4zCH9qm4R2DADamUHMCa6O|6dEfOjGcbT3HYATS6jETvH|7rVV9d6vc4FLT752uRuk71,"Powerhouse (From ""Coolie"") (Telugu)",50,206627,,164,0.64,0.38,0.46,-12.1,True,english,https://open.spotify.com/track/61CAnl93QJ2lOGKzwcftYC
35qzAcXwtHq1c0lcbSPXLP,"Powerhouse Promo (From ""Coolie"")","Anirudh Ravichander, Arivu",4zCH9qm4R2DADamUHMCa6O|7rVV9d6vc4FLT752uRuk71,"Powerhouse Promo (From ""Coolie"")",50,52544,,149,0.57,0.3,0.74,-10.3,True,english,https://open.spotify.com/track/35qzAcXwtHq1c0lcbSPXLP
6SSnh9P1xYHjTfbVBMmsTv,Powerhouse x Disco,Anirudh Ravichander,4zCH9qm4R2DADamUHMCa6O,Coolie (Original Background Score),50,85917,,114,0.51,0.72,0.42,-14.4,True,english,https://open.spotify.com/track/6SSnh9P1xYHjTfbVBMmsTv
304NwJLBI13meQEv2gvoB0,Powerplay,"Parmish Verma, Agsy, Kaptaan",3OQRPFFS3OsltFjFAXu1kE|6vEZoTDeZRvmQc1XXJCQBp|0F4kRjMBP6NrjpEBEoL0Xb,Powerplay,50,204715,,143,0.88,0.81,0.31,-6.3,True,hindi,https://open.spotify.com/track/304NwJLBI13meQEv2gvoB0
5eZGANOTLbLeHm7xCDVgoH,"Prassthanam - Title Track - From ""Prassthanam""",Dev Negi,04FsFHujpuqonrPXZrEJlK,"Prassthanam - Title Track (From ""Prassthanam"")",50,217142,,168,0.52,0.86,0.67,-5.5,True,hindi,https://open.spotify.com/track/5eZGANOTLbLeHm7xCDVgoH
27QP702KcudZkWnIAWptwZ,"Prassthanam - Title Track - From ""Prassthanam""",Dev Negi,04FsFHujpuqonrPXZrEJlK,Prassthanam (Original Motion Picture Soundtrack),50,217142,,133,0.43,0.49,0.63,-13.2,True,hindi,https://open.spotify.com/track/27QP702KcudZkWnIAWptwZ
0Ov71yacCGsGhHbFXwhKTo,Pre Workout,"Jordan Sandhu, Desi Crew, Kaptaan",3TozxPbDes76aGFdfv7PMv|6lMIhndzcevFkVWSJnXPt2|0F4kRjMBP6NrjpEBEoL0Xb,ALPHA,50,156887,,126,0.48,0.42,0.77,-6.3,True,english,https://open.spotify.com/track/0Ov71yacCGsGhHbFXwhKTo
5LOWIMYIGc4xYNl9GYIOtD,Prithvi,"Rapperiya Baalam, Rajneesh Jaipuri, Jagirdar RV",7FmygnepJt3fhiZQDmoC0P|3TwDjxq0xKO564mxocDOhJ|0jwEjjVUUOLop2Nhnoh16H,Prithvi,50,240495,,110,0.55,0.46,0.39,-11.7,True,hindi,https://open.spotify.com/track/5LOWIMYIGc4xYNl9GYIOtD
1HJArCVV5ztoRZXk6Nlx3B,Problem (Step Workout Remix),Tayler,2uQ9oMkB23628lyMd8z0DN,"Step Hitmix! All Hits (132 BPM, 32-Count, Nonstop Fitness & Workout)",50,232706,,101,0.78,0.84,0.76,-5.5,True,english,https://open.spotify.com/track/1HJArCVV5ztoRZXk6Nlx3B
1Xd2zTDp0GrJXKeeWc2pO7,Prove You Wrong - Train Hard Mix,"FITNESS HITS 2018, Fitness & Workout Hits 2019, Disco Fitness Crew",2lfxdF1M0a0FAernvS1NrK|1pBenZndhL0P8r1TjrRwLy|13UO96YgXmc0Eqj1MacNcv,Fitness Training Music,50,144461,,101,0.57,0.44,0.3,-14.3,True,english,https://open.spotify.com/track/1Xd2zTDp0GrJXKeeWc2pO7
5JeGB6NlAeHVEH6GFot8Jo,Pull Back Up - Train Hard Mix,"FITNESS HITS 2018, Fitness & Workout Hits 2019, Disco Fitness Crew",2lfxdF1M0a0FAernvS1NrK|1pBenZndhL0P8r1TjrRwLy|13UO96YgXmc0Eqj1MacNcv,Fitness Training Music,50,118615,,157,0.84,0.85,0.8,-9.7,True,english,https://open.spotify.com/track/5JeGB6NlAeHVEH6GFot8Jo
0dkMEycfJ9r6X3Rd4wved9,Pump It (The Workout Song),"Meet Bros., Yash Narvekar, Kumaar",0qpsFfOT3SmdGmnyV6rOhS|4RlnRVxKm3jnUzOP4czbIK|0m3D4grap8VFSzbJMqgNVk,Ki & Ka,50,238913,,179,0.47,0.72,0.68,-10.8,True,hindi,https://open.spotify.com/track/0dkMEycfJ9r6X3Rd4wved9
1O1E1lbobekZp3PHVqDAMl,Pump Up,"Gur Sidhu, Kaptaan",0QntOArZgiNHoemAzwJPu5|0F4kRjMBP6NrjpEBEoL0Xb,Longway,50,150676,,139,0.6,0.84,0.43,-6.6,True,hindi,https://open.spotify.com/track/1O1E1lbobekZp3PHVqDAMl
2RJIYbnW5S3VatWfEJlIfI,Pump Up The Bhangra - Ram Jaane / Soundtrack Version,Bali Brahmbhatt,43HISrjODKRhYtxDRAWaPD,Ram Jaane (Original Motion Picture Soundtrack),50,376040,,142,0.7,0.6,0.39,-11.3,True,hindi,https://open.spotify.com/track/2RJIYbnW5S3VatWfEJlIfI
5RwYmXPUsKw9szdT9RJazu,Pumped Up Kicks - Workout Remix 128 Bpm,Workout Music Tv,0k5KeG8St6LiePh5blOwwl,40 Motivational Group Training 2022 Workout Session (40 Unmixed Compilation for Fitness & Workout - 128 Bpm / 32 Count),50,274811,,105,0.88,0.29,0.37,-14.9,True,english,https://open.spotify.com/track/5RwYmXPUsKw9szdT9RJazu
4EWbKWI1fkldzoSgdZEp2t,Punjab,"Shiv Deol, Jagowala Jatha",6muUv2LZBz3CRqgLISqAFt|6xZ2I2ZCrdIJcxiqQpS8GB,Punjab,50,311294,,151,0.82,0.33,0.64,-7.5,True,hindi,https://open.spotify.com/track/4EWbKWI1fkldzoSgdZEp2t
2mrrrdJfwHIYRjZYG48p13,Punjab,"Pardeep Sran, Gaiphy, Arsh Sidhu",4LUGmBDuNtbBZp5naOMEnC|0skC3fyzwvZzjtrJ4iUP7B|67DISm7g3qiY70KENtwL6G,Hostel,50,133636,,112,0.84,0.59,0.44,-14.6,True,hindi,https://open.spotify.com/track/2mrrrdJfwHIYRjZYG48p13
1wbH5XP2yEHmHhEvdmYpej,Punjab,"ELLSD, URBAN JASS",6J1HFvOdrP1INFuKgoPyqz|7d1W8FQXsLRF5ZNZ9rTAjl,Punjab,50,180232,,179,0.4,0.68,0.4,-13.4,True,hindi,https://open.spotify.com/track/1wbH5XP2yEHmHhEvdmYpej
3rHWjldztRlz9qjmNBLIf5,Punjab,"Gur Sidhu, Kaptaan",0QntOArZgiNHoemAzwJPu5|0F4kRjMBP6NrjpEBEoL0Xb,Punjab,50,219107,,180,0.5,0.38,0.5,-8.1,True,hindi,https://open.spotify.com/track/3rHWjldztRlz9qjmNBLIf5
3sbrje7WVgv4XtT7b4hhms,Punjab,Diljit Dosanjh,2FKWNmZWDBZR4dE5KX4plR,Sikh,50,236293,,152,0.54,0.3,0.31,-9.1,True,hindi,https://open.spotify.com/track/3sbrje7WVgv4XtT7b4hhms
3uPzZNxa1C7qe2b8oYMuni,Punjab,Joban Dhandra,6j5SbAjew1aBM4sHMXSgYo,Punjab,50,165517,,165,0.8,0.4,0.64,-5.3,True,hindi,https://open.spotify.com/track/3uPzZNxa1C7qe2b8oYMuni
1UkohjedKpcLaK6ayvCKNF,Punjab,"Inder Dhillon, Tippu Sultan, Sukhman Sandhu",1Ul6XWwL8PL058hCLPTtMO|5CLrCvwdH6ZNjrcqx4XnzN|58i5Milzw1RFHmH0UWa4E2,Punjab,50,184242,,136,0.8,0.82,0.39,-14.5,True,hindi,https://open.spotify.com/track/1UkohjedKpcLaK6ayvCKNF
478lDQweV3ynQEwun1ddNr,Punjab,"Pavitar Lassoi, Mxrci",3fn50P81Whm1meTnMmS8zX|5Us2dsq4VHlfLbKOrskg7K,"Mxrci Season, Vol. 1",50,183706,,125,0.4,0.66,0.44,-9.7,True,hindi,https://open.spotify.com/track/478lDQweV3ynQEwun1ddNr
2rgmLRwkPNkNtzLUWg0CmD,Punjab,"Arav Sidhu, Saheb, Streetboy",3d0dIOz8qi6JggSHq6FECE|3ukEIJ46BpHQxnrWSbqaIq|0BQeZzyLpGacpXAhq3kLBb,Punjab,50,153600,,134,0.72,0.65,0.72,-8.6,True,hindi,https://open.spotify.com/track/2rgmLRwkPNkNtzLUWg0CmD
1T8Vr3hs3TVsAIfZyXA9ry,Punjab,Babbu Maan,2ENaPFnsKa9MlutVokd6es,Rabb Ne Banaiyan Jodieain,50,315466,,119,0.6,0.33,0.63,-9.5,True,hindi,https://open.spotify.com/track/1T8Vr3hs3TVsAIfZyXA9ry
6Ugz4BMEnPlRxeCO2D9ag0,Punjab Born,"GKhan, Savraj, Ricky Khan",3fxBst8oqDfPvHHrd9wEse|2QO3W9e7MhaXQfCZuliJP9|5QcmkDotvADr6cAYDdlRZQ,Jaadugar,50,190344,,162,0.43,0.63,0.75,-5.6,True,hindi,https://open.spotify.com/track/6Ugz4BMEnPlRxeCO2D9ag0
1SOoCKrRnRWf685Efc6UxY,Punjab Shadeya,"R Nait, Beatcop",4buk1Dwc5ynSnOGVeMJOON|2sGUVwZqJzeySVgEw7KTaV,Punjab Shadeya,50,131428,,169,0.79,0.55,0.77,-5.2,True,hindi,https://open.spotify.com/track/1SOoCKrRnRWf685Efc6UxY
2iYo0ZV94uTjcTvnILatmf,Punjab Side,"Sukh-E Muzical Doctorz, Nagii, MNLTX",0yniDkE5y7ci4X9OtLBXaQ|3z6tyHPOToaK9BlttcZa5E|2g012qHtkRZyFmoM0Pu5Ws,Punjab Side,50,194124,,92,0.7,0.58,0.87,-5.1,True,hindi,https://open.spotify.com/track/2iYo0ZV94uTjcTvnILatmf
4ND1nGL8hKu8n1nIqQ8ug0,Punjab Ujaran Waale,Harjit Singh Harman,6qfv72RQ0weh4HkppZzUoN,Shaan-E-Qaum,50,305928,,172,0.5,0.62,0.32,-8.6,True,hindi,https://open.spotify.com/track/4ND1nGL8hKu8n1nIqQ8ug0
1Qv3awph0oazuf0t9SJw6z,Punjab Wal Nu,"HUSTINDER, Ricky Khan",2f3dFiQ7uWMFKrbxK8LbkX|5QcmkDotvADr6cAYDdlRZQ,Timeless,50,255999,,130,0.4,0.82,0.5,-9.7,True,hindi,https://open.spotify.com/track/1Qv3awph0oazuf0t9SJw6z
1IP2G9KlWwT9xw1OlGf6Pd,Punjaban,"Sukha, Manni Sandhu, Kahlon",6FDDxz6lYakINkmWPOlIZG|3IzepIGEFUSFFnuIVGwZDS|6rHyVOJFRsLEOo1aOd2zQG,By Any Means,50,177286,,109,0.86,0.7,0.6,-7.8,True,hindi,https://open.spotify.com/track/1IP2G9KlWwT9xw1OlGf6Pd
7sAahchQ9sOwuB2P6iGETo,Punjaban,Rajvir Jawanda,6TRcwPQiddMiQ6H22iwnoG,Punjaban,50,203655,,150,0.58,0.4,0.74,-11.3,True,hindi,https://open.spotify.com/track/7sAahchQ9sOwuB2P6iGETo
4N97RQafCQ2tf37tjntT0w,Punjabi,"Arjan Dhillon, Mxrci",64DvMieEUCdrYKmEIhDt8G|5Us2dsq4VHlfLbKOrskg7K,Saroor,50,173662,,155,0.6,0.29,0.42,-13.7,True,hindi,https://open.spotify.com/track/4N97RQafCQ2tf37tjntT0w
31sR8TnsQsZYnEI1VKSMK6,Punjabi,Diljit Dosanjh,2FKWNmZWDBZR4dE5KX4plR,The Next Level,50,203920,,172,0.88,0.45,0.32,-10.6,True,hindi,https://open.spotify.com/track/31sR8TnsQsZYnEI1VKSMK6
3VmRETibCqcdZHqLvp7e3m,Punjabi Beast,Happe Dudde Music,6syGk3LM53axcJfbtkqSCv,Gym Jatt: Lift or Die,50,163479,,144,0.64,0.51,0.46,-14.2,True,hindi,https://open.spotify.com/track/3VmRETibCqcdZHqLvp7e3m
2ILJKWTdHjLp6ysj9g7LQz,Punjabi Bhangda,Bipin Panchal,3fpWdRUVQNgx293hpPdpkW,Dhol Dhamaka,50,466480,,159,0.8,0.72,0.31,-6.7,True,hindi,https://open.spotify.com/track/2ILJKWTdHjLp6ysj9g7LQz
2t1nZFVQDBaTulcfz5RXzP,Punjabi Bhangda,"Arjun Rao, Kushal Barath",2kiZt1vwjC14J69m65IiDS|4FVHoE2KzLObA14r57tKgU,Rajasthani Dhol Thali,50,905926,,105,0.78,0.42,0.75,-7.0,True,hindi,https://open.spotify.com/track/2t1nZFVQDBaTulcfz5RXzP
4jV1cgOn4tY5yNHUHIk9oW,Punjabi Bhangda,Dilip Gode,7HJYq4CtempkyUv5Z3Lpbn,Dhol Dhamal (Instrumental),50,315000,,108,0.73,0.74,0.74,-11.3,True,hindi,https://open.spotify.com/track/4jV1cgOn4tY5yNHUHIk9oW
4iBfuct2cCIDTvejrpXxB6,Punjabi Bhangra Blast,"Sonu Nigam, Sukhwinder Singh, Satwinder Bitti, Debashish Dasgupta, Sudesh Bhosle, Harbhajan Mann, Shankar Sahney, Vijya Shankar, Bhushan Dua",1dVygo6tRFXC8CSWURQJq2|19MVxKZZdPj2X0F8pi0OCT|7GgllM7AazIk8MWQ3Th9EI|5HUI64JZPqGNwTMGWWN573|7GNoTWm5VObvMUeS0Wkueu|6NhiWVGtq25QmacOUbTXKf|7p2euWXj8fa0swXVKjXhD8|6Z306ezDImJrfiHzE0yo97|4PhJv48oy3YJMQ5hDt9BFu,Punjabi Bhangra Blast,50,4092005,,125,0.76,0.21,0.4,-13.3,True,hindi,https://open.spotify.com/track/4iBfuct2cCIDTvejrpXxB6
6vYT1NR3ZgxLl762AKb94S,Punjabi Bhangra Mashup,"Geeta Zaildar, Prince Deep, Jassi X, Ranjit Bawa, Jordan Sandhu",78rdC4FvVaOJmEgfjlUi4a|3zIEAMfgWJJO9BLrRdKMgs|3rJlJIcCjbAyj4X08YQqsS|6pU5oz09VUYtnFTd4P1Mxn|3TozxPbDes76aGFdfv7PMv,Punjabi Bhangra Mashup,50,502440,,90,0.78,0.5,0.89,-7.5,True,hindi,https://open.spotify.com/track/6vYT1NR3ZgxLl762AKb94S
1GRVQYJsaTiZCwSomOeK9b,Punjabi Boliyan,Babbu Maan,2ENaPFnsKa9MlutVokd6es,Punjabi Boliyan,50,173545,,112,0.65,0.61,0.48,-7.2,True,hindi,https://open.spotify.com/track/1GRVQYJsaTiZCwSomOeK9b
5NxcZjCZCvixZFL1clwJeL,Punjabi Boys,"Sultaan, Big Ghuman",7frYUe4C7A42uZqCzD34Y4|6L3F8cdWcweEu2d1kfggbH,Back from the Dead,50,176000,,165,0.76,0.33,0.52,-9.1,True,hindi,https://open.spotify.com/track/5NxcZjCZCvixZFL1clwJeL
00aHtJKhZgjCQwbYWfFDlF,Punjabi Clap,Sukhshinder Shinda,3JV4skWSsVKDWZY94peU6I,Punjabi Clap,50,242466,,108,0.5,0.2,0.79,-9.4,True,hindi,https://open.spotify.com/track/00aHtJKhZgjCQwbYWfFDlF
4aMl9ZVLIpe8bm6uQx06dF,Punjabi Dembow Zumba Workout | Ultimate Desi Bhangra Dance Fitness,LIVE AFFIRMATIVE,6OUMXlX3Fy9IAPRg7pQRLl,Aaj Ki Morning Dance on Zumba (Vol 3),50,110688,,139,0.6,0.51,0.44,-13.8,True,hindi,https://open.spotify.com/track/4aMl9ZVLIpe8bm6uQx06dF
2RRuSkiQmpO3E0GvpclN0D,Punjabi Energy Unleashed,Music For Workout Rhythm,0i3egZwkhMQiEaIIEwp6fc,Workout Music Bollywood,50,216799,,162,0.68,0.35,0.74,-6.1,True,hindi,https://open.spotify.com/track/2RRuSkiQmpO3E0GvpclN0D
6XeAfXvwGdBHs0ydQawuJu,Punjabi Gym Anthem,ReVive Studio,01SaYMAMY2voIZDj21BgsR,Gym Workout Beats Vol 2,50,152134,,171,0.8,0.49,0.38,-7.3,True,hindi,https://open.spotify.com/track/6XeAfXvwGdBHs0ydQawuJu
79blZUG11a6vtTL3Nt9J78,Punjabi Mashup,"Arjun, Badshah, Bohemia, Diljit Dosanjh, Fateh, Gippy Grewal, Girik Aman, Gupz Sehra, Guru Randhawa, Hans Raj Hans",5tvfyAT4aOIOkumo6vw1yL|0y59o4v8uw5crbN9M3JiL1|0SWOtgI95g7oVrP9halrmP|2FKWNmZWDBZR4dE5KX4plR|1t44XSPiW7z8PebleCo7uP|5kvGYraWFlXs2Jbt1Kphn8|0wEpmOl5l4V1PijK15QuDj|5ZXuveln0SCEl9FW7oOMYz|5rQoBDKFnd1n6BkdbgVaRL|7967TUOaS203OMlBrsHS8X,Punjabi Mashup,50,306572,,130,0.75,0.77,0.38,-5.2,True,hindi,https://open.spotify.com/track/79blZUG11a6vtTL3Nt9J78
4KYcRz2RLVXihiLBLxaa2O,Punjabi Mashup 2025,"Mauvision, Freaky, Deedar Kaur, Rashmeet Kaur, Chet Dixon, Devu Khan Manganiyar, Sur Sagar, PAVN, Mahlan Wala 59, MC Altaf",38Ddii1XWyfWKj0ccum06N|0n8nK7yqEX64f1alg49vbf|27XlBHWHNZPLkOU1IdAq6q|15UQcr22jcc6DJjy3sLv3J|11GxqMPDdCNsT04u05OqWQ|1PGGwcxwBKLXHHb3TRzlOC|3iLXVAyjdYYMi1mlHSaVae|4shHK8651ssKumB9z3jzdZ|6AONermxpKHYKrOPPAI5gS|1oMKeiHXRkg7tNqwhaS3fu,Punjabi Mashup 2025,50,280000,,92,0.74,0.62,0.68,-11.0,True,hindi,https://open.spotify.com/track/4KYcRz2RLVXihiLBLxaa2O
2fCbPs6e1gkRQ3B2PxTzsr,Punjabi Montana,Gkrazy,4LkjNJOsClWuQH574S7jSU,Punjabi Montana,50,137256,,154,0.46,0.42,0.71,-8.7,True,hindi,https://open.spotify.com/track/2fCbPs6e1gkRQ3B2PxTzsr
0wstYsHkFTx9bg4D3GRLpd,Punjabi Munde,"Jaidev Kumar, Jaggi Singh, Kamla Punjabi, Diljit Dosanjh, Deep Dillon",3jFf4UnboFrqsHZA8qBkH8|65zaftDLgoj6AAEpkAp1pA|3wYIVWnGxFIKewMYNEa8XV|2FKWNmZWDBZR4dE5KX4plR|30cZh3ECvlH486sxB8BFDb,Mel Karade Rabba,50,229746,,96,0.58,0.24,0.73,-6.9,True,hindi,https://open.spotify.com/track/0wstYsHkFTx9bg4D3GRLpd
6lEF58fz5WfUKZ4GWGsKlS,Punjabi Munde,Amrinder Gill,1x02ug1CLkx7mrQP9FRswh,Dildarian,50,259173,,136,0.44,0.68,0.33,-7.0,True,hindi,https://open.spotify.com/track/6lEF58fz5WfUKZ4GWGsKlS
7r8x7Uc5PtyMs0ZOviCWxM,"Punjabi Munde (From ""Ghudchadi"")","Sukhbir, Lijo George, Tulsi Kumar",7bcSOvqOKoyZqU41p5YuoJ|4VS3XraXs2LRsowQnQ7VFh|0T1CMVkqffHlqEk4BcAph1,"Punjabi Munde (From ""Ghudchadi"")",50,197111,,107,0.82,0.6,0.5,-10.9,True,hindi,https://open.spotify.com/track/7r8x7Uc5PtyMs0ZOviCWxM
5SAyE6j6CzdCp96bBBqajb,Punjabi Mutiyaran,"Jasmine Sandlas, Shehzad Deol",0mJDQBWytBhOh5JB1DOQ1c|45Rj0uN7azAQFQZK3STxlL,Punjabi Mutiyaran,50,211363,,122,0.46,0.48,0.63,-7.0,True,hindi,https://open.spotify.com/track/5SAyE6j6CzdCp96bBBqajb
0oLR33gqdNP3fwu6KFqDjJ,Punjabi Non Stop Mashup,"Bohemia, Sidhu Moose Wala, Gippy Grewal, Nimrat Khaira, Himmat Sandhu, Shipra Goyal, Jordan Sandhu, Shree Brar, Diljit Dosanjh, Mankirt Aulakh",0SWOtgI95g7oVrP9halrmP|4PULA4EFzYTrxYvOVlwpiQ|5kvGYraWFlXs2Jbt1Kphn8|0ea0y5ZxnN5TbEDzNtx5Fk|3wsrcGXTRAukQgXrUHJMwC|7gOZcXPfLtLbFgUyHGV7cZ|3TozxPbDes76aGFdfv7PMv|5Dr08SCxyjTmDovDDRZCa2|2FKWNmZWDBZR4dE5KX4plR|3uHUKCspaCzAab9A3LlGAr,Punjabi Non Stop Mashup,50,575160,,99,0.43,0.49,0.48,-8.8,True,hindi,https://open.spotify.com/track/0oLR33gqdNP3fwu6KFqDjJ
3FDT3QXIsEB6fFTnR2lb8T,Punjabi Pablo,Yo Yo Honey Singh,7uIbLdzzSEqnX0Pkrb56cR,51 GLORIOUS DAYS,50,210195,,100,0.87,0.77,0.46,-5.2,True,hindi,https://open.spotify.com/track/3FDT3QXIsEB6fFTnR2lb8T
2uClyP3ljxxp7CLbGglVvS,Punjabi Party Mashup,"Jassie Gill, Badshah, Mika Singh, Kanika Kapoor, Yo Yo Honey Singh, Simar Kaur, Ishers, Sharry Mann, Gupz Sehra, Ravneet Singh",3xZnxcyeC0vVaJvEA9VqrA|0y59o4v8uw5crbN9M3JiL1|5T2I75UlGBcWd5nVyfmL13|6qcIg4IPLulyc03mWR87N8|7uIbLdzzSEqnX0Pkrb56cR|5yI5MjFLwQwfP24OxchqN1|1UHgzvQ7MJB9U2qlRtUJGo|5azWSYXVoLKYKHlR5zNJ7i|5ZXuveln0SCEl9FW7oOMYz|4c29UldvyWU7vZpIlAkpjX,Punjabi Party Mashup,50,224209,,119,0.84,0.82,0.73,-9.3,True,hindi,https://open.spotify.com/track/2uClyP3ljxxp7CLbGglVvS
7IGyn0wUpgxA1SQMztb2pq,Punjabi Rap Star,Bohemia,0SWOtgI95g7oVrP9halrmP,Da Rap Star - Bohemia,50,210133,,150,0.72,0.25,0.67,-11.5,True,hindi,https://open.spotify.com/track/7IGyn0wUpgxA1SQMztb2pq
1VEiS59lV1QOyfKKsZkxbK,Punjabi Thugs,Billa Jaan,48DaKoarQ3gDzeJaILALBf,Punjabi Thugs,50,172359,,134,0.54,0.64,0.48,-11.5,True,hindi,https://open.spotify.com/track/1VEiS59lV1QOyfKKsZkxbK
5OjpypdkNE2Oto94lxMIKY,Punjabi Workout Mashup Vol-1,"Kaur B, Gupz Sehra, Mannat Noor, Dj Chirag Dubai",43iOhUGMAnS6QbPEUYqkpg|5ZXuveln0SCEl9FW7oOMYz|0TxBLummgAxRkxn21HrLDp|2l0J4AD1RfNC7tgFlNTUTU,Punjabi Workout Mashup Vol-1,50,179675,,139,0.5,0.79,0.65,-7.0,True,hindi,https://open.spotify.com/track/5OjpypdkNE2Oto94lxMIKY
4dffVlSKpQhLqYQ7BFSHFo,Punjabi Workout Mashup Vol-2,"Sidhu Moose Wala, Diljit Dosanjh, R Maan, Kaur B, Harsimran, Dj Basque",4PULA4EFzYTrxYvOVlwpiQ|2FKWNmZWDBZR4dE5KX4plR|1I3EawcCTzAYZtonoobkuU|43iOhUGMAnS6QbPEUYqkpg|7hs0Uy7hjjMIb4JwmTdisX|4l4pfuSSL87fGk2hva4LuS,Punjabi Workout Mashup Vol-2,50,202582,,117,0.86,0.36,0.45,-5.5,True,english,https://open.spotify.com/track/4dffVlSKpQhLqYQ7BFSHFo
1XBMEieYDVuhV0qW7bt1FA,Punjabi Workout Mashup Vol-3,"Sharry Mann, Guru Randhawa, Ranjit Bawa, Bobby Sunn, Raviraj, Dj Chirag Dubai",5azWSYXVoLKYKHlR5zNJ7i|5rQoBDKFnd1n6BkdbgVaRL|6pU5oz09VUYtnFTd4P1Mxn|5M6zUY5lU2jxX1K6selTV1|6PukbgXGSVUSDyBz2Hn2n7|2l0J4AD1RfNC7tgFlNTUTU,Punjabi Workout Mashup Vol-3,50,264800,,141,0.73,0.21,0.46,-10.4,True,hindi,https://open.spotify.com/track/1XBMEieYDVuhV0qW7bt1FA
2OKctFIn1L2ca5MTFYiF8c,Punjabi Workout Mashup Vol-4,"Guru Randhawa, Karan Sehmbi, Ranjit Bawa, Dj Chirag Dubai",5rQoBDKFnd1n6BkdbgVaRL|0wmFEqpoc2FgAv8IPtCLBW|6pU5oz09VUYtnFTd4P1Mxn|2l0J4AD1RfNC7tgFlNTUTU,Punjabi Workout Mashup Vol-4,50,205216,,109,0.57,0.21,0.49,-8.8,True,hindi,https://open.spotify.com/track/2OKctFIn1L2ca5MTFYiF8c
7GDBDOGEyx7WbQrazZCywt,Punjabi Workout Mashup Vol-5,"Dc, PARDHAAN, Sidhu Moose Wala, Kaur B, Rox A, Snappy, Desi Crew, Dj Chirag Dubai",3onFwxFQFyMS0eRVfzSdmm|06sVoZgq2NIPNoWgggu8Vq|4PULA4EFzYTrxYvOVlwpiQ|43iOhUGMAnS6QbPEUYqkpg|1tG4YxtmYSP5G7w2YA8jRJ|4HYqQGd6sHdPhq6qwikEix|6lMIhndzcevFkVWSJnXPt2|2l0J4AD1RfNC7tgFlNTUTU,Punjabi Workout Mashup Vol-5,50,242497,,92,0.86,0.81,0.61,-14.7,True,english,https://open.spotify.com/track/7GDBDOGEyx7WbQrazZCywt
5c9s1d2FkzGRn9PSZxT5cr,Punjabi Workout Mix,"Jordan Sandhu, Amrit Maan, Guntaj Dandiwal, Dilpreet Dhillon, Deep Jandu, Shipra Goyal",3TozxPbDes76aGFdfv7PMv|7GgAwYJnBBFT1WogNWf0oj|44wLsyV4oq5xoNZZA8STof|5CGQa62CAweD76eHlDmp1m|2RJawMqX9ESxws2KMtHyP3|7gOZcXPfLtLbFgUyHGV7cZ,Punjabi Workout Mix,50,817085,,122,0.43,0.43,0.48,-10.5,True,english,https://open.spotify.com/track/5c9s1d2FkzGRn9PSZxT5cr
3Ljg2gtV89ElXuEKeKFTud,Punjabiyaan Di Battery,"Sachin Gupta, Mika Singh, Yo Yo Honey Singh, Kumaar",34R6DQd8ErBy1xyOyMHFrq|5T2I75UlGBcWd5nVyfmL13|7uIbLdzzSEqnX0Pkrb56cR|0m3D4grap8VFSzbJMqgNVk,Mere Dad Ki Maruti,50,198948,,153,0.66,0.35,0.6,-7.3,True,hindi,https://open.spotify.com/track/3Ljg2gtV89ElXuEKeKFTud
541oF6e3e6P38aDIqQXxU7,Punjabiyan Di Dhee,"Guru Randhawa, Bohemia",5rQoBDKFnd1n6BkdbgVaRL|0SWOtgI95g7oVrP9halrmP,Punjabiyan Di Dhee,50,193067,,157,0.88,0.36,0.32,-9.5,True,hindi,https://open.spotify.com/track/541oF6e3e6P38aDIqQXxU7
6e9FMfDTIanRkMCfxD9TEH,Punjeban Wali,Inderjit Nikku,6Tfn1zm2FagIHJLbTSMPim,Punjeban Wali,50,219906,,140,0.51,0.38,0.79,-5.2,True,hindi,https://open.spotify.com/track/6e9FMfDTIanRkMCfxD9TEH
5Qg9zqznizJkwtykW6FoOp,Pure - White Noise 145 hz,Dream Supplier,6Cqtx9fpxzggIMuKn0RGCp,White Noise For Study,50,142222,,160,0.76,0.38,0.47,-8.9,True,english,https://open.spotify.com/track/5Qg9zqznizJkwtykW6FoOp
4dIM29n3kkWwQaKakp1RvO,Push It - Workout Remix 140 bpm,Hard EDM Workout,6A1PIjKax3t1iZQ4VKOegQ,Aerobic Super Hits 70s - 80s - 90s: 60 Minutes Mixed for Fitness & Workout 140 bpm/32 Count,50,178290,,92,0.86,0.67,0.55,-10.3,True,english,https://open.spotify.com/track/4dIM29n3kkWwQaKakp1RvO
5hPIt8NUDIP3foP7Ijroiv,Push harder! Workout Music,It's me Mali,69T8KSLr6VxoLGhdGUnlfY,Push harder! Workout Music,50,150919,,154,0.44,0.26,0.88,-14.2,True,english,https://open.spotify.com/track/5hPIt8NUDIP3foP7Ijroiv
3sdkRXDDieRCQaNJGkshv0,Putt Jatt Da,Diljit Dosanjh,2FKWNmZWDBZR4dE5KX4plR,Putt Jatt Da,50,164101,,168,0.72,0.44,0.78,-8.7,True,hindi,https://open.spotify.com/track/3sdkRXDDieRCQaNJGkshv0
0yVV4xowVr0CDS4oSjqhuo,"Qissonmein (From ""Salaar Cease Fire - Hindi"")","Ravi Basrur, Riya Mukherjee, Ravi Basrur and Team",2q1LRGJHpFxovU8Tz6OgRn|3tbZvcC2kvWyAEWHwtUTp2|7Izuio7qwe8nqf5T2ReoC4,Salaar Cease Fire - Hindi (Original Motion Picture Soundtrack),50,187058,,128,0.41,0.38,0.44,-9.2,True,hindi,https://open.spotify.com/track/0yVV4xowVr0CDS4oSjqhuo
5xw2LsAMdQTMRH9OGDy8zf,RAGRA Part (2),Raja Kang,5KCHRPbzx9DQHpCv9i4PFs,RAGRA Part (2),50,142588,,104,0.42,0.84,0.37,-10.7,True,hindi,https://open.spotify.com/track/5xw2LsAMdQTMRH9OGDy8zf
2iOalWvzj6DluNen8LLo8f,REVENGE 3.0 - Slowed,1HXSX,11pkkllIaYm8iO0W9cUTJY,REVENGE 3.0,50,118153,,131,0.43,0.21,0.57,-12.5,True,english,https://open.spotify.com/track/2iOalWvzj6DluNen8LLo8f
6H6MJEZtCHitqU5bNeGQ4l,RUNNIN,JANANI,05z22ZgFvBJ0cV4mfxX9Tw,RUNNIN,50,144512,,114,0.75,0.89,0.39,-10.4,True,english,https://open.spotify.com/track/6H6MJEZtCHitqU5bNeGQ4l
3eCDIJEUUWWinLRasJr0PJ,RUNNIN,"AswaAl, TStar",7mSb6vpTmu80g3ZYYzyhb3|7mkxyvilsuhTw28QIHtdxx,RUNNIN,50,146026,,95,0.63,0.35,0.54,-12.4,True,english,https://open.spotify.com/track/3eCDIJEUUWWinLRasJr0PJ
0VsDILIscvwFOeEwP9muLJ,"Raathu Raasan - From ""Karuppu""","Sai Abhyankkar, V.M. Mahalingam, Paal Dabba, Vivek",5jJrJU7VVmxQQLcLAmmxXc|6mHtkNCvRoFV9XMzvjSF1u|0cQJg3qKYiogK9Qj1H0Qpx|25Pa1Vz1ZuTHmXPiYeMcgx,"Raathu Raasan (From ""Karuppu"")",50,195419,,175,0.57,0.46,0.41,-13.3,True,english,https://open.spotify.com/track/0VsDILIscvwFOeEwP9muLJ
7MP6jngkoEGUXKdpVeTXAT,"Raavana Mavandaa (From ""Jana Nayagan"")","Anirudh Ravichander, Vivek",4zCH9qm4R2DADamUHMCa6O|25Pa1Vz1ZuTHmXPiYeMcgx,"Raavana Mavandaa (From ""Jana Nayagan"")",50,107036,,102,0.72,0.64,0.54,-13.1,True,english,https://open.spotify.com/track/7MP6jngkoEGUXKdpVeTXAT
3Kj9cbK7jqieqWvRmdcOhj,Raayan Rumble,Arivu,7rVV9d6vc4FLT752uRuk71,Raayan (Original Motion Picture Soundtrack),50,210768,,150,0.75,0.33,0.56,-5.6,True,english,https://open.spotify.com/track/3Kj9cbK7jqieqWvRmdcOhj
47yvxC80llSgqVhMWBZeLd,"Raayan Rumble (From ""Raayan"")","A.R. Rahman, Arivu",1mYsTxnqsietFxj1OgoGbG|7rVV9d6vc4FLT752uRuk71,"Raayan Rumble (From ""Raayan"")",50,210768,,129,0.48,0.5,0.34,-9.5,True,english,https://open.spotify.com/track/47yvxC80llSgqVhMWBZeLd
3g69NtkXVJRtSwtZvKxwMa,Rabba - Extended Mix,Delhi Cartel,2O3SvzsTOvKXxcxHDeZqbG,Rabba,50,435070,,93,0.77,0.61,0.56,-10.8,True,hindi,https://open.spotify.com/track/3g69NtkXVJRtSwtZvKxwMa
7gFrN295naGof3c82fMYsd,"Radha (From ""Student of the Year"") - 133 BPM","Vishal-Shekhar, Shreya Ghoshal, Udit Narayan, Vishal Dadlani, Shekhar Ravjiani",6Mv8GjQa7LKUGCAqa9qqdb|0oOet2f43PA68X5RxKobEy|70B80Lwx2sxti0M1Ng9e8K|6CXEwIaXYfVJ84biCxqc9k|4xd7mLI7urqrxELaXhAvzw,Workout Bollywood Style: 60 Mins Non Stop Mix,50,80026,,116,0.85,0.41,0.32,-10.8,True,hindi,https://open.spotify.com/track/7gFrN295naGof3c82fMYsd
1fVmLP85dbp1ifNGnVlOKY,Radhe - Title Track,Sajid,5koewnCqudpBxeTjCrwCuJ,Bollywood Power Mix,50,181500,,147,0.6,0.38,0.47,-7.7,True,hindi,https://open.spotify.com/track/1fVmLP85dbp1ifNGnVlOKY
3pjZQfBShK7O01QvtQwmcg,Raftaarein,"Vishal-Shekhar, Vishal Dadlani, Shekhar Ravjiani",6Mv8GjQa7LKUGCAqa9qqdb|6CXEwIaXYfVJ84biCxqc9k|4xd7mLI7urqrxELaXhAvzw,Ra-One,50,269630,,138,0.42,0.58,0.41,-5.9,True,english,https://open.spotify.com/track/3pjZQfBShK7O01QvtQwmcg
60jPvHq6WiQr5gD1CoTStH,Ragile Ragile,"Anirudh Ravichander, Krishna Kanth",4zCH9qm4R2DADamUHMCa6O|2yvOLf1gt6m9qPgzzqpxQx,Kingdom,50,303666,,113,0.73,0.89,0.74,-6.8,True,english,https://open.spotify.com/track/60jPvHq6WiQr5gD1CoTStH
3FoIp7nGoq8YH4BKeD1BFA,"Ragile Ragile (From ""Kingdom"")","Anirudh Ravichander, Krishna Kanth",4zCH9qm4R2DADamUHMCa6O|2yvOLf1gt6m9qPgzzqpxQx,"Ragile Ragile (From ""Kingdom"")",50,303666,,97,0.79,0.75,0.55,-10.8,True,english,https://open.spotify.com/track/3FoIp7nGoq8YH4BKeD1BFA
5f4xE5bv0Oxizz60UC8CQr,Ragra,Raja Kang,5KCHRPbzx9DQHpCv9i4PFs,Ragra,50,150340,,111,0.88,0.6,0.64,-8.1,True,hindi,https://open.spotify.com/track/5f4xE5bv0Oxizz60UC8CQr
1ub0YulYYjA5ZffhlpVZ6x,Ragra Part 3,Raja Kang,5KCHRPbzx9DQHpCv9i4PFs,Ragra Part 3,50,149750,,111,0.46,0.42,0.75,-7.0,True,hindi,https://open.spotify.com/track/1ub0YulYYjA5ZffhlpVZ6x
12fdHRfjiXdJ5sFHw3iXFT,Raise Our Voice,Sun Lay,4WAGWaAevhmsMg8ru0jAn6,Workout for the World,50,180428,,104,0.74,0.71,0.83,-12.9,True,english,https://open.spotify.com/track/12fdHRfjiXdJ5sFHw3iXFT
1BlFzJw4ZMJIHcjrnYqL2G,Raj Karega Khalsa,"Navraj Hans, Daler Mehndi",4ItzUQL1OI4JNDGNdKHR1K|6wa1AsxB9oJP7lwNSmbcYx,Bollywood Power Mix,50,327574,,115,0.55,0.24,0.3,-8.8,True,hindi,https://open.spotify.com/track/1BlFzJw4ZMJIHcjrnYqL2G
5KgfY2vMoHk26aGvchrr7Q,Raja Aala,"Devdutta Manisha Baji, Avadhoot Gupte",2JWAqfpZpVmQ5nfYHVFn76|6mxY3ekITToaEK2XGtaock,Pawankhind,50,260943,,107,0.73,0.33,0.82,-12.0,True,hindi,https://open.spotify.com/track/5KgfY2vMoHk26aGvchrr7Q
4ynJ20pQLuf0PIOzrwen4S,Ram Pam Pam,INVIKTA,74M9Dl8WQh3WD8uoW74c3i,Ram Pam Pam,50,190477,,121,0.46,0.34,0.8,-8.2,True,english,https://open.spotify.com/track/4ynJ20pQLuf0PIOzrwen4S
4293ubeD7J5YMrsn5PLdTA,Ram Ravan - Hindi Rap,Raanjha,7pqzMLbLDB5UFg9LM0y9im,Ram Ravan (Hindi Rap),50,380572,,155,0.6,0.56,0.87,-7.1,True,hindi,https://open.spotify.com/track/4293ubeD7J5YMrsn5PLdTA
2hAOG5cJb9DrqF9acFeHHh,"Rare Piece Vanjaram - From ""Think Indie""",Thamizh Aadhavan,2naoxh21roEyvOd7NWwDUb,"Rare Piece Vanjaram (From ""Think Indie"")",50,183771,,126,0.82,0.86,0.45,-7.1,True,english,https://open.spotify.com/track/2hAOG5cJb9DrqF9acFeHHh
58clncAcNFhSh5ERdonnCp,"Ratata (From ""Leo"")",Anirudh Ravichander,4zCH9qm4R2DADamUHMCa6O,"Ratata (From ""Leo"")",50,131612,,105,0.81,0.58,0.62,-14.0,True,english,https://open.spotify.com/track/58clncAcNFhSh5ERdonnCp
17MEVmkb3slkHfPt3OxHvJ,"Ratta Maar (From ""Student of the Year"") - 126 BPM","Vishal-Shekhar, Shefali Alvares, Vishal Dadlani",6Mv8GjQa7LKUGCAqa9qqdb|1Jt7JB3WIWaANzwHoybsVn|6CXEwIaXYfVJ84biCxqc9k,Workout Bollywood Style: 60 Mins Non Stop Mix,50,104986,,129,0.68,0.39,0.66,-9.5,True,hindi,https://open.spotify.com/track/17MEVmkb3slkHfPt3OxHvJ
0i2ctQn59viXQNLGnMsQUQ,Ravan Ravan Hoon Main,Rock D,2FPZCpJBdrSBUJau2GbdY2,Ravan Ravan Hoon Main,50,147972,,97,0.52,0.68,0.58,-5.3,True,hindi,https://open.spotify.com/track/0i2ctQn59viXQNLGnMsQUQ
41NWKHGnPPMgMtuG1J8hy4,Ravan Ravan Hoon Main 2,Rock D,2FPZCpJBdrSBUJau2GbdY2,Ravan Ravan Hoon Main 2,50,113250,,178,0.62,0.56,0.52,-5.5,True,hindi,https://open.spotify.com/track/41NWKHGnPPMgMtuG1J8hy4
2w0l41kk4L7SDnMrGh79ZI,Ready or Not,REMAZE,7JgLMiRf1ogwmyTskyD8vB,Ready or Not,50,167200,,111,0.46,0.74,0.51,-5.3,True,english,https://open.spotify.com/track/2w0l41kk4L7SDnMrGh79ZI
73YjnVtalyuXLF5Rd0CXCF,Real Struggle,"Kuldeep Rasila, Dharampreet, Kaka Malwal, Still Music",2PQmuE7FWNX7Ff8u4tDkqw|7HWG9vQSA4hT8yizi6cTOR|0KOkHh8GbM8Y2ItQJjDMxF|4WozurmSbHpf5PwZDj7cm1,Real Struggle,50,212330,,140,0.66,0.29,0.32,-14.5,True,hindi,https://open.spotify.com/track/73YjnVtalyuXLF5Rd0CXCF
6nPW94p2uc6U3NSxrPLlHO,Reasons,George Alushi,1ci8eNKUb0IYGsEvzYdkj6,Reasons,50,166810,,136,0.81,0.63,0.79,-11.2,True,english,https://open.spotify.com/track/6nPW94p2uc6U3NSxrPLlHO
75IywzsrO67PjCrFHnA9tb,"Red Sea (From ""Devara Part 1"")",Anirudh Ravichander,4zCH9qm4R2DADamUHMCa6O,"Red Sea (From ""Devara Part 1"")",50,162043,,171,0.42,0.39,0.79,-14.7,True,english,https://open.spotify.com/track/75IywzsrO67PjCrFHnA9tb
3QpT0jxZk1n9mGeo1ife2i,Rees,NIJJAR,4tnu4MuDLf51KcBOYvaB5W,Rees,50,144056,,137,0.57,0.67,0.47,-6.7,True,hindi,https://open.spotify.com/track/3QpT0jxZk1n9mGeo1ife2i
7irQXVDibbl9ijrLajUVap,Rekka Rekka,"Nivas K Prasanna, Arivu, Vedan, Mari Selvaraj",3RN1T82XXhayseL1rCdJnp|7rVV9d6vc4FLT752uRuk71|1Clwe5e4xyRasANUVlpcCf|38Zkf8fQfCpFzXsHfGVRdF,Bison Kaalamaadan (Original Motion Picture Soundtrack),50,303203,,148,0.44,0.47,0.31,-5.5,True,english,https://open.spotify.com/track/7irQXVDibbl9ijrLajUVap
2lyodB0HLF9KWD8lR4EA4J,"Rekka Rekka - From ""Bison Kaalamaadan""","Nivas K Prasanna, Arivu, Vedan, Mari Selvaraj",3RN1T82XXhayseL1rCdJnp|7rVV9d6vc4FLT752uRuk71|1Clwe5e4xyRasANUVlpcCf|38Zkf8fQfCpFzXsHfGVRdF,"Rekka Rekka (From ""Bison Kaalamaadan"")",50,303203,,157,0.66,0.39,0.61,-13.5,True,english,https://open.spotify.com/track/2lyodB0HLF9KWD8lR4EA4J
19XIEvspCk4Q3JBY6Aut5y,Rhythm Is A Dancer - Workout Remix 140 bpm,Hard EDM Workout,6A1PIjKax3t1iZQ4VKOegQ,Aerobic Super Hits 70s - 80s - 90s: 60 Minutes Mixed for Fitness & Workout 140 bpm/32 Count,50,205710,,142,0.59,0.72,0.63,-10.8,True,english,https://open.spotify.com/track/19XIEvspCk4Q3JBY6Aut5y
1rslFjsWgYiEKZduxSI0fX,Rhythm of the Heart,Hanbit Yu,6EwFg9rHS30Z3GWgMlyHf9,"RUNNING & WORKOUT, Vol. 17",50,238960,,150,0.63,0.44,0.42,-5.2,True,english,https://open.spotify.com/track/1rslFjsWgYiEKZduxSI0fX
09nRTngw3IyHRbDrHx9sau,Ride Faster Baby,"HUDAH, Workout Nation",2H7cmmHir3mBMJbQ8OqG0f|0q5IRNW5tD0WZulNvKJJbw,Ride Faster Baby,50,87120,,101,0.61,0.69,0.86,-7.6,True,english,https://open.spotify.com/track/09nRTngw3IyHRbDrHx9sau
0967GzgSMFu9Z4paXHYdvz,Right Round - Workout Remix 128 Bpm,Workout Music Tv,0k5KeG8St6LiePh5blOwwl,Arms Workout 2021 Energy Session (60 Minutes Non-Stop Mixed Compilation for Fitness & Workout 128 Bpm / 32 Count),50,180014,,91,0.73,0.21,0.68,-12.4,True,english,https://open.spotify.com/track/0967GzgSMFu9Z4paXHYdvz
5Byhl7uKwvfxFIcyNqcObU,Rise Of Sultan,"Vishal-Shekhar, Shekhar Ravjiani, Chorus, Irshad Kamil",6Mv8GjQa7LKUGCAqa9qqdb|4xd7mLI7urqrxELaXhAvzw|2Bu3DMTHHdXW4jnhoWHhPa|3GdSQUH1BRtl9UrrtuwJlP,Sultan,50,166164,,124,0.66,0.35,0.58,-12.5,True,hindi,https://open.spotify.com/track/5Byhl7uKwvfxFIcyNqcObU
0kRWc88xMinBmfsXHL9lfH,Rise of Veera,Anirudh Ravichander,4zCH9qm4R2DADamUHMCa6O,Beast (Original Background Score),50,117663,,98,0.41,0.66,0.73,-8.8,True,english,https://open.spotify.com/track/0kRWc88xMinBmfsXHL9lfH
6c8KlDkavjul0daiyBjwa4,Ritmada da Rihanna,"Duo LUGUI, WUD, Miojo Talharim",6bEwZwzGKRp2DuvEFyvRAg|4uC6fHOaPWrgdoSuawYqb0|4PVGXxkCKVS2L3t1lq86KC,Ritmada da Rihanna,50,151384,,117,0.66,0.23,0.6,-7.0,True,english,https://open.spotify.com/track/6c8KlDkavjul0daiyBjwa4
7xoVgrv66icKknlplT1rzp,Roar - Remix,Workout Music,5njMahLKD1tLJ5bejvqseV,100 Gym & Fitness Workout Hits! Playlist,50,286987,,160,0.66,0.82,0.89,-10.6,True,english,https://open.spotify.com/track/7xoVgrv66icKknlplT1rzp
1yjToWsiK8eIqU47yCtJaU,Rock Hard,DJ Kamal Supreme,5Oir5zMAdY6S88DH0brPwb,Bhangra Supreme Workout & Dance Party,50,219528,,133,0.52,0.68,0.55,-9.0,True,hindi,https://open.spotify.com/track/1yjToWsiK8eIqU47yCtJaU
3Vb8KkT6Ub5fFGPYJCJyLh,Rolex Theme - Background Score,Anirudh Ravichander,4zCH9qm4R2DADamUHMCa6O,Vikram (Original Background Score),50,53248,,117,0.8,0.47,0.61,-12.3,True,english,https://open.spotify.com/track/3Vb8KkT6Ub5fFGPYJCJyLh
1pdiDP6Kyik5YZ3pzkSmKd,Roop Suhana Lagta Hai - Trap Mix,"Farooq Got Audio, S. P. Balasubrahmanyam, K. S. Chithra",2u2vVyG4FLtNI8sMUMnIPm|2ae6PxICSOZHvjqiCcgon8|2IUtwMti1OiT3lkW6RubgH,Bollywood Trap Mix,50,170578,,135,0.78,0.72,0.64,-9.1,True,hindi,https://open.spotify.com/track/1pdiDP6Kyik5YZ3pzkSmKd
6ZnZiWSm6qorv2YH1nqQS1,"Rudhira Dhaara (From ""Bagheera"")","B. Ajaneesh Loknath, Aniruddha Sastry",3PjvC3vaZ6wh5FK6PZ4Dd5|4eBhDqKsVw41KLAgusBZPa,"Rudhira Dhaara (From ""Bagheera"")",50,208771,,94,0.85,0.24,0.36,-14.4,True,english,https://open.spotify.com/track/6ZnZiWSm6qorv2YH1nqQS1
3UPu25TtH4LVHbH5RBhS4P,"Rudra (From ""Chhaava"")","A.R. Rahman, Nakul Abhyankar, Kshitij Patwardhan",1mYsTxnqsietFxj1OgoGbG|45dUPHFa2AoC4lqFTcPmiD|44iWTlU3L5fbu5p4PfoW44,Chhaava (Original Motion Picture Soundtrack),50,180241,,125,0.76,0.62,0.73,-8.2,True,hindi,https://open.spotify.com/track/3UPu25TtH4LVHbH5RBhS4P
7M0Gu9RzDQcsFD3Pyr2J7S,Ruger,Shubh,5r3wPya2PpeTTsXsGhQU8O,Sicario,50,163066,,163,0.85,0.69,0.73,-9.2,True,hindi,https://open.spotify.com/track/7M0Gu9RzDQcsFD3Pyr2J7S
0ODBOhmH9c3QpUGal7aNGO,Rukhna Nahi - Hindi Workout,Minns,109bXkunJD3qI4zj90x99F,Hindi Workout Mix 2026,50,200000,,117,0.65,0.27,0.58,-11.6,True,hindi,https://open.spotify.com/track/0ODBOhmH9c3QpUGal7aNGO
0gj3jV67U61khzQttf9VVs,Rumba - Workout Remix 140 Bpm,Hard EDM Workout,6A1PIjKax3t1iZQ4VKOegQ,Aerobic Latino Hits 2022: 60 Minutes Mixed For Fitness & Workout 140 Bpm / 32 Count,50,164580,,167,0.8,0.66,0.81,-5.7,True,english,https://open.spotify.com/track/0gj3jV67U61khzQttf9VVs
0n4hm74nFRfPZ8G5qpNTdm,Run,"Saisharan, Nivaz",3SacyJu97cFJNxXbVNuzg3|0osEcThquztYFReRKhQfJn,Bruce Lee (Original Motion Picture Soundtrack),50,260762,,141,0.68,0.23,0.39,-10.6,True,english,https://open.spotify.com/track/0n4hm74nFRfPZ8G5qpNTdm
5LJU8r20oA1SCv3s1yrlpE,"Run & Die (Theme) [From ""Enemy""]","Sam C.S., Lavita M. Lobo",5VAyiDhBinVfc6RM5RKnLa|3hJ618EY1h9PG60hO1GKki,"Run & Die (Theme) [From ""Enemy""]",50,106285,,127,0.74,0.2,0.5,-11.8,True,english,https://open.spotify.com/track/5LJU8r20oA1SCv3s1yrlpE
013G1RmbdkR3MHMZ9ZtUX9,Run Again,Hanbit Yu,6EwFg9rHS30Z3GWgMlyHf9,"RUNNING & WORKOUT PLAYLIST, Vol. 1",50,224361,,129,0.69,0.89,0.4,-12.8,True,english,https://open.spotify.com/track/013G1RmbdkR3MHMZ9ZtUX9
0Smw3PB1azhRZ7w0iSo1E2,Run Before Sunrise,Hanbit Yu,6EwFg9rHS30Z3GWgMlyHf9,"RUNNING & WORKOUT, Vol. 18",50,244160,,138,0.62,0.8,0.33,-8.1,True,english,https://open.spotify.com/track/0Smw3PB1azhRZ7w0iSo1E2
6vqVxW9wOT4F4H5NeY9KqE,Run Boy Run,Woodkid,44TGR1CzjKBxSHsSEy7bi9,Running Workout,50,213266,,91,0.85,0.41,0.46,-5.6,True,english,https://open.spotify.com/track/6vqVxW9wOT4F4H5NeY9KqE
2mqcX6WpMMIwXgCvVzaYVY,Run D World,"Dwayne Bravo, Jojo",6ojv0aS0qisHLi5IgYowXI|2AAuaueEinwUKSWlxvNTDQ,Run D World,50,129039,,106,0.66,0.78,0.67,-14.7,True,english,https://open.spotify.com/track/2mqcX6WpMMIwXgCvVzaYVY
2bgsLbViauVL4a95mmzP7y,Run It Up Remix,MSK,5wTlC70CpWmck0cCqwJO8a,Run It Up Remix,50,54000,,112,0.65,0.49,0.59,-6.4,True,english,https://open.spotify.com/track/2bgsLbViauVL4a95mmzP7y
5Q9QA4iuGdDChORrnGVEzN,Run Run DSP Mix,"Apache Indian, Devi Sri Prasad, Sharmila",4sLklwvfOYr12fMGwrnlc7|5sSzCxHtgL82pYDvx2QyEU|4r1cQamhizt9CKe5e0MSI4,Idharammayilatho,50,244106,,159,0.58,0.73,0.5,-7.8,True,english,https://open.spotify.com/track/5Q9QA4iuGdDChORrnGVEzN
3iCkO0DiUVRbmfeAPL68E8,Run Run Run,"Divya Kumar, Varijashree Venugopal, Mc Vikey",0NErdIJtuKBjtxKmlqaWdj|59GUnH7f4NlLkxSxtNNt0i|0sEiqhmw8KffzjKkJhHttn,Run Antony (Original Motion Picture Soundtrack),50,239128,,150,0.88,0.29,0.77,-6.1,True,english,https://open.spotify.com/track/3iCkO0DiUVRbmfeAPL68E8
0wwtmaIfbjjQxiielfvdUa,"Run Run! - (From ""America America 2"")","Shankar Mahadevan, Shreya Ghoshal, Mano Murthy",1SJOL9HJ08YOn92lFcYf8a|0oOet2f43PA68X5RxKobEy|3ijciQeyNDV7iQicWGWLWj,"Run Run! (From ""America America 2"")",50,266240,,136,0.84,0.42,0.63,-9.9,True,english,https://open.spotify.com/track/0wwtmaIfbjjQxiielfvdUa
4n74SPac7vNNusBi0Mm4iV,Run for Your Life,"Yuvan Shankar Raja, Psycho.unit, Gana Bala",6AiX12wXdXFoGJ2vk8zBjy|1hLQI3u6T2xxVOkrCCjbBC|6HtEIJH43LAZGQx6iNCqhg,Biriyani (Original Motion Picture Soundtrack),50,292333,,143,0.52,0.85,0.5,-8.5,True,english,https://open.spotify.com/track/4n74SPac7vNNusBi0Mm4iV
3ZgwTyXiXiX7bEfR1urKyq,Runaway,Riccardo Caprarese,0A2OtFZrXLMqFYdOLZwsAb,Runaway,50,168000,,104,0.88,0.68,0.4,-10.9,True,english,https://open.spotify.com/track/3ZgwTyXiXiX7bEfR1urKyq
6U7OhvRbLfqIVRD9zjc2V1,Runnin,"Bharathan, Zeef",5xaxWjCLH9Bl6pGVGVMl18|1qniOeJCzvgvVP0otG8yLE,Runnin,50,168000,,115,0.8,0.28,0.58,-6.2,True,english,https://open.spotify.com/track/6U7OhvRbLfqIVRD9zjc2V1
7ckSHKZnX72c6IQnKGJNpi,"Runnin (From ""Creed II"" Soundtrack) (feat. A$AP Rocky & Jacob Banks)","Ludwig Göransson, A$AP Rocky, Jacob Banks",24eDfi2MSYo3A87hCcgpIL|13ubrt8QOOCPljQ2FL1Kca|0AepkoQhYvkjEzzwIcGxdV,Creed II (Score & Music from the Original Motion Picture),50,304560,,180,0.5,0.62,0.39,-6.6,True,english,https://open.spotify.com/track/7ckSHKZnX72c6IQnKGJNpi
6w2e3THdjHaRs4MSmcC5tb,Runnin',"JJ47, Talha Anjum, Jokhay",1SlrUQlFRfExXSCkHsQgBc|69xcFpmqTOmFNOL08Bxyci|0Nl4kTPLk2ucrARvaf55zQ,1O Minute Drill,50,195300,,112,0.66,0.32,0.69,-9.7,True,english,https://open.spotify.com/track/6w2e3THdjHaRs4MSmcC5tb
6IsEk40Wo6KIFcptatNG4X,Runnin',"trapesthetic, B!shal, Rocky Glock",2e99fOGHgzj09x9MqC0joX|0fciR3ALAy7NicSv5uipEg|64ZTkqRJdooCZZcPqpqC7P,PROOF PENDING,50,192007,,91,0.88,0.35,0.49,-13.3,True,english,https://open.spotify.com/track/6IsEk40Wo6KIFcptatNG4X
0Nkb6FRZJ343MBSo7HBq77,Runnin' It,The Imbachi,6Q5mtoNuWSiO8oKBh0fwlz,Runnin' It,50,160679,,168,0.5,0.26,0.43,-8.2,True,english,https://open.spotify.com/track/0Nkb6FRZJ343MBSo7HBq77
7j2nfXkt1KvWAgdSxUgWcX,Running,"Aksomaniac, Fatboi Raccoon, Shreya",12tOFlQDhU4Jx6wNb9XO87|3jZDhH5RtA8K1L61tvUdl4|10xwGjhglHc5KefUXn30zF,Running,50,170666,,143,0.88,0.87,0.74,-9.8,True,english,https://open.spotify.com/track/7j2nfXkt1KvWAgdSxUgWcX
2ovWRrbALAGGXKt80cAoNh,Running,"ADROYSTAR, Smokey",081U3kb0RUt4FgcYRXKW9I|0pjOlblZPSB8G5SC0kduPW,Running,50,149450,,154,0.68,0.7,0.48,-9.4,True,english,https://open.spotify.com/track/2ovWRrbALAGGXKt80cAoNh
6Rtxgf6OHqNRBzYRkkGdnz,Running,"7Bantai'Z, Vaani, Captain Fuse",0Mz9BTzWvM56Ap38mJ5zpK|1f2hIjU0CjnQP3rChSIbR7|0k7mjIymx7jlsAvFziZk2W,SETLIST,50,287480,,130,0.56,0.64,0.49,-5.9,True,english,https://open.spotify.com/track/6Rtxgf6OHqNRBzYRkkGdnz
62b8lan1R7YHpyLHZhnTFk,Running,"Peekay, Steve Knight",2QRt3WqRMTnQXu6mgGnqKl|6G5M4NdoEdfFdkZtcE0Ntg,Running,50,205714,,110,0.69,0.44,0.41,-8.8,True,english,https://open.spotify.com/track/62b8lan1R7YHpyLHZhnTFk
7hdIfUJ01vFMbDVPhdAc61,Running,"Argy, TNY",1NaQOKgddaJipUtmptb7GI|4CroZ02OMqULf4GM6UkMnw,NEWORLD II,50,186666,,97,0.45,0.38,0.65,-14.8,True,english,https://open.spotify.com/track/7hdIfUJ01vFMbDVPhdAc61
5bukDgowMSuWxKrHNcP7kt,Running,Parallel Voices,6GP9OmnhCjVx3n9jKjoYQH,Running EP,50,214878,,120,0.66,0.62,0.52,-10.6,True,english,https://open.spotify.com/track/5bukDgowMSuWxKrHNcP7kt
0yrsstXmWZWYDimxggmRae,Running,Cee13,32cbNxfVi1f867DAAT9qeu,Dreams to Space,50,160052,,131,0.68,0.23,0.38,-11.8,True,english,https://open.spotify.com/track/0yrsstXmWZWYDimxggmRae
7hYFPIQaVtXXfbWJZwO1c9,Running,Bombad,2sELI1iclKwRfpr3Tzp5aB,Running,50,61126,,114,0.86,0.8,0.88,-10.1,True,english,https://open.spotify.com/track/7hYFPIQaVtXXfbWJZwO1c9
4hUF0sMnubyPrhusZP6NEs,Running,Workout Music,0s1EQweaeF4UZa2ILrr3qw,Fitness Music,50,103790,,121,0.43,0.88,0.75,-5.7,True,english,https://open.spotify.com/track/4hUF0sMnubyPrhusZP6NEs
5XREioeJ55UDCaDooSlTVm,Running,Urbano Beats,6OND1jpaL6CnoTyZnUiE3f,Unlimited Energy,50,104903,,113,0.59,0.86,0.87,-12.4,True,english,https://open.spotify.com/track/5XREioeJ55UDCaDooSlTVm
16Xiqh8fGzEQtWkKwMKBMM,Running & Cardio EDM,"Motivational Music, Motivational EDM, Motivational Beats",66563wLzkOmGQYqW9GX9T8|0pCqCSGTsJjulHnnRDeeD6|4sBVIqo4dCMbUt7Y6HY7fr,EDM Drops for Gym Legends,50,180212,,126,0.65,0.63,0.67,-13.2,True,english,https://open.spotify.com/track/16Xiqh8fGzEQtWkKwMKBMM
14Ns9SFlCXXe9Lq8rpZnaJ,Running (MALFNKTION Remix),"Model Man, MALFNKTION",2T5NLCuN31j79zbxZ2XCSA|7x7rCZwlkVvRGOQVeDqND8,दौड़ना (Remixes),50,214500,,95,0.62,0.56,0.43,-9.1,True,english,https://open.spotify.com/track/14Ns9SFlCXXe9Lq8rpZnaJ
5tkBKcNj6zq7LV1RMSBnBH,Running - Electronic Music,WORKOUT,4OoHBmzz4LC2Bdz8cPmbiU,One Hour Running Music – Top Workout Songs for Running and Jogging,50,143622,,157,0.52,0.28,0.7,-7.5,True,english,https://open.spotify.com/track/5tkBKcNj6zq7LV1RMSBnBH
2LrhDYXifzz39zkIPjjYsv,Running - Mixed,Jay FM,0XHQV1DM8cqEJrB4gRuogs,Only Silk 05 (Mixed by Max Flyant and Vintage & Morelli),50,227798,,166,0.4,0.28,0.46,-8.2,True,english,https://open.spotify.com/track/2LrhDYXifzz39zkIPjjYsv
70BSJ7IYUnfGzGxpIPDc4i,Running Away,"Jaz Dhami, Arjun",5IfJHO9jIE1GVuC517P3nr|5tvfyAT4aOIOkumo6vw1yL,Running Away,50,163364,,150,0.44,0.24,0.36,-14.5,True,english,https://open.spotify.com/track/70BSJ7IYUnfGzGxpIPDc4i
0VaebAh75H2gGHDIq6KFfQ,Running Feels,Benz VAFM,3iWGxfjNMK9VYMpgzdxyp6,happy life,50,178199,,106,0.44,0.42,0.4,-7.1,True,english,https://open.spotify.com/track/0VaebAh75H2gGHDIq6KFfQ
2VRcS0XeGrxzj4homr4VZI,Running High,"Vian Fernandes, Shreya Nair, Manisha Ojha, Joshua Rajan, Chintan Katti",3KW8zW7y9ZYzI9bQLg6lYU|5j5wkrkxHB9mqEUtzbQ6hX|1Z8GXPyKB3AHNjvnJDNjIp|7LfAeww4fWks0XjqHspzvM|6riOkk53Fnu5T4Znc3wbcN,42.195,50,208500,,100,0.82,0.26,0.54,-8.9,True,english,https://open.spotify.com/track/2VRcS0XeGrxzj4homr4VZI
3wNduc1fAUh5xreHB8njP1,Running Music - 2021 Remix,"Workout Music Gym, House Mix 2021, Workout Dance Music",6L0h1JhRtSMcBFcbdfk4m5|1uJzcqnMp62pVFbeu9QlPZ|7H8HorLUuOJzx3wqU3J5hV,Workout Songs (Dance Music Workout),50,59279,,131,0.7,0.4,0.55,-11.8,True,english,https://open.spotify.com/track/3wNduc1fAUh5xreHB8njP1
3JiWyK10ykDTHOa3Hy5koz,Running Music - EDM Running Workout,"Gym Motivation Music, Workout Music Gym",1i7wSeiTCjCJoekodpJMTd|6L0h1JhRtSMcBFcbdfk4m5,Workout Music 2026 (Workout Music Songs),50,154999,,145,0.72,0.67,0.4,-13.9,True,english,https://open.spotify.com/track/3JiWyK10ykDTHOa3Hy5koz
3RxKeOejCkJQrsHgAkz7BP,Running Playlist,Hot Beat Universe,4wC7SuWGv5zxNixbErqGyO,WORKOUT MUSIC 2025 WORKOUT MOTIVATION SONGS GYM BEASTMODE POWER,50,70599,,143,0.76,0.42,0.47,-6.3,True,english,https://open.spotify.com/track/3RxKeOejCkJQrsHgAkz7BP
44MlRAoQVkIlKTZ0UuOoo2,Running Playlist,Addison Zegan,3zuE0122UNQrC2pVyqIVnq,Running Playlist,50,92136,,136,0.66,0.42,0.54,-9.0,True,english,https://open.spotify.com/track/44MlRAoQVkIlKTZ0UuOoo2
78vyY75o1Gvk845IMSkTXJ,Running Prayers,Benz VAFM,3iWGxfjNMK9VYMpgzdxyp6,happy life,50,178000,,159,0.45,0.35,0.55,-13.2,True,english,https://open.spotify.com/track/78vyY75o1Gvk845IMSkTXJ
25JgkL2NH2OGcqiWNRCSQH,Running Running,"godgodo, Ryo",4adHIcs8BymqtDgiCtaoUv|0sNrOzDikCdBCK3wmuQWN9,Running Running,50,235664,,136,0.81,0.75,0.71,-7.6,True,english,https://open.spotify.com/track/25JgkL2NH2OGcqiWNRCSQH
3OTmVJM7UCKDHvaPqkg21O,Running Song,Tom N.Y.Demony,1DahgoWzfwHGH06GynyAQg,"Running Workout Songs: Running Songs, Training Music, Fast Songs for Gym, Wellness Center & Outdoor Running",50,145000,,170,0.47,0.77,0.8,-5.6,True,english,https://open.spotify.com/track/3OTmVJM7UCKDHvaPqkg21O
4agkXq116uAkAeJzAWmyvA,Running The City,Decent,7c6R2ije8zXKznpf58utlU,Running The City,50,193933,,160,0.86,0.65,0.4,-9.4,True,english,https://open.spotify.com/track/4agkXq116uAkAeJzAWmyvA
2KVIo4wr9oYCvvsZRLg8JW,Running Through My Head,Monsoon.,1FChofpC2Fcovw34KDTsMb,Running Through My Head,50,169864,,101,0.64,0.5,0.63,-10.7,True,english,https://open.spotify.com/track/2KVIo4wr9oYCvvsZRLg8JW
2mV1hLSw0lKffxzHXbLRk5,Running Trance Workout Music 2019 Top 100 Hits (2 Hr Continuous DJ Mix),"Running Trance, Workout Trance",6d2rvsdJjTrnKULsmDgVVR|3dlH8i1pYXu3xe9NFnAR60,Running Trance Workout Music 2019 Top 100 Hits 8hr DJ Mix,50,7105898,,107,0.55,0.63,0.66,-9.7,True,english,https://open.spotify.com/track/2mV1hLSw0lKffxzHXbLRk5
5VHhzwRj7t7H7mw1nVhmE3,Running Up That Hill,Nivlem,6Ia3RpsQFYRAbKO5IathVA,Running Up That Hill,50,179252,,175,0.57,0.22,0.36,-13.1,True,english,https://open.spotify.com/track/5VHhzwRj7t7H7mw1nVhmE3
4zgv6kA6NWsGswxXXg5rHU,Running Water,Saoco Studio,6nMPayKv29NEbLrvpzZMju,Running Water,50,141279,,164,0.62,0.5,0.77,-12.3,True,english,https://open.spotify.com/track/4zgv6kA6NWsGswxXXg5rHU
706hw6IEfIgE5QyKr9CrC8,Running Weight,Benz VAFM,3iWGxfjNMK9VYMpgzdxyp6,happy life,50,178000,,148,0.54,0.48,0.71,-12.6,True,english,https://open.spotify.com/track/706hw6IEfIgE5QyKr9CrC8
4bfVD8MH7DS1IK7oJqeG33,Running Well,Relaxing BGM Project,09lgO1DVsncVfcbm2OnNMg,Working Time Music,50,134163,,105,0.7,0.77,0.46,-6.5,True,english,https://open.spotify.com/track/4bfVD8MH7DS1IK7oJqeG33
4p7DTkyrKqT98xlIwYYfXz,Running Wild,Jin,5vV3bFXnN6D6N3Nj4xRvaV,Happy,50,151646,,122,0.84,0.28,0.7,-15.0,True,english,https://open.spotify.com/track/4p7DTkyrKqT98xlIwYYfXz
50zAEIE4B1QqhPjRMK2Xmh,Running Wild,Jin,5vV3bFXnN6D6N3Nj4xRvaV,Happy - :') (Remixes),50,151646,,164,0.76,0.61,0.49,-11.9,True,english,https://open.spotify.com/track/50zAEIE4B1QqhPjRMK2Xmh
1EEvAuVSb57ryIlNKuMWyr,Running Wild,Jin,5vV3bFXnN6D6N3Nj4xRvaV,Running Wild (Remixes),50,151646,,151,0.86,0.7,0.62,-12.7,True,english,https://open.spotify.com/track/1EEvAuVSb57ryIlNKuMWyr
45DB3yqxYGAnKN3YmLWbAX,Running Wild,Jin,5vV3bFXnN6D6N3Nj4xRvaV,Happy - :D (Remixes),50,151646,,123,0.44,0.72,0.41,-10.7,True,english,https://open.spotify.com/track/45DB3yqxYGAnKN3YmLWbAX
2hJSwrabNNHP8TP0GtfR8H,Running Wild,Artist Music Video,2Pfvfvau9dwkPmfP3CwsCL,Kanthean POP Album song,50,180106,,165,0.61,0.41,0.41,-6.0,True,english,https://open.spotify.com/track/2hJSwrabNNHP8TP0GtfR8H
34KNuPEp64xBu7bnzI77A5,Running Workout Music,Xtreme Cardio Workout,6LdYcUQhPIhkcQJZM7Tpok,Fast Aerobics Music (140 BPM): Fast Beat Music for Extreme Aerobics Workout,50,191000,,155,0.78,0.57,0.72,-9.7,True,english,https://open.spotify.com/track/34KNuPEp64xBu7bnzI77A5
68VRsWgdKLnyVZZuLTUWjs,Running Workout Songs,Rose Chilling Spin,2ZImlGT1y78x7YgUYZHRc0,"Running Workout Songs: Running Songs, Training Music, Fast Songs for Gym, Wellness Center & Outdoor Running",50,183000,,175,0.66,0.6,0.79,-7.7,True,english,https://open.spotify.com/track/68VRsWgdKLnyVZZuLTUWjs
0CadKsqEwZCi9njH7c8gw4,SAD,Ken,7yOR1XnoSsiUU4wf6xMnNI,SAD,50,113536,,170,0.87,0.8,0.62,-7.2,True,english,https://open.spotify.com/track/0CadKsqEwZCi9njH7c8gw4
03DK6y0bV0wkxVs4ZKdEKa,SANYA HARDTEKK - Slowed,"home4circus, 1NZZiDENT",3KpcZihtDYQR2OBEdhBjaE|4MuoaKFdoOfyIYA9y31GLg,SANYA HARDTEKK,50,168711,,159,0.49,0.86,0.67,-10.8,True,english,https://open.spotify.com/track/03DK6y0bV0wkxVs4ZKdEKa
4Z2rZvHaIPp17hrS9mfsPK,SATANISMO - SLOWED,HIMXN,50LbWtqqQeduRjJHLuwQed,SATANISMO,50,141333,,131,0.56,0.58,0.68,-13.5,True,english,https://open.spotify.com/track/4Z2rZvHaIPp17hrS9mfsPK
1NKhUxMfZMfDYfPGaWenLk,SEM DEMORA - Slowed,"Dj Samir, MXXNAVRA, SIXTINAGER",6U0dJxYVB41L8WDZ02Nwuk|2MQcsVEslLkZZdBWlb9vL0|2BMyfra4JbxaQO9d7XfB8n,SEM DEMORA,50,116593,,128,0.46,0.86,0.45,-5.5,True,english,https://open.spotify.com/track/1NKhUxMfZMfDYfPGaWenLk
1PeeJ8SNhGmvfWfiFENf4q,SEXY AND I KNOW IT - HARDTEKK ULTRA SLOWED,"HussinBeats, prodArvee",4b5EypNu5CuFruHhs56zXe|2Ar1pnjYDAQ3tgrAgvrkeR,Sexy and I Know It (Hardtekk),50,203428,,108,0.74,0.82,0.38,-14.6,True,english,https://open.spotify.com/track/1PeeJ8SNhGmvfWfiFENf4q
310LSDuQCyfTzXiDTEisKp,SLIDE SEQUÊNCIA ULTRAMORTAL - slowed X reverb,"DJ RICK 013, FR3ST, DJ TWOZ",3Cd3LHNXuJd9NudRiH1IxS|2YXKTfoEjKVzCNI0J6rHbQ|3Dri8Ht8HqJfISSS59M86F,SLIDE SEQUÊNCIA ULTRAMORTAL (slowed X reverb),50,126182,,117,0.41,0.3,0.33,-9.6,True,english,https://open.spotify.com/track/310LSDuQCyfTzXiDTEisKp
1GmaStjvbOzszpxINI8oTi,STRAP,Zehr Vibe,48cVwD5hffidwvlxLCc2pm,STRAP,50,162506,,138,0.5,0.74,0.48,-5.3,True,hindi,https://open.spotify.com/track/1GmaStjvbOzszpxINI8oTi
0iqV9MUkgidU4FDnrhpPTm,SYL,Sidhu Moose Wala,4PULA4EFzYTrxYvOVlwpiQ,SYL,50,250228,,179,0.51,0.55,0.72,-6.0,True,hindi,https://open.spotify.com/track/0iqV9MUkgidU4FDnrhpPTm
7k3jpyYPnVnbO0p7iejWxL,Saadda Haq,Mohit Chauhan,5GnnSrwNCGyfAU4zuIytiS,Rockstar,50,362662,,175,0.41,0.24,0.82,-13.2,True,hindi,https://open.spotify.com/track/7k3jpyYPnVnbO0p7iejWxL
2VbsZOtt3hLBjNatjeN4XV,Sady's Workout 2 (Interlude I),"Kaka Sady, Sikander Kahlon",4MkyBr9fmRHVsOmeyjk3N8|08mu3VEvLCIWDq4t0NNoTN,ARYA,50,137466,,135,0.78,0.7,0.4,-5.1,True,hindi,https://open.spotify.com/track/2VbsZOtt3hLBjNatjeN4XV
2A42grxCtmpqhHuyzXquxl,"Sakht Jaan - From ""83""","Pritam, Amit Mishra",1wRPtKGflJrBx9BmLsSwlU|12fCAscOzxgzRP8UMSgG1K,Bollywood Workout Hits,50,232131,,128,0.68,0.35,0.69,-9.7,True,hindi,https://open.spotify.com/track/2A42grxCtmpqhHuyzXquxl
6kWYigBhkWT2EINUNNtYr4,Salaam Rocky Bhai,"Vijay Prakash, Mohan Krishna, Santhosh Venky, Renjith Unni, Balraj Jagadeesh Kumar, Deepesh Ak, H.S. Srinivasa Murthy, Vijay Aurs, Abhishek Chaithra Soman, Chethan Naik",4iA6bUhiZyvRKJf4FNVX39|2U4KiBePibvnd8BIXtBvk7|1gpRRYfNURm0XJCyxUuH8Q|0gwiu2YjENIc80Dw6iaswA|3Gay1KEB0WNEosR9hz4N0M|34gnvApFvDNmEI0YdWpwea|4BGk3J3n2MdP1Lw9Vsa8yn|4JcNkX2slvFotxwbcl1eDZ|2BnjL103dLPThyJ2UNoDFi|3DaORH0Tws7WPuMKnQQj3Y,Kgf Chapter 1,50,245899,,179,0.64,0.22,0.8,-8.3,True,english,https://open.spotify.com/track/6kWYigBhkWT2EINUNNtYr4
5qucaB5FEqCZKKvFJjeYPA,Salam Rocky Bhai,Mohan,7EdTAVtoAnKfEoTFrl1BfS,Kgf Chapter 1,50,245942,,102,0.42,0.7,0.76,-15.0,True,hindi,https://open.spotify.com/track/5qucaB5FEqCZKKvFJjeYPA
6ZJTOegXz41VndG2F0b1zw,Salam Rocky Bhai (Tamil),"Vijay Prakash, Mohan Krishna, Santhosh Venky, Renjith Unni, Balaraj Jagadeesh Kumar, Yogi Sekar, Hs Srinivas Murthy, Vijay Aurs, Ravi Basrur, Kabilan",4iA6bUhiZyvRKJf4FNVX39|2U4KiBePibvnd8BIXtBvk7|1gpRRYfNURm0XJCyxUuH8Q|0gwiu2YjENIc80Dw6iaswA|6eRxCwy75GkK6rBXwrulsr|4n32jWbOVtfNDsOJAGQJcs|02azO7eZdoW8jf27zFOP4w|4JcNkX2slvFotxwbcl1eDZ|2q1LRGJHpFxovU8Tz6OgRn|2MxriAGmcX5lgQt3SFyru6,KGF Chapter 1 (Tamil),50,245998,,175,0.6,0.39,0.8,-13.9,True,english,https://open.spotify.com/track/6ZJTOegXz41VndG2F0b1zw
6VRkoiuTeLRWefru0iDVea,Sara Perche Ti Amo - Workout Remix 140 bpm,Hard EDM Workout,6A1PIjKax3t1iZQ4VKOegQ,Aerobic Super Hits 70s - 80s - 90s: 60 Minutes Mixed for Fitness & Workout 140 bpm/32 Count,50,192000,,162,0.46,0.36,0.75,-5.9,True,english,https://open.spotify.com/track/6VRkoiuTeLRWefru0iDVea
6V82IbLEmhPPC0JPPdJUO2,Sardaarji,"Diljit Dosanjh, Jatinder Shah, Veet Baljit",2FKWNmZWDBZR4dE5KX4plR|4vGVzTMuXsO1vb5YA8vKEr|4Ax6JQQBWP2BqmmcbVvZwl,Sardaarji (Original Motion Picture Soundtrack),50,128442,,156,0.46,0.76,0.36,-12.6,True,hindi,https://open.spotify.com/track/6V82IbLEmhPPC0JPPdJUO2
11r1eEZdFbd4tMF1sb6Gwy,Saroor - Panjab intro,"Arjan Dhillon, Mxrci",64DvMieEUCdrYKmEIhDt8G|5Us2dsq4VHlfLbKOrskg7K,Saroor - Panjab intro,50,211423,,131,0.86,0.28,0.4,-10.7,True,hindi,https://open.spotify.com/track/11r1eEZdFbd4tMF1sb6Gwy
6gv75riOTmGIzxzRp5wAhk,"Sauda Khara Khara - From ""Good Newwz""","Diljit Dosanjh, Sukhbir, Dhvani Bhanushali, Dj Chetas, Lijo George, Kumaar",2FKWNmZWDBZR4dE5KX4plR|7bcSOvqOKoyZqU41p5YuoJ|1OPqAyxsQc8mcRmoNBAnVk|1jPeDHvfU5Knw8VyOP6TZN|4VS3XraXs2LRsowQnQ7VFh|0m3D4grap8VFSzbJMqgNVk,Bollywood Workout Hits,50,211034,,143,0.7,0.79,0.48,-12.6,True,hindi,https://open.spotify.com/track/6gv75riOTmGIzxzRp5wAhk
5CF7jz03RrZ41WkOiVJUZZ,Say My Name,"HEDEGAARD, Arash",2ZuweXv0TkfsidZOLZZoM2|7hQmAXAzWI6D350VTgkKTG,KIN,50,154099,,148,0.53,0.49,0.4,-9.2,True,english,https://open.spotify.com/track/5CF7jz03RrZ41WkOiVJUZZ
3exoKRXFXu9lOdzaDsFA3I,Sensuality (Hindisong),Pilates Chart,0AX3YjUczRPzFlVL0Hsh3w,Pilates Workout Prime - Chillout and Lounge Beats,50,247338,,178,0.62,0.7,0.6,-7.0,True,hindi,https://open.spotify.com/track/3exoKRXFXu9lOdzaDsFA3I
3zGyagIXu6Q8L3o3RQO3mv,Sexy Bhangra Slow Down,DJ Kamal Supreme,5Oir5zMAdY6S88DH0brPwb,Bhangra Supreme Workout & Dance Party,50,348433,,99,0.74,0.33,0.71,-12.7,True,hindi,https://open.spotify.com/track/3zGyagIXu6Q8L3o3RQO3mv
62xrD9w4XY5CVxi95vZxL0,Sexy Now-Bonus Club Song,DJ Kamal Supreme,5Oir5zMAdY6S88DH0brPwb,Bhangra Supreme Workout & Dance Party,50,313057,,124,0.78,0.76,0.63,-13.0,True,hindi,https://open.spotify.com/track/62xrD9w4XY5CVxi95vZxL0
6P7QLiG8u1Yp0G4Fc537EJ,Sexy and I Know It - Cardio Workout Mix,Workout Music,5njMahLKD1tLJ5bejvqseV,Booty Blast! Cardio Workout,50,264587,,132,0.48,0.39,0.76,-6.7,True,english,https://open.spotify.com/track/6P7QLiG8u1Yp0G4Fc537EJ
6TYIver972Vl2N5AE9VRaM,Señorita - Workout Remix 135 bpm,SuperFitness,6L74J3BzylQkJF7rBXTpgT,Aerobic Hits Spring 2020: 60 Minutes Mixed for Fitness & Workout 135 bpm/32 Count,50,241780,,113,0.78,0.33,0.33,-5.5,True,english,https://open.spotify.com/track/6TYIver972Vl2N5AE9VRaM
16oxp1TOcD4nJqNiS5xHK6,Shaam Shaandaar,Amit Trivedi,7HCqGPJcQTyGJ2yqntbuyr,Bollywood Workout Hits,50,237463,,131,0.67,0.89,0.83,-7.2,True,hindi,https://open.spotify.com/track/16oxp1TOcD4nJqNiS5xHK6
6LSD1DRWEyuifutdWaODu9,Shake Your Bon Bon - Cardio Workout Mix,Workout Music,5njMahLKD1tLJ5bejvqseV,Booty Blast! Cardio Workout,50,273941,,143,0.84,0.67,0.79,-9.5,True,english,https://open.spotify.com/track/6LSD1DRWEyuifutdWaODu9
2jUExyRqs2R1D1TrlS0GXK,Shape of You - 150 Bpm Remix,Running 150 BPM,24OhttT7KfffxFcSENxWUL,"Running All Hits Dance 2018 Remix 150 Bpm Vol.2 (Musica para Correr , Fast Running, High Tempo, Intense Run, Treadmill, HIIT, Workout Beat)",50,185600,,101,0.59,0.35,0.86,-12.0,True,english,https://open.spotify.com/track/2jUExyRqs2R1D1TrlS0GXK
5uFTQHecijQHl9WedPrmCe,Shape of You - Remix,Workout Music,5njMahLKD1tLJ5bejvqseV,100 Gym & Fitness Workout Hits! Playlist,50,295892,,114,0.4,0.49,0.64,-5.3,True,english,https://open.spotify.com/track/5uFTQHecijQHl9WedPrmCe
0ai2binVSREuP7pU0dwVbW,Shape of You - Remix Workout,Remix Sport Workout,76gar07RrWf0m2G22OiqCc,Compilation Charts Pour Le Sport & Workout (Remix Fast Beat for Training & Fitness),50,173125,,164,0.52,0.76,0.75,-9.0,True,english,https://open.spotify.com/track/0ai2binVSREuP7pU0dwVbW
5G0sAz8qPLSibWjc0J7WWn,She Throw it Back (Unapologetic),Lil Dreaux,6IAVA12AhYbWd4AoiehNsD,Beast Mode,50,127658,,101,0.89,0.35,0.79,-5.6,True,english,https://open.spotify.com/track/5G0sAz8qPLSibWjc0J7WWn
6bQbWPUuR4Y0t987nwZStV,Sher Akela - Hindi Workout,Minns,109bXkunJD3qI4zj90x99F,Hindi Workout Mix 2026,50,200000,,101,0.6,0.33,0.41,-12.7,True,hindi,https://open.spotify.com/track/6bQbWPUuR4Y0t987nwZStV
502sh18C63Qh985B1qiVab,Sher Mode - Hindi Workout,Minns,109bXkunJD3qI4zj90x99F,Hindi Workout Mix 2026,50,200000,,110,0.62,0.68,0.53,-5.4,True,hindi,https://open.spotify.com/track/502sh18C63Qh985B1qiVab
02wSamDFepfYPibPGtLUvZ,Sher Sardar,Nirvair Pannu,4vIsAZx8AolYa6paJphDGY,Sher Sardar,50,163708,,141,0.64,0.25,0.77,-7.9,True,hindi,https://open.spotify.com/track/02wSamDFepfYPibPGtLUvZ
0DwW2Fg8CTa8ege7iv0caX,Sher-E-Panjab,Arjan Dhillon,64DvMieEUCdrYKmEIhDt8G,Patandar,50,151428,,177,0.44,0.37,0.64,-12.6,True,hindi,https://open.spotify.com/track/0DwW2Fg8CTa8ege7iv0caX
3cwfkwISKw1Zh6F3N7Vd0R,She’s Unstoppable | Girl Power Workout Music (Feel Good Energy),It's me Mali,69T8KSLr6VxoLGhdGUnlfY,She’s Unstoppable | Girl Power Workout Music (Feel Good Energy),50,211159,,131,0.77,0.58,0.43,-13.6,True,english,https://open.spotify.com/track/3cwfkwISKw1Zh6F3N7Vd0R
6FkRDuVYNX4sUFZZQNbUBp,Shine - Always Mirin Remix,"Spektrem, Always Mirin",1bNEG4iSClCqQRyZgho3YV|1bHV3u8ZUs2J2XNYxpvF8y,Shine (Always Mirin Remix),50,140000,,92,0.82,0.4,0.56,-7.7,True,english,https://open.spotify.com/track/6FkRDuVYNX4sUFZZQNbUBp
7yD11fzXacY6FKnFFiIvak,Shivers - Workout Remix 132 Bpm,Workout Music Tv,0k5KeG8St6LiePh5blOwwl,Step Music Must Haves 2023 Workout Compilation (60 Minutes Non-Stop Mixed Compilation for Fitness & Workout - 132 Bpm / 32 Count),50,232724,,103,0.8,0.84,0.4,-14.2,True,english,https://open.spotify.com/track/7yD11fzXacY6FKnFFiIvak
65MTYLIVMqZdMmR1jazF25,Shoorveer,"Rapperiya Baalam, Rajneesh Jaipuri, Honey Trouper",7FmygnepJt3fhiZQDmoC0P|3TwDjxq0xKO564mxocDOhJ|28rorpl1LBu1i80gqkBJ4K,Shoorveer,50,237947,,108,0.6,0.64,0.57,-11.9,True,english,https://open.spotify.com/track/65MTYLIVMqZdMmR1jazF25
7vl5itLV1s8yj7Rqm2LKaH,Shoorveer III,"Rapperiya Baalam, Jagirdar RV, Meetu Solanki, SHAMBHO, Rajneesh Jaipuri",7FmygnepJt3fhiZQDmoC0P|0jwEjjVUUOLop2Nhnoh16H|4LYY7MCgBn5wXuIt2UOfFq|5IzIL7dnJku61Le2Qv9Ehu|3TwDjxq0xKO564mxocDOhJ,Shoorveer III,50,213000,,97,0.57,0.46,0.42,-7.3,True,hindi,https://open.spotify.com/track/7vl5itLV1s8yj7Rqm2LKaH
3t6Y2oMDIPwCSnD7kHiy5v,Shooting Stars,Bag Raiders,6fXEqmGQEt6ONuqVmwrN46,Running Workout,50,235813,,151,0.9,0.61,0.41,-7.1,True,english,https://open.spotify.com/track/3t6Y2oMDIPwCSnD7kHiy5v
0W7qZ30ZaR5fw2odHQxEXX,Shot Yourself in the Foot Again (140 BPM),Intense Cardio Workout,4W84lCZ6Hke1AcpOdcpfKy,Intense Cardio Workout,50,230661,,149,0.63,0.21,0.64,-6.0,True,english,https://open.spotify.com/track/0W7qZ30ZaR5fw2odHQxEXX
2RxJLMlWYW9SrVyl7MNqPX,Show Me Love (120 BPM) Cardio,Personal Trainer Mike,6WJ9bBqJjJ3R1IH1KlsNXM,Fitness & Workout: Power Cycling Vol. 4,50,255893,,96,0.77,0.89,0.51,-10.8,True,english,https://open.spotify.com/track/2RxJLMlWYW9SrVyl7MNqPX
0xmmAL6ZUyc7aQSp5ypkp6,Show Me Love - Workout Remix 128 Bpm,Workout Music Tv,0k5KeG8St6LiePh5blOwwl,40 Best Aerobic & Cardio Songs Ever 90s Hits For Fitness & Workout (Unmixed Compilation for Fitness & Workout 128 - 142 Bpm / 32 Count),50,413942,,157,0.72,0.78,0.63,-9.1,True,english,https://open.spotify.com/track/0xmmAL6ZUyc7aQSp5ypkp6
1blcWImvhHcGk6jTbV1l3W,"Shut up & Bounce (From ""Dostana"") - 123 BPM","Vishal-Shekhar, Sunidhi Chauhan, Vishal Dadlani",6Mv8GjQa7LKUGCAqa9qqdb|3eDT9fwXKuHWFvgZaaYC5v|6CXEwIaXYfVJ84biCxqc9k,Workout Bollywood Style: 60 Mins Non Stop Mix,50,103040,,146,0.4,0.77,0.8,-6.5,True,hindi,https://open.spotify.com/track/1blcWImvhHcGk6jTbV1l3W
6LQZXEKpOBoJvHWpBiSqHb,Shwasat Raja Dhyasat Raja,"Devdutta Manisha Baji, Avadhoot Gandhi",2JWAqfpZpVmQ5nfYHVFn76|76KC03jmQZLCsLw5ZfbQVF,Pawankhind,50,128550,,104,0.62,0.52,0.4,-6.9,True,hindi,https://open.spotify.com/track/6LQZXEKpOBoJvHWpBiSqHb
5B4EIoxmAn33hzZngATMyD,"Slow Motion Angreza (From ""Bhaag Milkha Bhaag"") - 126 BPM",Shankar-Ehsaan-Loy,0L5GV6LN8SWWUWIdBbTLTZ,Workout Bollywood Style: 60 Mins Non Stop Mix,50,134933,,108,0.85,0.72,0.3,-8.8,True,hindi,https://open.spotify.com/track/5B4EIoxmAn33hzZngATMyD
4wPGjT0C43S1auAbU3UFsT,"Slowly Slowly (From ""Go Goa Gone"") - 160 - 120 BPM",Sachin-Jigar,1mBydYMVBECdDmMfE2sEUO,Workout Bollywood Style: 30 Mins Non Stop Mix,50,136986,,95,0.78,0.26,0.33,-6.5,True,hindi,https://open.spotify.com/track/4wPGjT0C43S1auAbU3UFsT
4gALbsR5lrr8wjDZFpZDsc,"Slowly Slowly (From ""Go Goa Gone"") - 160 BPM",Sachin-Jigar,1mBydYMVBECdDmMfE2sEUO,Workout Bollywood Style: 60 Mins Non Stop Mix,50,130039,,166,0.8,0.68,0.51,-9.3,True,hindi,https://open.spotify.com/track/4gALbsR5lrr8wjDZFpZDsc
5xqdoYgBItHW69T9WcbDr1,"Smashup With Guru Randhawa (From ""Smashup With Guru Randhawa"")","Guru Randhawa, DJ Shadow Dubai",5rQoBDKFnd1n6BkdbgVaRL|3qnsN7WTgndwqTiBHelp6S,Fit & Fab - Punjabi Workout Beats,50,181833,,159,0.59,0.55,0.43,-11.6,True,hindi,https://open.spotify.com/track/5xqdoYgBItHW69T9WcbDr1
1oKnTYLfgP73iLGDT41zr9,Smooth Workout,Various Artists,0LyfQWJT6nXafLPZqxe9Of,Fitness Workout Beats,50,341844,,168,0.46,0.47,0.71,-10.3,True,english,https://open.spotify.com/track/1oKnTYLfgP73iLGDT41zr9
5PdLhmHOy2dnnFIMrj8in0,So High,Sidhu Moose Wala,4PULA4EFzYTrxYvOVlwpiQ,So High,50,233766,,173,0.44,0.86,0.68,-9.9,True,hindi,https://open.spotify.com/track/5PdLhmHOy2dnnFIMrj8in0
0xSgI2vzqHSS57uEVQ7E4z,Someone You Loved - Running Workout 145 BPM,Workout Music,5njMahLKD1tLJ5bejvqseV,50 Running 2020! Fitness & Workout 140 - 155 BPM,50,251590,,140,0.52,0.42,0.56,-12.7,True,english,https://open.spotify.com/track/0xSgI2vzqHSS57uEVQ7E4z
2pmt56Ao1p1VANfYjD5NTH,Something Just Like This - Remix,Workout Music,5njMahLKD1tLJ5bejvqseV,100 Gym & Fitness Workout Hits! Playlist,50,267306,,144,0.64,0.29,0.47,-6.5,True,english,https://open.spotify.com/track/2pmt56Ao1p1VANfYjD5NTH
7bAF4enyyu0TtBPNGe5Yz0,"Sooraj Hi Chhaon Banke (From ""Salaar Cease Fire - Hindi"")","Ravi Basrur, Riya Mukherjee, Menuka Poudel",2q1LRGJHpFxovU8Tz6OgRn|3tbZvcC2kvWyAEWHwtUTp2|6BD6ThUkPyifXTNuGuh0Us,"Sooraj Hi Chhaon Banke (From ""Salaar Cease Fire - Hindi"")",50,198000,,110,0.65,0.69,0.81,-14.4,True,hindi,https://open.spotify.com/track/7bAF4enyyu0TtBPNGe5Yz0
0DShinPuxKAcV1tj0cTPCs,"Sooraj Hi Chhaon Banke (From ""Salaar Cease Fire - Hindi"")","Ravi Basrur, Riya Mukherjee, Menuka Poudel",2q1LRGJHpFxovU8Tz6OgRn|3tbZvcC2kvWyAEWHwtUTp2|6BD6ThUkPyifXTNuGuh0Us,Salaar Cease Fire - Hindi (Original Motion Picture Soundtrack),50,198000,,138,0.58,0.42,0.42,-6.6,True,hindi,https://open.spotify.com/track/0DShinPuxKAcV1tj0cTPCs
5zYjM0fFPu0MxO0L2UXzMr,Soorma,Diljit Dosanjh,2FKWNmZWDBZR4dE5KX4plR,Soorma,50,206146,,94,0.84,0.31,0.55,-14.2,True,hindi,https://open.spotify.com/track/5zYjM0fFPu0MxO0L2UXzMr
01d8tSqJUrPlK1l8FwgsCF,Soorma Anthem,"Shankar-Ehsaan-Loy, Shankar Mahadevan",0L5GV6LN8SWWUWIdBbTLTZ|1SJOL9HJ08YOn92lFcYf8a,Soorma (Original Motion Picture Soundtrack),50,251991,,156,0.45,0.41,0.56,-5.2,True,english,https://open.spotify.com/track/01d8tSqJUrPlK1l8FwgsCF
4fzh5t4XkMP7FNLpq8132a,Soorma Anthem,"Shankar-Ehsaan-Loy, Shankar Mahadevan",0L5GV6LN8SWWUWIdBbTLTZ|1SJOL9HJ08YOn92lFcYf8a,Soorma (Original Motion Picture Soundtrack [Deluxe Edition]),50,251991,,99,0.5,0.31,0.72,-10.2,True,english,https://open.spotify.com/track/4fzh5t4XkMP7FNLpq8132a
059L6a4II9HbJzNzMOhCzo,Sorry,Fitness Junkies,3AZ905Bp8k4v9CeTZ0xQft,Feel Good Workout,50,199700,,142,0.57,0.69,0.79,-7.2,True,english,https://open.spotify.com/track/059L6a4II9HbJzNzMOhCzo
6GFtWQYco30oKpMr5xJwy2,"Soul of Doctor (Theme) [From ""Doctor""]","Anirudh Ravichander, Niranjana Ramanan",4zCH9qm4R2DADamUHMCa6O|3GB9ulskXfPOQCzw0SNEDx,"Soul of Doctor (Theme) [From ""Doctor""]",50,63711,,131,0.72,0.33,0.5,-9.1,True,english,https://open.spotify.com/track/6GFtWQYco30oKpMr5xJwy2
2MXZum3HLc96cV0h13bEwH,Sound Dum Dum Full Bass,Rian DTM,3Eo0dZwljs3jIEY8IdA3UB,Sound Dum Dum Full Bass,50,134706,,126,0.7,0.5,0.65,-8.7,True,english,https://open.spotify.com/track/2MXZum3HLc96cV0h13bEwH
7vIYYAT9CjqlvIOPQ55crz,Special Op (The Shield),"WWE, Jim Johnston",0spHbv2fw49lDMkbOAdaqX|6irRU9KRGb0cMtlsBZMg2i,WWE: WrestleMania - The Music 2013,50,172769,,121,0.66,0.56,0.47,-8.2,True,english,https://open.spotify.com/track/7vIYYAT9CjqlvIOPQ55crz
55jYGHCG3K79x5mfHzUVTS,Speed Run Workout Music,Hot Beat Universe,4wC7SuWGv5zxNixbErqGyO,WORKOUT MUSIC 2025 WORKOUT MOTIVATION SONGS GYM BEASTMODE POWER,50,127319,,168,0.74,0.31,0.65,-12.2,True,english,https://open.spotify.com/track/55jYGHCG3K79x5mfHzUVTS
7JZQSxkc0LLh7cahIvDKIy,"Stand Up (From ""Harriet"")",Danish National Symphony Orchestra,6kClxEibflIbA231B95OYX,Workout - Powerful Film Music for Running,50,328339,,167,0.52,0.42,0.56,-8.2,True,english,https://open.spotify.com/track/7JZQSxkc0LLh7cahIvDKIy
4Js9SkcxzHpAzCjUca1c8T,Stay Forever,Hanbit Yu,6EwFg9rHS30Z3GWgMlyHf9,"RUNNING & WORKOUT, Vol. 17",50,274480,,108,0.47,0.58,0.39,-7.2,True,english,https://open.spotify.com/track/4Js9SkcxzHpAzCjUca1c8T
1QelUxwsoFbryTRqzIou3L,Stay The Night,"Zedd, Hayley Williams",2qxJFvFYMEDqd7ui6kSAcq|6Rx1JKzBrSzoKQtmbVmBnM,Running Workout,50,217346,,178,0.55,0.35,0.65,-11.3,True,english,https://open.spotify.com/track/1QelUxwsoFbryTRqzIou3L
0RoiqSAT52N9UPinDkOs88,Steady Now,Hanbit Yu,6EwFg9rHS30Z3GWgMlyHf9,"RUNNING & WORKOUT, Vol. 17",50,254880,,170,0.53,0.41,0.31,-11.2,True,english,https://open.spotify.com/track/0RoiqSAT52N9UPinDkOs88
6oz1L5jcqZWYuId7nxvIan,Still Rollin,Shubh,5r3wPya2PpeTTsXsGhQU8O,Still Rollin,50,174730,,136,0.79,0.63,0.87,-14.4,True,hindi,https://open.spotify.com/track/6oz1L5jcqZWYuId7nxvIan
7IAaPsAN0VhN3ctCUQTzHU,Storm Funk,sakio!,3PXwmEQ8kK2h4TV3HYMqq7,Storm Funk,50,138739,,172,0.47,0.33,0.32,-13.2,True,english,https://open.spotify.com/track/7IAaPsAN0VhN3ctCUQTzHU
5grRcfba7Yl3XV7iEf5h7N,Straight Up Bhangra,Nick Dhillon,0NoS2kDSOwTtTCcI7BXMx4,Straight Up Bhangra,50,460408,,125,0.85,0.47,0.73,-12.4,True,hindi,https://open.spotify.com/track/5grRcfba7Yl3XV7iEf5h7N
6C4zDUv7NpDxmvyakCGnKf,Strong Enough,"Saabi Bhinder, Yaari Ghuman",7balJhYEvDHAshA39peuCr|1joJsPgNOvnSwUlCKwst3N,Strong Enough,50,190464,,104,0.64,0.68,0.53,-14.2,True,hindi,https://open.spotify.com/track/6C4zDUv7NpDxmvyakCGnKf
2NBddnuf78T5IPgc23wsCC,Stronger - Train Hard Mix,"FITNESS HITS 2018, Fitness & Workout Hits 2019, Disco Fitness Crew",2lfxdF1M0a0FAernvS1NrK|1pBenZndhL0P8r1TjrRwLy|13UO96YgXmc0Eqj1MacNcv,Fitness Training Music,50,171692,,139,0.62,0.3,0.48,-7.5,True,english,https://open.spotify.com/track/2NBddnuf78T5IPgc23wsCC
7b8Qf9SQqMm6n2NpR4GlRn,Stronger 2015 (Cardio Workout Remix),DJ Keen,4qvArXhnLauGZ5BBmJ3MJS,"Cardio Hitmix! All Hits 3 (140-155 BPM, 32-Count, Nonstop Fitness & Workout)",50,142746,,96,0.62,0.4,0.78,-8.9,True,english,https://open.spotify.com/track/7b8Qf9SQqMm6n2NpR4GlRn
3Guqosz0NbZBCuX3zffotF,Stronger 2015 (Workout Remix),DJ Keen,4qvArXhnLauGZ5BBmJ3MJS,"Fitness Power Hour, All Hits Workout (32-Count Nonstop Cardio Music Mix @ 135 BPM)",50,199106,,108,0.51,0.44,0.7,-11.6,True,english,https://open.spotify.com/track/3Guqosz0NbZBCuX3zffotF
0pLnLNU6kGHFvcaFZhmITO,Stronger Soul | Punjabi Gym Anthem,Happe Dudde Music,6syGk3LM53axcJfbtkqSCv,Stronger Soul | Punjabi Gym Anthem,50,132559,,170,0.53,0.44,0.7,-14.4,True,hindi,https://open.spotify.com/track/0pLnLNU6kGHFvcaFZhmITO
10ttuLNkvNR1ZHlkS415SL,Stubborn,Surjit Khan,2NCZYytsjPe7RsYwCblxyl,Stubborn,50,240558,,118,0.54,0.86,0.81,-8.3,True,hindi,https://open.spotify.com/track/10ttuLNkvNR1ZHlkS415SL
12PfF1yMoqmSSaSdTuhxlS,Suit Punjabi,Jass Manak,2P9JaCtpbQSuZOgvtPrUJ8,Suit Punjabi,50,201745,,133,0.84,0.35,0.83,-10.5,True,hindi,https://open.spotify.com/track/12PfF1yMoqmSSaSdTuhxlS
3kSBSSsXtebECjCggW87yq,Sultan,"Vishal-Shekhar, Sukhwinder Singh, Shadab Faridi, Irshad Kamil",6Mv8GjQa7LKUGCAqa9qqdb|19MVxKZZdPj2X0F8pi0OCT|6WixbETKEXH0xBf0OB9kRB|3GdSQUH1BRtl9UrrtuwJlP,Sultan,50,280137,,172,0.69,0.3,0.66,-12.8,True,hindi,https://open.spotify.com/track/3kSBSSsXtebECjCggW87yq
4aO9pvX2kTJTdmJqc0YRsr,Sultan,"Ananya Bhat, Mohan Krishna, Santhosh Venky, Renjith Unni, Balraj Jagadeesh Kumar, Deepesh Ak, H.S. Srinivasa Murthy, Vijay Aurs, Abhishek Chaithra Soman, Chethan Naik",4JczWHls9n9VpTHnqO2IG8|2U4KiBePibvnd8BIXtBvk7|1gpRRYfNURm0XJCyxUuH8Q|0gwiu2YjENIc80Dw6iaswA|3Gay1KEB0WNEosR9hz4N0M|34gnvApFvDNmEI0YdWpwea|4BGk3J3n2MdP1Lw9Vsa8yn|4JcNkX2slvFotxwbcl1eDZ|2BnjL103dLPThyJ2UNoDFi|3DaORH0Tws7WPuMKnQQj3Y,Kgf Chapter 1,50,217524,,138,0.76,0.63,0.59,-10.9,True,hindi,https://open.spotify.com/track/4aO9pvX2kTJTdmJqc0YRsr
5Xs0dq9E990wjemFERsIdd,"Sultan (From ""Sultan"")","Vishal-Shekhar, Sukhwinder Singh, Shadab Faridi, Irshad Kamil, Vishal-Shekhar, Sukhwinder Singh, Shadab Faridi, Irshad Kamil",6Mv8GjQa7LKUGCAqa9qqdb|19MVxKZZdPj2X0F8pi0OCT|6WixbETKEXH0xBf0OB9kRB|3GdSQUH1BRtl9UrrtuwJlP|2d65LTDYNF4dUojAQt3Y6O,YRF Top 10 - Bollywood Workout Beats,50,280137,,150,0.82,0.82,0.77,-12.9,True,hindi,https://open.spotify.com/track/5Xs0dq9E990wjemFERsIdd
6ZJX3FWzXqGruGjqUXPFbg,Sultan - Workout Remix,"Vishal-Shekhar, Sukhwinder Singh, Shadab Faridi, Irshad Kamil",6Mv8GjQa7LKUGCAqa9qqdb|19MVxKZZdPj2X0F8pi0OCT|6WixbETKEXH0xBf0OB9kRB|3GdSQUH1BRtl9UrrtuwJlP,Sultan - Workout Remix,50,205714,,92,0.84,0.35,0.8,-9.7,True,hindi,https://open.spotify.com/track/6ZJX3FWzXqGruGjqUXPFbg
2WAEq2jp8u5hA2oazj1ZOd,Sulthan,"Brijesh Shandilya, Mohan Krishna, Others, Ravi Basrur, Shabbir Ahmed",3gdKEsvYBUHdtLMmECIN4q|2U4KiBePibvnd8BIXtBvk7|4YAiXqzDxHMwRInE0gSmy5|2q1LRGJHpFxovU8Tz6OgRn|1BUvhZVREaxwBVKJjPyBre,KGF Chapter 2 (Hindi),50,225517,,119,0.8,0.89,0.68,-8.7,True,hindi,https://open.spotify.com/track/2WAEq2jp8u5hA2oazj1ZOd
0avZTcyglSN3DMenBBimIr,Sulthana,"Deepak Blue, Govind Prasad, Yogi Sekar, Mohan Krishna, Santhosh Venky, Sachin Basrur, Ravi Basrur, Puneeth Rudranag, Manish Dinakar, Vaish",5iFKS1bnBNFWBAmd7mi0vf|2XzJ8aeBoI3YXBnaYVgDUh|4n32jWbOVtfNDsOJAGQJcs|2U4KiBePibvnd8BIXtBvk7|1gpRRYfNURm0XJCyxUuH8Q|6CdktQ3MYk5JwJHq1OajZG|2q1LRGJHpFxovU8Tz6OgRn|6oLN9TELPauBfctYeWPtYP|70HfG4IYLoQ6X4jyxUSmXw|3UUCWlU2bPEuKMAoUeiJBD,Kgf Chapter 2 [TAMIL],50,225069,,158,0.7,0.82,0.77,-6.5,True,english,https://open.spotify.com/track/0avZTcyglSN3DMenBBimIr
1zMMaXKW1YKnkA86l0nwxM,"Sulthana (From ""Kgf Chapter 2"")","Deepak Blue, Govind Prasad, Yogi Sekar, Mohan Krishna, Santhosh Venky, Sachin Basrur, Ravi Basrur, Puneeth Rudranag, Manish Dinakar, Vaish",5iFKS1bnBNFWBAmd7mi0vf|2XzJ8aeBoI3YXBnaYVgDUh|4n32jWbOVtfNDsOJAGQJcs|2U4KiBePibvnd8BIXtBvk7|1gpRRYfNURm0XJCyxUuH8Q|6CdktQ3MYk5JwJHq1OajZG|2q1LRGJHpFxovU8Tz6OgRn|6oLN9TELPauBfctYeWPtYP|70HfG4IYLoQ6X4jyxUSmXw|3UUCWlU2bPEuKMAoUeiJBD,"Sulthana (From ""Kgf Chapter 2"")",50,225069,,137,0.52,0.67,0.69,-13.1,True,english,https://open.spotify.com/track/1zMMaXKW1YKnkA86l0nwxM
5mqwE9AEBiAvgIPfHG2hWi,Summer,JLUIS,0JJGC08V0vPCsxCj06wju3,Summer,50,197540,,122,0.62,0.36,0.62,-12.3,True,english,https://open.spotify.com/track/5mqwE9AEBiAvgIPfHG2hWi
19juoTWiiszU8kZHfbAjRw,Summer Days,Calvin Sparks,5L3tDES2g4W1GTuL6FDfj9,Cardio Gym Workout,50,163317,,135,0.6,0.82,0.77,-8.6,True,english,https://open.spotify.com/track/19juoTWiiszU8kZHfbAjRw
3eoxzqrUUuGCTw8IUeeqcH,Sunday,"Dilpreet Dhillon, Gurlez Akhtar, Kaptaan",5CGQa62CAweD76eHlDmp1m|55kkrbuMkdzPGD7YGA6xrJ|0F4kRjMBP6NrjpEBEoL0Xb,Let's Go,50,210731,,149,0.64,0.65,0.54,-5.4,True,hindi,https://open.spotify.com/track/3eoxzqrUUuGCTw8IUeeqcH
3AyX6QFPIW26fUagmtFgR7,Sunrise Cardio Flow,Music for exercise,2GscQvMMC8VPOjlHOSMrTb,Morning exercise music,50,121839,,122,0.86,0.79,0.48,-7.4,True,english,https://open.spotify.com/track/3AyX6QFPIW26fUagmtFgR7
26mpNJlOu4iDbqUhzh6z0C,Sunrise On The Floor,Chris Ocean,2SbwOMGoda4SPXXckWMaXl,Sunrise On The Floor,50,151048,,122,0.8,0.3,0.49,-6.3,True,english,https://open.spotify.com/track/26mpNJlOu4iDbqUhzh6z0C
5UGrftqh9U3zKQUt3vs7Ob,Supreme,Shubh,5r3wPya2PpeTTsXsGhQU8O,Supreme,50,178311,,147,0.59,0.75,0.37,-6.4,True,hindi,https://open.spotify.com/track/5UGrftqh9U3zKQUt3vs7Ob
3eaGXw6pkICedCu6Cboru7,Supreme,NseeB,58o8gC55d5XSsI2MlTZ3M5,Supreme,50,172000,,162,0.5,0.68,0.55,-14.5,True,hindi,https://open.spotify.com/track/3eaGXw6pkICedCu6Cboru7
38kTbVWvmFwLUjIwffzcln,Sweet But Psycho - Workout Remix 150 bpm,Hard EDM Workout,6A1PIjKax3t1iZQ4VKOegQ,Cardio Workout: Fat Burning Music 2019 (60 Minutes Mixed for Fitness & Workout 150 bpm/32 count),50,179200,,164,0.86,0.67,0.36,-12.7,True,english,https://open.spotify.com/track/38kTbVWvmFwLUjIwffzcln
1ExmiOHdYP6MHFKKPUOMH5,Sweet Dreams (Are Made of This) - Workout Aerobic Instrumental Mix,DJ Kemen,1kKDD7Q6FidAVo6oZjTy1o,"Workout Aerobic Instrumentals (Best Music for Gym, Aerobics, Workout, Cardio, Running, Cycling, and Body Training Workout Songs)",50,143268,,91,0.86,0.71,0.66,-9.7,True,english,https://open.spotify.com/track/1ExmiOHdYP6MHFKKPUOMH5
03KF7XCjkTVMKtoSQOXlxo,T D K,"Sukh, Harry Barry",4BWpu8yqRBhrZfXp1K3e2t|6Q3C29AxAxeDvYAVDmCyOU,T D K,50,164085,,174,0.83,0.63,0.64,-13.6,True,hindi,https://open.spotify.com/track/03KF7XCjkTVMKtoSQOXlxo
0oI0I5uN7L6ctuZa9nsGOq,TACA TACA,"Nulteex, Dj Samir, acronym.",2KpRPEeU6cKWTdSpdKL2zj|6U0dJxYVB41L8WDZ02Nwuk|5GFRLmuyDjzaobJ5xRFAU0,TACA TACA,50,98173,,92,0.45,0.83,0.54,-7.2,True,english,https://open.spotify.com/track/0oI0I5uN7L6ctuZa9nsGOq
2z34iwqidmb3dj91KhM4W9,TARANA DIN - Hyper Slowed,Akhmedov,1YPbLR5feecKwPHhujIvGQ,TARANA DIN,50,173714,,118,0.57,0.7,0.65,-6.3,True,english,https://open.spotify.com/track/2z34iwqidmb3dj91KhM4W9
66YaAlJxq87AIOhO0WsuIe,TE DURO - SLOWED,Kickss,3s2kp19prDpglj8A5U8Jlz,TE DURO,50,110596,,131,0.57,0.75,0.89,-6.8,True,english,https://open.spotify.com/track/66YaAlJxq87AIOhO0WsuIe
4LzZMCNM4yLkuyqhYBMlU8,TELL ME,"Acid Boyz, Loud Lex",1K078F4kwAcsOerdCs4m8a|0PWPchdJfpXupGU4lphwnz,TELL ME,50,133333,,144,0.66,0.5,0.55,-7.1,True,english,https://open.spotify.com/track/4LzZMCNM4yLkuyqhYBMlU8
5fbC10uq63kWj2Begp4DeM,THE HANUMAN CHALISA RAP,"PRITH V, Superstar Beatz",71RYvQQ7Z25xllai2xKTsW|201G9dELgC7cLmYJECmPVq,THE HANUMAN CHALISA RAP,50,150000,,111,0.61,0.24,0.32,-8.0,True,english,https://open.spotify.com/track/5fbC10uq63kWj2Begp4DeM
6eh6EgDdqQPfHd09BE9lNL,TNT,"Jxggi, Sickboi",3fD8S8sslhiMSVOdXv8yuG|2RSjOH1tYnTgkpkz81WICb,TNT,50,150588,,125,0.52,0.62,0.48,-15.0,True,hindi,https://open.spotify.com/track/6eh6EgDdqQPfHd09BE9lNL
2g1xV52whvlHTmBSJ9vxdl,TUESDAY (HARDTEKK) - SLOWED,MEZZIA,6QnzI8aV6MgpQlqGjizPGF,TUESDAY (HARDTEKK),50,217526,,100,0.64,0.25,0.33,-7.5,True,english,https://open.spotify.com/track/2g1xV52whvlHTmBSJ9vxdl
1hRMXpim0PGwMP3EwHGo2C,TURAN - Slowed,"ASTXR, MC ETERNA",0rBrjQPcLqHj1Jk8Jvw7Xj|6Wk8MFX6Q0hAe7cc7WCUlg,TURAN,50,122263,,122,0.54,0.47,0.56,-7.5,True,english,https://open.spotify.com/track/1hRMXpim0PGwMP3EwHGo2C
4z84TgTMY288zcBg35a61F,Tabata - Rockin' Bhangra,GroupXremixers!,0TMn661seIMTxjrxYLHkFf,"Tabata Workout 2015, 20 / 10 Intervals (12 Edm & Hip Hop Tracks with Vocal Cues )",50,256680,,127,0.86,0.52,0.4,-14.1,True,hindi,https://open.spotify.com/track/4z84TgTMY288zcBg35a61F
3hqzbMffyLkpEPAb7ZVYYh,Tabata Bass House - HIIT Tabata Songs,"Workout Music Gym, House Mix 2021, Workout Dance Music",6L0h1JhRtSMcBFcbdfk4m5|1uJzcqnMp62pVFbeu9QlPZ|7H8HorLUuOJzx3wqU3J5hV,Workout Songs (Dance Music Workout),50,152400,,152,0.77,0.52,0.86,-7.2,True,english,https://open.spotify.com/track/3hqzbMffyLkpEPAb7ZVYYh
0IZ3RtWs5XJ02Y0avEKyqB,Tabata Cardio Workout,Palm Analogue,1lEeTZVz26Cbk1iLZRsQOa,The Back Table Was Taking Its Time,50,245106,,95,0.62,0.81,0.77,-5.9,True,english,https://open.spotify.com/track/0IZ3RtWs5XJ02Y0avEKyqB
2VIMPNM0ojeLMSyP8MHyrC,Tabata House - Workout Mix 2020,"Workout Music Gym, Workout Dance Music",6L0h1JhRtSMcBFcbdfk4m5|7H8HorLUuOJzx3wqU3J5hV,Gym Workout Music,50,115588,,169,0.42,0.5,0.8,-13.1,True,english,https://open.spotify.com/track/2VIMPNM0ojeLMSyP8MHyrC
0M8w6Q3wW4gG7eazhAZ0tq,Tabla Workout,Ocean Bay World,34VcOZurhhIYfPG2bBH7k9,Best Bhangra Dhol Beats,50,209165,,121,0.52,0.38,0.31,-11.3,True,hindi,https://open.spotify.com/track/0M8w6Q3wW4gG7eazhAZ0tq
2jw5G0AkYS5Xk1REWExSE0,Take it to the floor (Bangra Cha Cha),"sndy, Dj Melex",4am1kkF5am6Zck8E5MQ9Bl|3LVUgzWuFaoOtQMz6Hrwaj,SNDY Music Flow 8,50,168000,,147,0.52,0.47,0.85,-12.3,True,english,https://open.spotify.com/track/2jw5G0AkYS5Xk1REWExSE0
5KnRdrQmpfcZdCpsYALG7P,Tareefan,"QARAN, Badshah",0KDEADL3DeTLtENG3DliCd|0y59o4v8uw5crbN9M3JiL1,Bollywood Workout Hits,50,186122,,112,0.7,0.77,0.58,-7.7,True,hindi,https://open.spotify.com/track/5KnRdrQmpfcZdCpsYALG7P
7hSCE8mZlbdUoK9m9FaVy5,Techno Bhangra,DJ Kamal Supreme,5Oir5zMAdY6S88DH0brPwb,Bhangra Supreme Workout & Dance Party,50,237900,,130,0.44,0.42,0.5,-6.2,True,hindi,https://open.spotify.com/track/7hSCE8mZlbdUoK9m9FaVy5
1cJJimhJDOYOVWYWMThUJq,Teeje Week - Remix - Bass Boosted,"Jordan Sandhu, The Boss",3TozxPbDes76aGFdfv7PMv|4BscBE6XCuJCR1ceYuqELH,Punjabi Power Workout,50,190578,,165,0.52,0.66,0.38,-11.3,True,hindi,https://open.spotify.com/track/1cJJimhJDOYOVWYWMThUJq
3lbR9gWf61TxdrilhS1CGM,Teeje Week - Remix - Bass Boosted,"Jordan Sandhu, The Boss",3TozxPbDes76aGFdfv7PMv|4BscBE6XCuJCR1ceYuqELH,Teeje Week (Remix - Bass Boosted),50,190578,,104,0.55,0.71,0.69,-6.1,True,hindi,https://open.spotify.com/track/3lbR9gWf61TxdrilhS1CGM
1pTFtjnUNy3lpsQRhdQ9sX,Temperature - Workout Energy Mix,Workout Music,5njMahLKD1tLJ5bejvqseV,Boot Camp Style Workout! Fitness Music,50,211013,,94,0.58,0.35,0.73,-11.3,True,english,https://open.spotify.com/track/1pTFtjnUNy3lpsQRhdQ9sX
29tJ6To3a08qd10ilG9nTx,Tera Baap Aaya,"Farhad Bhiwandiwala, Vikram Montrose",4MXbaLKhqWdVXp5RzYQPa0|0aXLGxJ65wok0y1bVG6flg,Gym Vibes Bollywood,50,164979,,134,0.46,0.33,0.4,-7.5,True,hindi,https://open.spotify.com/track/29tJ6To3a08qd10ilG9nTx
2vXN3G1NOT95vHTl0BWiak,Teri Gall Boldi,Raagline Studio,7iWaDtG4gUdoDRxJovnNvx,Punjabi Mashup Gym Edition vol.1,50,147040,,162,0.88,0.23,0.81,-11.8,True,hindi,https://open.spotify.com/track/2vXN3G1NOT95vHTl0BWiak
3xDUZiVLPzLPdluTBlgywz,"Thadaiyara (From ""Kingdom"")(Tamil)","Anirudh Ravichander, Ritesh G Rao, Super Subu",4zCH9qm4R2DADamUHMCa6O|2n2CcYTvgrHcpKGDHtelgz|6sXT8Cggm4tmoxhVjaUVs0,"Thadaiyara (From ""Kingdom"")(Tamil)",50,305000,,151,0.7,0.44,0.65,-13.1,True,english,https://open.spotify.com/track/3xDUZiVLPzLPdluTBlgywz
6I00HxmqejDkWLdS4WYAr8,Thaka Thaka,"Rajesh Murugesan, Shabareesh Varma",0dbzsYBJZ4XZUcrgts3kWf|7hSF5IJpSsH6PVSrqJfqki,Neram (Original Motion Picture Soundtrack),50,220933,,134,0.54,0.76,0.77,-11.4,True,english,https://open.spotify.com/track/6I00HxmqejDkWLdS4WYAr8
5G9Ss3mudUihJWtDoYHSs4,Thalai Viduthalai,"Anirudh Ravichander, Harish Swaminathan",4zCH9qm4R2DADamUHMCa6O|3DFIYtEdg2hh7dz3g7idaX,Vivegam (Original Motion Picture Soundtrack),50,195434,,159,0.49,0.35,0.69,-11.3,True,english,https://open.spotify.com/track/5G9Ss3mudUihJWtDoYHSs4
00yTVQE3eIFc21kA76tyJs,"Thalai Viduthalai (From ""Vivegam"")","Anirudh Ravichander, Harish Swaminathan",4zCH9qm4R2DADamUHMCa6O|3DFIYtEdg2hh7dz3g7idaX,"Thalai Viduthalai (From ""Vivegam"")",50,195434,,111,0.55,0.57,0.39,-13.7,True,english,https://open.spotify.com/track/00yTVQE3eIFc21kA76tyJs
1UBTWr92y3Nh93TewXycYS,Thalapathy Vetri Kondan,"Anirudh Ravichander, Vivek",4zCH9qm4R2DADamUHMCa6O|25Pa1Vz1ZuTHmXPiYeMcgx,Jana Nayagan,50,102033,,177,0.89,0.24,0.31,-12.8,True,english,https://open.spotify.com/track/1UBTWr92y3Nh93TewXycYS
5KhKH476zkjKxraMZIo6in,Thani Oruvan - The Power of One,"Hiphop Tamizha, Bobo Shashi",7zFBW2JxM4bgTTKxCRcS8Q|207e202Dz3barZ9ij9jGpR,Thani Oruvan (Original Motion Picture Soundtrack),50,229500,,153,0.55,0.66,0.35,-12.9,True,english,https://open.spotify.com/track/5KhKH476zkjKxraMZIo6in
02nqCWVynYXSCmlirw1OXw,Thani Vazhi,"Anirudh Ravichander, Shakthisree Gopalan, Yogi B",4zCH9qm4R2DADamUHMCa6O|7zAp0JbkavFg2rcMGvANtP|614RN5ndeqpLlqg1yDbjtm,Darbar (Tamil) [Original Motion Picture Soundtrack],50,206624,,139,0.88,0.43,0.47,-10.1,True,english,https://open.spotify.com/track/02nqCWVynYXSCmlirw1OXw
4hTY89RNmd1JC4nDhIi33T,The 5 Minute Workout Song (Bhangra Startup Mix),DJ Kamal Supreme,5Oir5zMAdY6S88DH0brPwb,The 5 Minute Workout Song (Bhangra Startup Mix),50,328188,,131,0.78,0.28,0.87,-14.3,True,hindi,https://open.spotify.com/track/4hTY89RNmd1JC4nDhIi33T
1gSbvgbyq0dyjbF2sq3njt,The Beast,"Cheema Y, Gur Sidhu",0uOUeC51AxGnP6hB8gurwt|0QntOArZgiNHoemAzwJPu5,Dripster,50,140526,,117,0.49,0.21,0.75,-6.0,True,hindi,https://open.spotify.com/track/1gSbvgbyq0dyjbF2sq3njt
1i7fLUKvghMUxITyDp5mWA,The Bhangra Mega Mix,"Mahendra Kapoor, Azaad, Apna Sangeet, The Sahotas, Premi, Chirag Pehchan, Badd Company, X-Zecutive",6MoG33ssSzwwE3YJS4e6hu|32YafXKnkZOPyT95mRmfLH|7wtD7lCYoQJKvNcQYWhNXn|53uZbzOi2ceEDzIboUIx7Y|7LNb4jBhoGgy4ciSrGSpuV|3x6cxfCkvAlVjBtINjBBmp|4VpVdLBLTx4gD2jOItyB7U|4eKW9s9CQ8l6Q9q0JMbIMS,Extra Hot One (Bhangra Remixes),50,599834,,174,0.87,0.49,0.67,-6.4,True,hindi,https://open.spotify.com/track/1i7fLUKvghMUxITyDp5mWA
4ISoEDhFlgnA4NbMyQWLsi,The Chain,Bugwell,5tibtIx1q5ka7bi9BMR9SR,The Chain,50,199999,,165,0.69,0.55,0.61,-14.8,True,english,https://open.spotify.com/track/4ISoEDhFlgnA4NbMyQWLsi
1zAEvlZIw3a1fmoKt1Dj7F,"The Disco Song (From ""Student of the Year"") - 125 BPM","Vishal-Shekhar, Benny Dayal, Sunidhi Chauhan, Nazia Hassan",6Mv8GjQa7LKUGCAqa9qqdb|61if35zz1W11GejEkxTLEQ|3eDT9fwXKuHWFvgZaaYC5v|5hW7KULTxMzCDnqaV7LASR,Workout Bollywood Style: 60 Mins Non Stop Mix,50,182040,,142,0.66,0.3,0.37,-12.3,True,hindi,https://open.spotify.com/track/1zAEvlZIw3a1fmoKt1Dj7F
0FFuoYe01JIpQMeNJssxPc,"The Disco Song (From ""Student of the Year"") - 130 - 131 BPM","Vishal-Shekhar, Benny Dayal, Sunidhi Chauhan, Nazia Hassan",6Mv8GjQa7LKUGCAqa9qqdb|61if35zz1W11GejEkxTLEQ|3eDT9fwXKuHWFvgZaaYC5v|5hW7KULTxMzCDnqaV7LASR,Workout Bollywood Style: 30 Mins Non Stop Mix,50,95053,,177,0.75,0.38,0.67,-10.0,True,hindi,https://open.spotify.com/track/0FFuoYe01JIpQMeNJssxPc
6zGDCHFXNswzTwqv1FHRMS,The Glen,MDB,72zQ9DAaHdc4g5oVQiwhuk,The Glen,50,185881,,107,0.4,0.4,0.44,-5.3,True,english,https://open.spotify.com/track/6zGDCHFXNswzTwqv1FHRMS
0UunUCW4sy7piMf5vnCCwa,The Greatest - Remix,Workout Music,5njMahLKD1tLJ5bejvqseV,100 Gym & Fitness Workout Hits! Playlist,50,261831,,144,0.76,0.52,0.62,-9.3,True,english,https://open.spotify.com/track/0UunUCW4sy7piMf5vnCCwa
65pg4ChAw8KQnLGdnwheVP,The Hanuman,"Parmish Verma, DG IMMORTALS",3OQRPFFS3OsltFjFAXu1kE|7jbG8tDQ5FmqBbTCj5dJdy,The Hanuman,50,176666,,117,0.53,0.58,0.68,-13.2,True,hindi,https://open.spotify.com/track/65pg4ChAw8KQnLGdnwheVP
0x7xssBMTQJbxhPq4xKQi3,The Jawaani Song (Student Of The Year 2),"Payal Dev, Vishal-Shekhar, Kishore Kumar, Vishal Dadlani",6FtZhorjCMfkaVJ7kKdmq7|6Mv8GjQa7LKUGCAqa9qqdb|0GF4shudTAFv8ak9eWdd4Y|6CXEwIaXYfVJ84biCxqc9k,Bollywood Workout Hits,50,253160,,151,0.53,0.41,0.8,-5.6,True,hindi,https://open.spotify.com/track/0x7xssBMTQJbxhPq4xKQi3
5B9BTcqyMXfZCFaSsKIpDH,"The Monster Song (From ""KGF Chapter 2"")","Ravi Basrur, Adithi Sagar",2q1LRGJHpFxovU8Tz6OgRn|4k4UPnDSbAQTzhQR9aiBkz,"The Monster Song (From ""KGF Chapter 2"")",50,166145,,150,0.66,0.26,0.54,-11.4,True,english,https://open.spotify.com/track/5B9BTcqyMXfZCFaSsKIpDH
1Vp4St7JcXaUoJcIahtf3L,The New Workout Plan,Kanye West,5K4W6rqBFWDnAN6FQUkS6x,The College Dropout,50,322800,,129,0.52,0.84,0.51,-14.7,True,english,https://open.spotify.com/track/1Vp4St7JcXaUoJcIahtf3L
75psy3t04DkzPbaXVAgjD4,"The Paradise Theme OST (From ""The Paradise"")","Anirudh Ravichander, Arjun Chandy",4zCH9qm4R2DADamUHMCa6O|4UCG3GFuPR4k19M40Mzxip,"The Paradise Theme OST (From ""The Paradise"")",50,101503,,176,0.5,0.75,0.32,-13.1,True,english,https://open.spotify.com/track/75psy3t04DkzPbaXVAgjD4
3d7M4RTsRCjfjI5pWZVFOQ,The Plan is ON,Anirudh Ravichander,4zCH9qm4R2DADamUHMCa6O,Beast (Original Background Score),50,56719,,121,0.73,0.63,0.33,-8.0,True,english,https://open.spotify.com/track/3d7M4RTsRCjfjI5pWZVFOQ
0CC6E73BXQ8wDsm2Qso4xm,The Power - Workout Remix 128 Bpm,Workout Music Tv,0k5KeG8St6LiePh5blOwwl,40 Best Aerobic & Cardio Songs Ever 90s Hits For Fitness & Workout (Unmixed Compilation for Fitness & Workout 128 - 142 Bpm / 32 Count),50,278906,,105,0.62,0.7,0.86,-7.9,True,english,https://open.spotify.com/track/0CC6E73BXQ8wDsm2Qso4xm
4vjVTc6cqDwZJ40ILlEpEx,The Punjaabban Song,"Tanishk Bagchi, Gippy Grewal, Zahrah S Khan, Romy, Abrar Ul Haq",4f7KfxeHq9BiylGmyXepGt|5kvGYraWFlXs2Jbt1Kphn8|7C5xVXoqim1TICnCMZ9A6P|0bRPtPZQkWHeG7MGk9eWlh|5Z1MqXZgG3ooTyK3oqQVpw,Jugjugg Jeeyo,50,199029,,132,0.6,0.49,0.38,-6.9,True,hindi,https://open.spotify.com/track/4vjVTc6cqDwZJ40ILlEpEx
1XSSm7oKOzNE8oUapjIRWV,"The Punjaabban Song (From ""Jugjugg Jeeyo"")","Tanishk Bagchi, Gippy Grewal, Zahrah S Khan, Romy, Abrar Ul Haq",4f7KfxeHq9BiylGmyXepGt|5kvGYraWFlXs2Jbt1Kphn8|7C5xVXoqim1TICnCMZ9A6P|0bRPtPZQkWHeG7MGk9eWlh|5Z1MqXZgG3ooTyK3oqQVpw,"The Punjaabban Song (From ""Jugjugg Jeeyo"")",50,199029,,96,0.76,0.42,0.39,-10.6,True,hindi,https://open.spotify.com/track/1XSSm7oKOzNE8oUapjIRWV
2uaBKjAsdMjdSa6VHz2IMh,The Raw Agent,Anirudh Ravichander,4zCH9qm4R2DADamUHMCa6O,Beast (Original Background Score),50,98500,,157,0.46,0.68,0.83,-5.8,True,english,https://open.spotify.com/track/2uaBKjAsdMjdSa6VHz2IMh
0R97OfArQkB9hOptu72NiV,"The Roar (From ""Chhaava"")","A.R. Rahman, MC Heam, Nakul Abhyankar",1mYsTxnqsietFxj1OgoGbG|2vukE84hCaAdQrqMoOgW8Y|45dUPHFa2AoC4lqFTcPmiD,Chhaava (Original Motion Picture Soundtrack),50,192625,,126,0.62,0.44,0.49,-11.5,True,hindi,https://open.spotify.com/track/0R97OfArQkB9hOptu72NiV
6s23psuQ0peuiNLTOIo7Ob,The Run For Love,Thaman S,2FgHPfRprDaylrSRVf1UlN,Tholi Prema BGM,50,91611,,174,0.78,0.3,0.6,-10.7,True,english,https://open.spotify.com/track/6s23psuQ0peuiNLTOIo7Ob
3LVpekQJoSFUURwG3aLFOW,The Staircase - Slowed Version,"Chris Wayne, Ravi Basrur",5GkVAEDUPPeV3INTYATuzc|2q1LRGJHpFxovU8Tz6OgRn,The Staircase (Slowed Version),50,185662,,140,0.79,0.66,0.38,-10.0,True,english,https://open.spotify.com/track/3LVpekQJoSFUURwG3aLFOW
5F6QjI9stjXP8yNzu60SEP,The Theri Theme,Anirudh Ravichander,4zCH9qm4R2DADamUHMCa6O,Vedalam (Original Motion Picture Soundtrack),50,112405,,147,0.42,0.42,0.59,-7.5,True,english,https://open.spotify.com/track/5F6QjI9stjXP8yNzu60SEP
37UD8FeUkZ5Ze2pMAu6kPb,The Villain - Train Hard Mix,"FITNESS HITS 2018, Fitness & Workout Hits 2019, Disco Fitness Crew",2lfxdF1M0a0FAernvS1NrK|1pBenZndhL0P8r1TjrRwLy|13UO96YgXmc0Eqj1MacNcv,Fitness Training Music,50,144000,,166,0.64,0.79,0.34,-13.0,True,english,https://open.spotify.com/track/37UD8FeUkZ5Ze2pMAu6kPb
1UTc77K71QfzekhDmoMaPe,"The Wakhra Song - From ""Judgementall Hai Kya""","Tanishk Bagchi, Navv Inder, Lisa Mishra, Raja Kumari, Navi Ferozpurwala",4f7KfxeHq9BiylGmyXepGt|7GPyedHMvKTiM2OfXc0MVv|418X5slNWlJwym4x3Oq3Cs|5cBFMoMgcAt03YL2r0tS25|78Wjtcr5lUroDSkK7cKfkp,Bollywood Workout Hits,50,196000,,180,0.45,0.21,0.66,-13.6,True,hindi,https://open.spotify.com/track/1UTc77K71QfzekhDmoMaPe
7bEwmPkO33aOVTFdNJTCiw,The Way Back,Hanbit Yu,6EwFg9rHS30Z3GWgMlyHf9,"RUNNING & WORKOUT, Vol. 17",50,244680,,143,0.66,0.66,0.41,-14.9,True,english,https://open.spotify.com/track/7bEwmPkO33aOVTFdNJTCiw
6TK7jseRCrogw9IzQYkw2h,"Thee Thalapathy (From ""Varisu"")","Silambarasan TR, Thaman S",5Hn84AFwiTEi8eMoI5B9AS|2FgHPfRprDaylrSRVf1UlN,"Thee Thalapathy (From ""Varisu"")",50,258000,,118,0.64,0.48,0.56,-6.2,True,english,https://open.spotify.com/track/6TK7jseRCrogw9IzQYkw2h
7vXNWKJJsuflJZwDtrQgRO,Theme of 3,"Anirudh Ravichander, Mandolin Seenu",4zCH9qm4R2DADamUHMCa6O|2Wuq8f0T8XhQzjPSpMWY0i,3 (Original Motion Picture Soundtrack),50,89400,,147,0.46,0.82,0.84,-12.1,True,english,https://open.spotify.com/track/7vXNWKJJsuflJZwDtrQgRO
0euzmRMeh5i49DBlwMi4hU,Thokar,Hardeep Grewal,43H2bU3Tpcw29Ndd0J5P7B,Thokar,50,280200,,179,0.74,0.45,0.4,-9.4,True,hindi,https://open.spotify.com/track/0euzmRMeh5i49DBlwMi4hU
6vWenjRWjDJfumHI1BkLFd,Thumkeshwari,"Sachin-Jigar, Rashmeet Kaur, Ash King, Divya Kumar, Amitabh Bhattacharya",1mBydYMVBECdDmMfE2sEUO|15UQcr22jcc6DJjy3sLv3J|1cfG7UM0OD4O1II1nd15Qo|0NErdIJtuKBjtxKmlqaWdj|2fMqTqiTxUDlmcOEPaQSsx,Bollywood Workout Hits,50,163179,,135,0.55,0.75,0.85,-14.0,True,hindi,https://open.spotify.com/track/6vWenjRWjDJfumHI1BkLFd
3pN6XIaz09ck4Y87pgp8WK,Thunder - Jogging Running & Workout Mix,Workout Music,5njMahLKD1tLJ5bejvqseV,Jogging Running & Workout! Playlist (128 BPM's),50,299986,,112,0.78,0.42,0.57,-7.5,True,english,https://open.spotify.com/track/3pN6XIaz09ck4Y87pgp8WK
3bNTxJ0QhHTaqjbN0c2JnA,Thunder - Workout Remix 128 Bpm,Workout Music Tv,0k5KeG8St6LiePh5blOwwl,Ultramix Cardio Workout 2025 (60 Minutes Non-Stop Mixed Compilation for Fitness & Workout - 128 Bpm / 32 Count),50,135000,,165,0.58,0.2,0.78,-13.4,True,english,https://open.spotify.com/track/3bNTxJ0QhHTaqjbN0c2JnA
2FHjZBbKFIJSP1p8gC1WhF,"Time Table 2 (From ""Time Table 2"")",Kulwinder Billa,0CP2yDO5i5Q2G1fRj6C8JV,Fit & Fab - Punjabi Workout Beats,50,261555,,151,0.56,0.73,0.45,-14.2,True,hindi,https://open.spotify.com/track/2FHjZBbKFIJSP1p8gC1WhF
6sAVqEABC9rb45SG71Mza4,Time for War V3.0 (Gym & Fitness Motivation),Fearless Motivation,1FhamVtJlNqaekPnwxQpbk,Fear Less Dominate More (Gym & Sports Motivational Speeches & Workout Music),50,230331,,139,0.56,0.51,0.78,-9.0,True,english,https://open.spotify.com/track/6sAVqEABC9rb45SG71Mza4
4ChteKYJIeBNt437eoB5Kq,"Ting Rang (From ""London, Paris, New York"") - 130 BPM",Ali Zafar,3cKNppGLfcxdt9CtoHEZmQ,Workout Bollywood Style: 60 Mins Non Stop Mix,50,90013,,144,0.5,0.46,0.62,-5.3,True,hindi,https://open.spotify.com/track/4ChteKYJIeBNt437eoB5Kq
5CluVMkiXUEO1pNLUtwV1P,Tiranga,"Tanishk Bagchi, Manoj Muntashir, B Praak",4f7KfxeHq9BiylGmyXepGt|4cAERazLlAzVGA10ORWaUP|56SjZARoEvag3RoKWIb16j,Yodha,50,262129,,137,0.74,0.67,0.43,-9.1,True,hindi,https://open.spotify.com/track/5CluVMkiXUEO1pNLUtwV1P
1R88klTSzUaIk2kAphl7aP,"Tiranga (From ""Yodha"")","Tanishk Bagchi, Manoj Muntashir, B Praak",4f7KfxeHq9BiylGmyXepGt|4cAERazLlAzVGA10ORWaUP|56SjZARoEvag3RoKWIb16j,"Tiranga (From ""Yodha"")",50,262129,,156,0.68,0.84,0.71,-13.1,True,hindi,https://open.spotify.com/track/1R88klTSzUaIk2kAphl7aP
3ahjF8FfEgopbrTBEEwYdP,Tired - Workout Remix 135 bpm,SuperFitness,6L74J3BzylQkJF7rBXTpgT,Aerobic Hits Session 2018: 60 Minutes Mixed Compilation for Fitness & Workout 135 bpm/32 Count,50,215893,,157,0.9,0.3,0.79,-14.7,True,english,https://open.spotify.com/track/3ahjF8FfEgopbrTBEEwYdP
1DYtxbTyZ8O85w1l8pQDB9,Titanium (Cardio Workout Remix),DJ Keen,4qvArXhnLauGZ5BBmJ3MJS,"Cardio Hitmix! All Hits 3 (140-155 BPM, 32-Count, Nonstop Fitness & Workout)",50,136253,,156,0.64,0.42,0.86,-9.1,True,english,https://open.spotify.com/track/1DYtxbTyZ8O85w1l8pQDB9
4HLZHhdWjcIuGgJJf4HIMF,Titanium - Workout Remix 135 bpm,SuperFitness,6L74J3BzylQkJF7rBXTpgT,Aerobic Hits Session 2018: 60 Minutes Mixed Compilation for Fitness & Workout 135 bpm/32 Count,50,270293,,116,0.62,0.76,0.38,-6.2,True,english,https://open.spotify.com/track/4HLZHhdWjcIuGgJJf4HIMF
04WnO4MftPYzVvxM5FxqnS,Tod De Zanjeer - Hindi Workout,Minns,109bXkunJD3qI4zj90x99F,Hindi Workout Mix 2026,50,205000,,118,0.72,0.45,0.78,-6.2,True,hindi,https://open.spotify.com/track/04WnO4MftPYzVvxM5FxqnS
0y0n4e2PeNNxkjMlGRCUqP,Todh,"Prince Narula, Munawar Faruqui, Rony Ajnali",4hMUptoqDVqFXA8Inz20II|7yLGN6pQ3Fll8eWpjJwwQl|0N2lT1m7rG0klYHZrkyMPw,Desi Gym Pump Music,50,236800,,178,0.6,0.86,0.74,-10.3,True,hindi,https://open.spotify.com/track/0y0n4e2PeNNxkjMlGRCUqP
0D3FzU2DEQjgtouQECECFF,"Todun Taak - From ""Toofaan""",D'Evil,6WnYIHyaTeR8cxmaWX9Rez,Bollywood Workout Hits,50,187580,,175,0.59,0.72,0.58,-5.6,True,hindi,https://open.spotify.com/track/0D3FzU2DEQjgtouQECECFF
2dZyFNtUz3IIBzUZmSu5z8,Toh Dishoom,"Pritam, Raftaar, Shahid Mallya, Mayur Puri",1wRPtKGflJrBx9BmLsSwlU|5UdFr0GeO7jKIaNIJgwB36|4LnYRxNZVCTsDCO2xKjOn8|1XUGerdrjDBJxF9ZfxMqDj,Dishoom,50,244778,,155,0.74,0.84,0.36,-5.4,True,hindi,https://open.spotify.com/track/2dZyFNtUz3IIBzUZmSu5z8
0me1lAPuAbgV21CyA4PfVU,Toh Dishoom,"Raftaar, Shahid Mallya",5UdFr0GeO7jKIaNIJgwB36|4LnYRxNZVCTsDCO2xKjOn8,Fit &amp; Fab - Workout With Bollywood Songs,50,244778,,107,0.65,0.21,0.75,-9.6,True,hindi,https://open.spotify.com/track/0me1lAPuAbgV21CyA4PfVU
6YDXCpPut4n8EilBh8KVlN,Toofaan - Title Track,Siddharth Mahadevan,7hwEGO7U6JwQ7M1teoO8GW,Toofaan (Original Motion Picture Soundtrack),50,279199,,170,0.48,0.65,0.72,-13.4,True,hindi,https://open.spotify.com/track/6YDXCpPut4n8EilBh8KVlN
2MJq8wuZrFWkmomUeYVupr,Toofaan - Title Track,Siddharth Mahadevan,7hwEGO7U6JwQ7M1teoO8GW,Gym Motivation,50,279199,,94,0.78,0.78,0.69,-6.3,True,english,https://open.spotify.com/track/2MJq8wuZrFWkmomUeYVupr
6AjnBLf2qpvJzDyLtRg1je,Toofaan - Title Track,Siddharth Mahadevan,7hwEGO7U6JwQ7M1teoO8GW,Bollywood Workout Hits,50,279199,,146,0.71,0.21,0.46,-14.0,True,hindi,https://open.spotify.com/track/6AjnBLf2qpvJzDyLtRg1je
4xkBleDs2uDxbXDIkeDRcx,Toofaan - Title Track,Siddharth Mahadevan,7hwEGO7U6JwQ7M1teoO8GW,Bollywood Rage Mode,50,279199,,139,0.82,0.79,0.65,-13.0,True,hindi,https://open.spotify.com/track/4xkBleDs2uDxbXDIkeDRcx
1mwyjw8qqdtM5mX9lCBg6Q,Toofan,"Deepak Blue, Govind Prasad, Yogi Sekar, Mohan Krishna, Santhosh Venky, Sachin Basrur, Ravi Basrur, Puneeth Rudranag, Vaish, Madhurakavi",5iFKS1bnBNFWBAmd7mi0vf|2XzJ8aeBoI3YXBnaYVgDUh|4n32jWbOVtfNDsOJAGQJcs|2U4KiBePibvnd8BIXtBvk7|1gpRRYfNURm0XJCyxUuH8Q|6CdktQ3MYk5JwJHq1OajZG|2q1LRGJHpFxovU8Tz6OgRn|6oLN9TELPauBfctYeWPtYP|3UUCWlU2bPEuKMAoUeiJBD|4HNFPBEsradUUxFbtQNPKh,Kgf Chapter 2 [TAMIL],50,214122,,150,0.56,0.28,0.74,-7.0,True,english,https://open.spotify.com/track/1mwyjw8qqdtM5mX9lCBg6Q
5HAs7T9bKrS2VYrxkG5Ohi,"Toofan (From ""Kgf Chapter 2"")","Deepak Blue, Govind Prasad, Yogi Sekar, Mohan Krishna, Santhosh Venky, Sachin Basrur, Ravi Basrur, Puneeth Rudranag, Vaish, Madhurakavi",5iFKS1bnBNFWBAmd7mi0vf|2XzJ8aeBoI3YXBnaYVgDUh|4n32jWbOVtfNDsOJAGQJcs|2U4KiBePibvnd8BIXtBvk7|1gpRRYfNURm0XJCyxUuH8Q|6CdktQ3MYk5JwJHq1OajZG|2q1LRGJHpFxovU8Tz6OgRn|6oLN9TELPauBfctYeWPtYP|3UUCWlU2bPEuKMAoUeiJBD|4HNFPBEsradUUxFbtQNPKh,"Toofan (From ""Kgf Chapter 2"")",50,214122,,138,0.73,0.46,0.69,-10.9,True,english,https://open.spotify.com/track/5HAs7T9bKrS2VYrxkG5Ohi
5o4R6394DP6PCaA7xEmbeA,"Tooh (From ""Gori Tere Pyaar Mein"") - 144 BPM","Vishal-Shekhar, Mika Singh, Mamta Sharma",6Mv8GjQa7LKUGCAqa9qqdb|5T2I75UlGBcWd5nVyfmL13|0RMsiUCTjsdGjoKyhEm8Y4,Workout Bollywood Style: 60 Mins Non Stop Mix,50,123986,,145,0.86,0.54,0.33,-9.4,True,hindi,https://open.spotify.com/track/5o4R6394DP6PCaA7xEmbeA
7nB6xXz7eiv6j2sJZcDnZ6,Top 40 Continuous Running Workout Mix,Pumped Up DJs,2YSs6SETkdhnFdxUt6qe85,"Top 40 Running Tracks - The Ultimate Fitness & Workout Mix - Perfect for Keep Fit, Jogging, Exercise, Gym, BodyToning & Spinning",50,3625188,,172,0.56,0.79,0.7,-6.2,True,english,https://open.spotify.com/track/7nB6xXz7eiv6j2sJZcDnZ6
3XY8xuXALQvlij2evt8zpk,Trap Cardio Energy,Hot Beat Universe,4wC7SuWGv5zxNixbErqGyO,Hard Trap Workout Music – Gym Motivation Beats,50,119839,,135,0.85,0.24,0.35,-14.0,True,english,https://open.spotify.com/track/3XY8xuXALQvlij2evt8zpk
2MIaBvbtHNKK3x5tONgBa9,Trillium The Dark Triad + Best Part Looped - Slowed,"OneLastLight, ZYZZCVNT",6MFByPXl13KoK9CQxgy97l|7fwt25IJvleQLf94Cxxhxa,Trillium The Dark Triad + Best Part Looped,50,118400,,158,0.66,0.3,0.8,-13.1,True,english,https://open.spotify.com/track/2MIaBvbtHNKK3x5tONgBa9
41c68EW8eqQkQ6aNo3ckjV,Tropical Cardio Ritual,Workout & Wellness Zone,1z15HoWQvlL88FVMW590yX,Workout Music: Tropical Latin Charge,50,177761,,175,0.67,0.35,0.84,-10.0,True,english,https://open.spotify.com/track/41c68EW8eqQkQ6aNo3ckjV
2c4s49qRTgEs2bDuEGPlzd,Trump,"Cheema Y, Gur Sidhu",0uOUeC51AxGnP6hB8gurwt|0QntOArZgiNHoemAzwJPu5,Trump,50,168000,,106,0.65,0.35,0.89,-13.6,True,hindi,https://open.spotify.com/track/2c4s49qRTgEs2bDuEGPlzd
6nWvcPOM9HpZnKMWijdsh7,Trumpets (Cardio Workout Remix),Cardio Mix Masterz,0Vcbha6XzwPkQdzQXXD6cl,"Cardio Hitmix! All Hits 3 (140-155 BPM, 32-Count, Nonstop Fitness & Workout)",50,210573,,94,0.74,0.6,0.48,-8.5,True,english,https://open.spotify.com/track/6nWvcPOM9HpZnKMWijdsh7
3XJjTmfmsFUr51wNNfNLCA,Trustfall - Workout Remix 130 bpm,SuperFitness,6L74J3BzylQkJF7rBXTpgT,Cardio Workout Mix 2023:130 bpm/32 count,50,221530,,160,0.78,0.37,0.6,-5.8,True,english,https://open.spotify.com/track/3XJjTmfmsFUr51wNNfNLCA
6vZWjlZoqfW0UIIt94cyKj,Tsunami - Instrumental Cardio Workout Mix,CrossFit Junkies,2cKjsHbyoiSZDPQaiWwghk,Crossfit Edm 2023 Instrumental Workout,50,254986,,150,0.72,0.42,0.4,-5.9,True,english,https://open.spotify.com/track/6vZWjlZoqfW0UIIt94cyKj
54CHLOAUl7uVJYCaAw4NxH,"Tu Hi Mera (From ""Jannat 2"") - 110 BPM","Pritam, Shafqat Amanat Ali, Sayeed Quadri",1wRPtKGflJrBx9BmLsSwlU|5SuRAj1A9FEHj5NxS86YAm|2pGRniGOJSOvYoK3dGaBb8,Workout Bollywood Style: 60 Mins Non Stop Mix,50,105026,,102,0.4,0.4,0.88,-5.4,True,hindi,https://open.spotify.com/track/54CHLOAUl7uVJYCaAw4NxH
6wMSsSo6VqlenvIxRKsYNH,Tu Meri,"Vishal Dadlani, Vishal-Shekhar",6CXEwIaXYfVJ84biCxqc9k|6Mv8GjQa7LKUGCAqa9qqdb,Bollywood Workout Hits,50,257088,,146,0.78,0.82,0.69,-10.6,True,hindi,https://open.spotify.com/track/6wMSsSo6VqlenvIxRKsYNH
20uRTQ8pjFC7WnubHqb1Jl,Tutak Tutak Tutiya - Remix(Remix By Drunx),"Malkit Singh, Kanika Kapoor, Sonu Sood",79V1EiUrtTyJHQNSKXZC7X|6qcIg4IPLulyc03mWR87N8|1RViT01v3KsUvaEQk136nY,Fit &amp; Fab - Workout With Bollywood Songs,50,227708,,173,0.45,0.21,0.41,-13.2,True,hindi,https://open.spotify.com/track/20uRTQ8pjFC7WnubHqb1Jl
4frC3kgIPhKZZzpcDfENKv,Twilight Zone - Workout Remix 135 bpm,SuperFitness,6L74J3BzylQkJF7rBXTpgT,Aerobic Hits Session 2026: 60 Minutes Mixed 135 bpm/32 count,50,184890,,160,0.78,0.25,0.36,-5.9,True,english,https://open.spotify.com/track/4frC3kgIPhKZZzpcDfENKv
6raaAylCJPrbQ45RQ31kdI,U Can't Touch This - Cardio Workout Mix,Workout Music,5njMahLKD1tLJ5bejvqseV,Booty Blast! Cardio Workout,50,254266,,174,0.57,0.55,0.6,-7.6,True,english,https://open.spotify.com/track/6raaAylCJPrbQ45RQ31kdI
2NDHyRyX5JJ8mTLNlQVt7g,UK Bhangra Vibes - Vol. 1,Nick Dhillon,0NoS2kDSOwTtTCcI7BXMx4,UK Bhangra Vibes (Vol. 1),50,792000,,133,0.78,0.82,0.77,-9.3,True,hindi,https://open.spotify.com/track/2NDHyRyX5JJ8mTLNlQVt7g
7o65z7yxlOfbAiDxq9WZBy,Ud-daa Punjab,"Amit Trivedi, Vishal Dadlani",7HCqGPJcQTyGJ2yqntbuyr|6CXEwIaXYfVJ84biCxqc9k,Udta Punjab (Original Motion Picture Soundtrack),50,274701,,125,0.47,0.58,0.76,-8.0,True,english,https://open.spotify.com/track/7o65z7yxlOfbAiDxq9WZBy
26mBcmuLm5ZqcfpOYj68Lj,Ud-daa Punjab,"Amit Trivedi, Vishal Dadlani",7HCqGPJcQTyGJ2yqntbuyr|6CXEwIaXYfVJ84biCxqc9k,Bollywood Workout Hits,50,274701,,125,0.66,0.62,0.71,-7.4,True,english,https://open.spotify.com/track/26mBcmuLm5ZqcfpOYj68Lj
2qA22efYftYBZ0XK7WK2Lt,Ud-daa Punjab,"Amit Trivedi, Vishal Dadlani",7HCqGPJcQTyGJ2yqntbuyr|6CXEwIaXYfVJ84biCxqc9k,Best Of Amit Trivedi,50,274701,,161,0.5,0.26,0.37,-10.5,True,hindi,https://open.spotify.com/track/2qA22efYftYBZ0XK7WK2Lt
6UFQMWNZgbpNxos4zCxqeu,Ud-daa Punjab,"Amit Trivedi, Vishal Dadlani",7HCqGPJcQTyGJ2yqntbuyr|6CXEwIaXYfVJ84biCxqc9k,Gym Vibes Bollywood,50,274701,,161,0.6,0.22,0.63,-6.3,True,hindi,https://open.spotify.com/track/6UFQMWNZgbpNxos4zCxqeu
0PF0SkjqIn8xgj6ChaMmpQ,Ud-daa Punjab,"Amit Trivedi, Vishal Dadlani",7HCqGPJcQTyGJ2yqntbuyr|6CXEwIaXYfVJ84biCxqc9k,Full Volume Bollywood,50,274701,,114,0.88,0.2,0.64,-5.8,True,hindi,https://open.spotify.com/track/0PF0SkjqIn8xgj6ChaMmpQ
1JoNwiPtgY8RGqCSaryBc1,Ud-daa Punjab,"Amit Trivedi, Vishal Dadlani",7HCqGPJcQTyGJ2yqntbuyr|6CXEwIaXYfVJ84biCxqc9k,Best Of Amit Trivedi Vol 2,50,274701,,125,0.51,0.21,0.69,-6.0,True,hindi,https://open.spotify.com/track/1JoNwiPtgY8RGqCSaryBc1
6sxEjR43rd7fnR5FTXaXKH,Ud-daa Punjab,"Amit Trivedi, Vishal Dadlani",7HCqGPJcQTyGJ2yqntbuyr|6CXEwIaXYfVJ84biCxqc9k,Desi Dance Floor,50,274701,,110,0.76,0.7,0.55,-12.7,True,hindi,https://open.spotify.com/track/6sxEjR43rd7fnR5FTXaXKH
0C5yapwLpB2HBep9Iu9dK8,Udaan - Hindi Workout,Minns,109bXkunJD3qI4zj90x99F,Hindi Workout Mix 2026,50,200000,,177,0.82,0.25,0.44,-9.1,True,hindi,https://open.spotify.com/track/0C5yapwLpB2HBep9Iu9dK8
1FvJQWq1hjwHLpM10qlEXx,Ude Dil Befikre - Workout Remix,Benny Dayal,61if35zz1W11GejEkxTLEQ,Ude Dil Befikre - Workout Remix,50,200610,,167,0.77,0.41,0.75,-8.0,True,hindi,https://open.spotify.com/track/1FvJQWq1hjwHLpM10qlEXx
3jPbzRh1RZ0ryPBTfV1BPc,Udh Chala - Hindi Workout,Minns,109bXkunJD3qI4zj90x99F,Hindi Workout Mix 2026,50,210000,,125,0.48,0.25,0.8,-5.1,True,hindi,https://open.spotify.com/track/3jPbzRh1RZ0ryPBTfV1BPc
1US1SgjbeOExAYnj7wqzjn,Udhaar Chalda - Remix - Bass Boosted,"Gurnam Bhullar, Nimrat Khaira, Preet Hundal",45LSiycLy1JsWUMObvPvpX|0ea0y5ZxnN5TbEDzNtx5Fk|3jbXizgjZpi8FZ9g28wb1c,Punjabi Power Workout,50,251388,,176,0.5,0.79,0.85,-9.4,True,hindi,https://open.spotify.com/track/1US1SgjbeOExAYnj7wqzjn
2goZ22O9OEmfelZvz4XN7w,Ugramm Veeram,Ravi Basrur,2q1LRGJHpFxovU8Tz6OgRn,Ugramm (Original Motion Picture Soundtrack),50,228571,,135,0.88,0.56,0.84,-5.8,True,english,https://open.spotify.com/track/2goZ22O9OEmfelZvz4XN7w
6XzS2jm9kpl74sqhh7nnQ0,Ultimate Workout Anthem Non-Stop Mashup,"Sachet Tandon, Parampara Tandon, Mohit Chauhan, Bhupinder Babbal, Anirudh Ravichander, Raftaar, Shahid Mallya, Pranaay, Sachet-Parampara, A.R. Rahman",6WOdPJmexxFINcKMkP2jMG|1E6arsXf5Fgsnv9YpSzjpE|5GnnSrwNCGyfAU4zuIytiS|5bppkTlu7F930pWlNn1b1g|4zCH9qm4R2DADamUHMCa6O|5UdFr0GeO7jKIaNIJgwB36|4LnYRxNZVCTsDCO2xKjOn8|58L9DePlTLE2D1I9Ohvs63|1SyKki7JI1AZNKwgNMkn25|1mYsTxnqsietFxj1OgoGbG,Ultimate Workout Anthem Non-Stop Mashup,50,2356166,,129,0.54,0.67,0.78,-9.9,True,english,https://open.spotify.com/track/6XzS2jm9kpl74sqhh7nnQ0
18935F4vHOp5tE19qhijCI,Unbound,Veer Sandhu,2X1Bu6jg2Se8OclSxn4byQ,Unbound,50,147094,,121,0.49,0.4,0.37,-8.9,True,hindi,https://open.spotify.com/track/18935F4vHOp5tE19qhijCI
5DxZLxJMjyZHePmzK8iPLh,Underworld,"Solar Body, Hoogway",74xLamiAg7I4qmr2XsOddO|1Mh9G47YfuaLdQs44voLrQ,Blue Monday,50,127272,,173,0.62,0.36,0.4,-8.7,True,english,https://open.spotify.com/track/5DxZLxJMjyZHePmzK8iPLh
5rPxUfL95aPWk3mkwrOkME,Unstoppable,Dino James,45PG2L6Fh2XvYL4ONzpdoW,Unstoppable,50,279883,,90,0.9,0.3,0.51,-13.9,True,hindi,https://open.spotify.com/track/5rPxUfL95aPWk3mkwrOkME
0lNXMGiBsYgEDEbycyKhkm,Up All Night,Lil Dreaux,6IAVA12AhYbWd4AoiehNsD,Beast Mode,50,157999,,131,0.88,0.84,0.33,-8.2,True,english,https://open.spotify.com/track/0lNXMGiBsYgEDEbycyKhkm
5vugUgsImRy2yGr6XTK6fl,Uptown Funk - Remix,Workout Music,5njMahLKD1tLJ5bejvqseV,100 Gym & Fitness Workout Hits! Playlist,50,264373,,126,0.48,0.48,0.36,-7.0,True,english,https://open.spotify.com/track/5vugUgsImRy2yGr6XTK6fl
7rCQRoKfzyxX47nJleQZjp,Uyi Amma Remix,"Amit Trivedi, Madhubanti Bagchi, Dj Raahul Pai, Sanju Purohit",7HCqGPJcQTyGJ2yqntbuyr|4ojkMVHjuDZgDXSJy5qs2h|0NL5y5XDX80Yljh9ix8ojz|1TG19sduH1Wo5QlPc9ooQU,Bollywood Remix Station,50,137829,,91,0.82,0.33,0.51,-13.5,True,hindi,https://open.spotify.com/track/7rCQRoKfzyxX47nJleQZjp
1HvxJizNs4YGMciN2ek8M3,VAMOS!,"Whisnu Santika, hbrp, Keebo, Mc Spyder",6gvsmDZKW5wRvjKCPnbHDh|7g1BBaSvydbuut3sTTZp7R|195TA15VK9BhtVVXupuVIC|3SFvfZA65k99tp9zXXJKM3,VAMOS!,50,180000,,109,0.59,0.44,0.86,-12.8,True,english,https://open.spotify.com/track/1HvxJizNs4YGMciN2ek8M3
2h5UfY3Mt4fkbysxYkhGpG,VIP Title Song,"Anirudh Ravichander, Dhanush",4zCH9qm4R2DADamUHMCa6O|2F3KtUVtrt2GLjcl6pB4cz,Velai Illa Pattadhaari (Original Motion Picture Soundtrack),50,236555,,179,0.5,0.65,0.63,-7.4,True,english,https://open.spotify.com/track/2h5UfY3Mt4fkbysxYkhGpG
1ANp6A0CFD4hBajnmgccyz,Vaar,Sidhu Moose Wala,4PULA4EFzYTrxYvOVlwpiQ,Vaar,50,137329,,90,0.58,0.56,0.79,-13.8,True,hindi,https://open.spotify.com/track/1ANp6A0CFD4hBajnmgccyz
4dJrjWtAhEkW7VdPYSL1Ip,"Vaathi Coming (From ""Master"")","Anirudh Ravichander, Gana Balachandar",4zCH9qm4R2DADamUHMCa6O|1GH0DojDQJeEKQ4BDMShAL,"Vaathi Coming (From ""Master"")",50,228257,,112,0.76,0.48,0.63,-13.0,True,english,https://open.spotify.com/track/4dJrjWtAhEkW7VdPYSL1Ip
4PML5RtrVcYAwTTS46otXB,Vaathi Raid,"Anirudh Ravichander, Arivu",4zCH9qm4R2DADamUHMCa6O|7rVV9d6vc4FLT752uRuk71,Master (Original Motion Picture Soundtrack),50,209500,,135,0.89,0.38,0.75,-14.4,True,english,https://open.spotify.com/track/4PML5RtrVcYAwTTS46otXB
7hu8IjnvYHiXaKp2RjOWZd,Varavaa Varavaa,"Anirudh Ravichander, Vignesh Shivan",4zCH9qm4R2DADamUHMCa6O|1yzwPGlvrRLlhYkCRYde5z,Rockstar Anirudh Special,50,202378,,147,0.84,0.5,0.67,-13.9,True,hindi,https://open.spotify.com/track/7hu8IjnvYHiXaKp2RjOWZd
29zwVyw193zfghDuePV9DI,Varavaa Varavaa,"Anirudh Ravichander, Vignesh Shivan",4zCH9qm4R2DADamUHMCa6O|1yzwPGlvrRLlhYkCRYde5z,Naanum Rowdy Dhaan (Original Motion Picture Soundtrack),50,202378,,155,0.56,0.28,0.4,-12.6,True,english,https://open.spotify.com/track/29zwVyw193zfghDuePV9DI
0MRg2bzlVhGQTi4ecu792k,Vardaan,"Ajey Nagar (CarryMinati), Wily Frenzy",1VwNP7mP5DmTsdJqQuW0nT|6VThiaywEMHlLUf8ThNxdg,Vardaan,50,202105,,172,0.8,0.74,0.3,-14.5,True,hindi,https://open.spotify.com/track/0MRg2bzlVhGQTi4ecu792k
7vDsW9gQkHwTVo9XyZVQMB,Veera Dheera,Santhosh Narayanan,5FVBduYaeVBb6JIghza7v6,Kalki 2898 AD - Original Score,50,245666,,108,0.66,0.77,0.4,-10.9,True,english,https://open.spotify.com/track/7vDsW9gQkHwTVo9XyZVQMB
0lNr0bkRupchqckGeSMSpZ,Veera Soora,Yuvan Shankar Raja,6AiX12wXdXFoGJ2vk8zBjy,"Veera Soora (From ""Naane Varuvean"")",50,205145,,124,0.78,0.36,0.38,-14.7,True,english,https://open.spotify.com/track/0lNr0bkRupchqckGeSMSpZ
7rC64EJCxaJjvXmquCuTEC,Veeraraghavan,Anirudh Ravichander,4zCH9qm4R2DADamUHMCa6O,Beast (Original Background Score),50,109490,,131,0.53,0.52,0.51,-12.0,True,english,https://open.spotify.com/track/7rC64EJCxaJjvXmquCuTEC
1JRjR5GRADwYlEqPbcDwef,Vegeta Workout Motivation - HARDSTYLE,"Bakrou, GymZz",1bwDpUYOmTBa0ddptcaRZh|20yxkVKEVfEdY0KNZolV2z,Vegeta Workout Motivation,50,92322,,163,0.82,0.38,0.56,-12.1,True,english,https://open.spotify.com/track/1JRjR5GRADwYlEqPbcDwef
4B5YEiN7YBY3Yq9v0JrxP9,"Vele (From ""Student of the Year"") - 105 BPM","Vishal-Shekhar, Vishal Dadlani, Shekhar Ravjiani",6Mv8GjQa7LKUGCAqa9qqdb|6CXEwIaXYfVJ84biCxqc9k|4xd7mLI7urqrxELaXhAvzw,Workout Bollywood Style: 60 Mins Non Stop Mix,50,49946,,110,0.8,0.73,0.38,-10.2,True,hindi,https://open.spotify.com/track/4B5YEiN7YBY3Yq9v0JrxP9
082M8rTvr0F1cpsyhHswA0,"Vele (From ""Student of the Year"") - 108 - 114 BPM","Vishal-Shekhar, Vishal Dadlani, Shekhar Ravjiani",6Mv8GjQa7LKUGCAqa9qqdb|6CXEwIaXYfVJ84biCxqc9k|4xd7mLI7urqrxELaXhAvzw,Workout Bollywood Style: 30 Mins Non Stop Mix,50,48253,,97,0.41,0.72,0.7,-9.2,True,hindi,https://open.spotify.com/track/082M8rTvr0F1cpsyhHswA0
6JXtSo1ju3JGiNYnOgSvLV,Vem Pere Reka - Slowed,"DJ Kinn, mc jhenny, MC Hanan",0MgbfrrFPrMo31wNsxtPBQ|6Ka3TKKRqhWwbmuxjhrmo6|0cQOoaCfnttHWx8ytIhNis,Vem Pere Reka,50,196190,,163,0.7,0.54,0.83,-11.7,True,english,https://open.spotify.com/track/6JXtSo1ju3JGiNYnOgSvLV
73b4ty49AcK6qsW6x81l4j,Vem Pere Reka - Ultra Slowed,"DJ Kinn, mc jhenny, MC Hanan, Mc Vuk Vuk",0MgbfrrFPrMo31wNsxtPBQ|6Ka3TKKRqhWwbmuxjhrmo6|0cQOoaCfnttHWx8ytIhNis|6qKkpARgq6AjuyGRVU1lX6,Vem Pere Reka (Ultra Slowed),50,285440,,177,0.82,0.47,0.76,-9.1,True,english,https://open.spotify.com/track/73b4ty49AcK6qsW6x81l4j
4geav6a4RLB9kL8bJw3eQx,Verappa - Punjabi Version,Sai Abhyankkar,5jJrJU7VVmxQQLcLAmmxXc,Karuppu - Side B (God Mode Begins) [Original Score],50,135979,,97,0.57,0.21,0.31,-9.2,True,english,https://open.spotify.com/track/4geav6a4RLB9kL8bJw3eQx
6FQQiTpYnfc5803p84bQp1,Vikram - Title Track,"Anirudh Ravichander, Vishnu Edavan",4zCH9qm4R2DADamUHMCa6O|0EESJaBQY5fiBeQOGvDi3T,Vikram (Original Motion Picture Soundtrack),50,218823,,97,0.52,0.33,0.79,-13.1,True,english,https://open.spotify.com/track/6FQQiTpYnfc5803p84bQp1
75uJJC9gnQepYBEmPLS0rI,Vikram Title Track - Hindi,"Anirudh Ravichander, Raqueeb Alam, Siddharth Mahadevan",4zCH9qm4R2DADamUHMCa6O|5DJ9Jdt2tfopA7eKuHCO4h|7hwEGO7U6JwQ7M1teoO8GW,Vikram Hitlist (Hindi) [Original Motion Picture Soundtrack],50,218823,,165,0.82,0.22,0.48,-12.7,True,hindi,https://open.spotify.com/track/75uJJC9gnQepYBEmPLS0rI
2mldMnu7kHSm4l5se4Zo7Y,Vikram Title Track - Telugu,"Anirudh Ravichander, Prudhvi Chandra",4zCH9qm4R2DADamUHMCa6O|4xUI2yJe8cZHYGhS8rk1oR,Vikram Hitlist (Original Motion Picture Soundtrack),50,218823,,128,0.5,0.72,0.31,-5.9,True,hindi,https://open.spotify.com/track/2mldMnu7kHSm4l5se4Zo7Y
6OY61mofLDKA76sfce1ads,Vishwaroopam,"Shankar-Ehsaan-Loy, Suraj Jagan",0L5GV6LN8SWWUWIdBbTLTZ|6eMFGgGDh5iXU1POAK0cpe,Vishwaroopam (Tamil) [Original Motion Picture Soundtrack],50,263106,,91,0.71,0.41,0.47,-11.2,True,english,https://open.spotify.com/track/6OY61mofLDKA76sfce1ads
17PQaCU7RFvz06Mf8a4Ty1,WAAKA,"Raja Kang, Aman Sandhu",5KCHRPbzx9DQHpCv9i4PFs|7Eft9id9FmZsyPEfmF7Pks,WAAKA,50,188731,,136,0.57,0.54,0.55,-7.7,True,hindi,https://open.spotify.com/track/17PQaCU7RFvz06Mf8a4Ty1
69vbni6QGflWHbLmhL3j3m,WAKE UP,Gurinder Gill,5DHi2MeoRgAwPE0A0qwRMl,HARD CHOICES,50,153174,,111,0.52,0.85,0.49,-9.7,True,hindi,https://open.spotify.com/track/69vbni6QGflWHbLmhL3j3m
17CKR9ysAVC6rylMmdyFOY,WE ON GO - INSTRUMENTAL,BIA,6veh5zbFpm31XsPdjBgPER,WE ON GO PACK,50,163053,,180,0.66,0.66,0.63,-8.1,True,english,https://open.spotify.com/track/17CKR9ysAVC6rylMmdyFOY
4wfBtXgMOruif5XdiknTfd,WE ON GO II (feat. Denzel Curry),"BIA, A$AP Ferg, Denzel Curry",6veh5zbFpm31XsPdjBgPER|5dHt1vcEm9qb8fCyLcB3HL|6fxyWrfmjcbj5d12gXeiNV,BIANCA (Deluxe),50,195533,,122,0.66,0.46,0.46,-9.3,True,english,https://open.spotify.com/track/4wfBtXgMOruif5XdiknTfd
6VT4Dnjd2OgBpwpzGMwo58,WE ON GO III (feat. TiaCorine),"BIA, TiaCorine",6veh5zbFpm31XsPdjBgPER|39i5B6umzWzkfMe12JrMwW,WE ON GO III (feat. TiaCorine),50,165801,,148,0.41,0.3,0.7,-6.8,True,english,https://open.spotify.com/track/6VT4Dnjd2OgBpwpzGMwo58
5JUrOYBNjGnbU1Ulx6bFmQ,WORKOUT,Nick.KO,2yIUMvTbXhYwwR7cvJMaoK,WORKOUT,50,148632,,158,0.85,0.3,0.64,-7.6,True,english,https://open.spotify.com/track/5JUrOYBNjGnbU1Ulx6bFmQ
5AaW2Nf7wygO01eL2E9SvA,WORKOUT,"Patricks Tombstone, gizmo",5ZvbukDKAhPyv4lgPXEG7D|0uya6QELbHSc91t24xHUr1,WORKOUT,50,169482,,99,0.64,0.35,0.77,-10.1,True,english,https://open.spotify.com/track/5AaW2Nf7wygO01eL2E9SvA
5dHE9KhbVJ5z5Yz5JsIgiR,WORKOUT,JIDDY,2pVWwaFwgfOc1pwlDoj1uA,SUMMER'S MINE,50,97413,,137,0.62,0.28,0.35,-5.8,True,english,https://open.spotify.com/track/5dHE9KhbVJ5z5Yz5JsIgiR
0wapads1fnPZcykH4lHyFU,WORKOUT,"Don Ready, DKG KIE",5kQnpfa9Qp5lNSOThWVnFl|1eeYg6dFkaRT5GA0lsCVHA,WORKOUT,50,116730,,158,0.69,0.77,0.46,-12.0,True,english,https://open.spotify.com/track/0wapads1fnPZcykH4lHyFU
7vBaWoOGn6HGNAM3IGP7ad,Wahi Abhimanyu Hu Mai,Ravan,5vzI9RjJu68UXtxk6LVC0E,Wahi Abhimanyu Hu Mai,50,366318,,158,0.77,0.69,0.81,-10.4,True,hindi,https://open.spotify.com/track/7vBaWoOGn6HGNAM3IGP7ad
2ALhBKuSwzfL8V1fEnoitq,Wahi Ravan Hu Mai,Ravan,5vzI9RjJu68UXtxk6LVC0E,Wahi Ravan Hu Mai,50,295500,,115,0.66,0.37,0.66,-11.4,True,hindi,https://open.spotify.com/track/2ALhBKuSwzfL8V1fEnoitq
7dKigH119jK5RJI3mKFMYi,Wang Da Naap - Hip Hop Mix,"Ammy Virk, Gurmeet Singh",2RlWC7XKizSOsZ8F3uGi59|5aL0URFqLCRbrB3cewGLgF,Punjabi Power Workout,50,165015,,161,0.52,0.23,0.35,-10.2,True,hindi,https://open.spotify.com/track/7dKigH119jK5RJI3mKFMYi
12vvOjbUgG54lhaItaW0RY,Warrior Spirit Beast Mode Mentality,Easy Mills,42KGnz1uD7XJMiwkbpERN0,Warrior Spirit Beast Mode Mentality,50,259423,,94,0.8,0.25,0.37,-9.1,True,english,https://open.spotify.com/track/12vvOjbUgG54lhaItaW0RY
1XwcDpv2plrkmsgqbQ1pN0,Warriors - English Rap,"G. V. Prakash, Yogi B",5VVN3xZw1i2qihfITZlvCZ|614RN5ndeqpLlqg1yDbjtm,Aadukalam (Original Motion Picture Soundtrack),50,260506,,102,0.71,0.27,0.75,-5.2,True,english,https://open.spotify.com/track/1XwcDpv2plrkmsgqbQ1pN0
2QwdxyOGuAQ3hwwj51lj1c,Watch Me,Hanbit Yu,6EwFg9rHS30Z3GWgMlyHf9,"RUNNING & WORKOUT, Vol. 18",50,207960,,90,0.5,0.25,0.37,-7.9,True,english,https://open.spotify.com/track/2QwdxyOGuAQ3hwwj51lj1c
6C73vHxF22TPy7TMZgdvTe,Watermelon Sugar - Workout Remix 128 Bpm,Workout Music Tv,0k5KeG8St6LiePh5blOwwl,Beach Running Summer 2020 Workout Session (60 Minutes Non-Stop Mixed Compilation for Fitness & Workout 128 Bpm),50,224999,,128,0.7,0.34,0.53,-13.0,True,english,https://open.spotify.com/track/6C73vHxF22TPy7TMZgdvTe
5NK9xMRWx9HXAEWiJHqJzG,We Are Family - Workout Remix 129 Bpm,Workout Music Tv,0k5KeG8St6LiePh5blOwwl,40 Best Aerobic & Cardio Songs Ever: 70s Hits For Fitness & Workout (Unmixed Compilation For Fitness & Workout 128 - 150 Bpm / 32 Count),50,320303,,179,0.57,0.38,0.44,-11.6,True,english,https://open.spotify.com/track/5NK9xMRWx9HXAEWiJHqJzG
0SoPBLzdQA6GZOWKzYtuHC,We Built This City - Workout Remix 145 Bpm,Workout Music Tv,0k5KeG8St6LiePh5blOwwl,Running Hits Spring 2020 Workout Session (60 Minutes Non-Stop Mixed Compilation for Fitness & Workout 145 Bpm),50,284692,,150,0.9,0.56,0.66,-11.9,True,english,https://open.spotify.com/track/0SoPBLzdQA6GZOWKzYtuHC
3liwmqETSfiEGnufP5r79f,We Found Love (Remix),Cardio Hits! Workout,0spcNDKHmvQq0UpORm8zZN,Workout Cardio 35 Remixed,50,261637,,120,0.47,0.33,0.49,-5.6,True,english,https://open.spotify.com/track/3liwmqETSfiEGnufP5r79f
1NaEqNe5oluiUsMIGHfs13,Weekend Bhangra - Vol. 1,Nick Dhillon,0NoS2kDSOwTtTCcI7BXMx4,Weekend Bhangra (Vol. 1),50,417063,,148,0.76,0.57,0.41,-6.5,True,hindi,https://open.spotify.com/track/1NaEqNe5oluiUsMIGHfs13
6h6kcTwiAZVZKPd7cNyZr5,Weekend Bhangra - Vol. 2,Nick Dhillon,0NoS2kDSOwTtTCcI7BXMx4,Weekend Bhangra (Vol. 2),50,396734,,144,0.81,0.44,0.3,-8.4,True,hindi,https://open.spotify.com/track/6h6kcTwiAZVZKPd7cNyZr5
1TKXZCy5af5ynFpRdUY4pa,Weekend Bhangra - Vol. 3,Nick Dhillon,0NoS2kDSOwTtTCcI7BXMx4,Weekend Bhangra (Vol. 3),50,507872,,119,0.57,0.46,0.71,-5.3,True,hindi,https://open.spotify.com/track/1TKXZCy5af5ynFpRdUY4pa
3GlFj0trib6XOtz1XZfWqz,Western Punjabi Bhangra Dhol Beat,UBHI,4qBHFuGBI3KbJnO6b9GzWr,Western Punjabi Bhangra Dhol Beat,50,203118,,154,0.8,0.8,0.33,-11.7,True,hindi,https://open.spotify.com/track/3GlFj0trib6XOtz1XZfWqz
2kcv8IOMdi3HsPjGB0hZIB,What Is Love (124 BPM) Cardio,Personal Trainer Mike,6WJ9bBqJjJ3R1IH1KlsNXM,Fitness & Workout: Power Cycling Vol. 4,50,263693,,109,0.79,0.69,0.85,-5.2,True,english,https://open.spotify.com/track/2kcv8IOMdi3HsPjGB0hZIB
4GT43kr7Xvv8EJU8tH8C9x,What Is Love - Workout Remix 128 Bpm,Workout Music Tv,0k5KeG8St6LiePh5blOwwl,40 Best Aerobic & Cardio Songs Ever 90s Hits For Fitness & Workout (Unmixed Compilation for Fitness & Workout 128 - 142 Bpm / 32 Count),50,273281,,119,0.45,0.3,0.48,-13.6,True,english,https://open.spotify.com/track/4GT43kr7Xvv8EJU8tH8C9x
68Fvf8fy6pDhYqmBZrnHen,What Lovers Do (Fitness Version),Marcello T.,4qPvS0EDNuQW9bRkidoDLQ,What Lovers Do,50,232124,,134,0.72,0.84,0.86,-12.3,True,english,https://open.spotify.com/track/68Fvf8fy6pDhYqmBZrnHen
4iynikogXUg9LlQVTh0pA9,What Lovers Do - Workout Remix 135 bpm,SuperFitness,6L74J3BzylQkJF7rBXTpgT,Aerobic Hits Session 2018: 60 Minutes Mixed Compilation for Fitness & Workout 135 bpm/32 Count,50,198293,,136,0.64,0.4,0.66,-11.4,True,english,https://open.spotify.com/track/4iynikogXUg9LlQVTh0pA9
2EU4dEMDrPS1hwLSxk6PZ7,Whiskey,Diljit Dosanjh,2FKWNmZWDBZR4dE5KX4plR,G.O.A.T.,50,205333,,117,0.8,0.73,0.69,-9.4,True,hindi,https://open.spotify.com/track/2EU4dEMDrPS1hwLSxk6PZ7
7D3PE4CtwBKpkUvICGK2OB,Whiskey in the Jar,Velvet Sky22,0RMnEClBtqA2jpYUYjwyBY,Whiskey in the Jar,50,245527,,143,0.46,0.82,0.32,-6.5,True,english,https://open.spotify.com/track/7D3PE4CtwBKpkUvICGK2OB
5uPC1D2NftNdas15Hx3ehO,Whoomp! (There It Is) - Cardio Workout Mix,Workout Music,5njMahLKD1tLJ5bejvqseV,Booty Blast! Cardio Workout,50,256320,,170,0.8,0.84,0.66,-13.5,True,english,https://open.spotify.com/track/5uPC1D2NftNdas15Hx3ehO
3CSf5FmipNZCisblJwv8zT,"Why This Kolaveri Di? (From ""3"") - 132 BPM","Anirudh Ravichander, Dhanush",4zCH9qm4R2DADamUHMCa6O|2F3KtUVtrt2GLjcl6pB4cz,Workout Bollywood Style: 60 Mins Non Stop Mix,50,124973,,96,0.47,0.72,0.73,-6.0,True,hindi,https://open.spotify.com/track/3CSf5FmipNZCisblJwv8zT
6BWI0HuoZvtplHJOJLKuYG,Wicked Wonderland (Cardio Workout Remix),Cardio Mix Masterz,0Vcbha6XzwPkQdzQXXD6cl,"Cardio Hitmix! All Hits 3 (140-155 BPM, 32-Count, Nonstop Fitness & Workout)",50,173426,,121,0.57,0.47,0.32,-6.3,True,english,https://open.spotify.com/track/6BWI0HuoZvtplHJOJLKuYG
3FqtduiaqnFYvBgKuc6QWQ,Winning Speech,"Karan Aujla, Mxrci, Seshnolan",6DARBhWbfcS9E4yJzcliqQ|5Us2dsq4VHlfLbKOrskg7K|4QsiFUy1ddAbRb1UnjvUWN,Winning Speech,50,227441,,129,0.6,0.56,0.83,-6.2,True,hindi,https://open.spotify.com/track/3FqtduiaqnFYvBgKuc6QWQ
1VGYwhhVvwPVj4Gl9kGXJT,Woah,Arjan Dhillon,64DvMieEUCdrYKmEIhDt8G,Chobar,50,174803,,152,0.86,0.35,0.4,-7.7,True,hindi,https://open.spotify.com/track/1VGYwhhVvwPVj4Gl9kGXJT
0UmlonWkoG3ETrysj6bkq0,Woh Ladki Jo - Sped Up,Abhijeet,2ZRrPOjBIWoKK5rHedLijj,Workout with Bollywood,50,197591,,180,0.6,0.39,0.32,-7.1,True,hindi,https://open.spotify.com/track/0UmlonWkoG3ETrysj6bkq0
1N55kpIiw1UlofCfmNXubv,Woops - Slowed down to perfection,Ren0wned,0U9UOUZ2iSmDR1tBe7F7tt,Woops,50,288391,,93,0.43,0.38,0.74,-10.5,True,english,https://open.spotify.com/track/1N55kpIiw1UlofCfmNXubv
4iFJSLDprfm9abCxQLUC9x,Work Hard,Jassi X,3rJlJIcCjbAyj4X08YQqsS,Work Hard,50,166153,,172,0.61,0.38,0.65,-8.8,True,hindi,https://open.spotify.com/track/4iFJSLDprfm9abCxQLUC9x
2wAJTrFhCnQyNSD3oUgTZO,Work Out,J. Cole,6l3HvQ5sa6mXTsMTB19rO5,Cole World: The Sideline Story,50,235320,,111,0.66,0.58,0.31,-5.5,True,english,https://open.spotify.com/track/2wAJTrFhCnQyNSD3oUgTZO
08AJrzWJWILgewSASbc5xQ,Work Out,J. Cole,6l3HvQ5sa6mXTsMTB19rO5,Cole World: The Sideline Story,50,235333,,151,0.55,0.66,0.56,-10.1,True,english,https://open.spotify.com/track/08AJrzWJWILgewSASbc5xQ
2iibqG1ThsvEWVb4iSSSfE,WorkOut,Syava,0LLDeswZnidFEuD5PVZxsI,WorkOut,50,148687,,132,0.44,0.54,0.88,-10.9,True,english,https://open.spotify.com/track/2iibqG1ThsvEWVb4iSSSfE
6mpAOGrjEhTKJU9uViLGBb,Working Out - Cycling,Fitness Chillout Lounge Workout,1dps7rNYkUpM4LkOilizcv,"Workout Instrumentals 4 Cardio, Running, Cycling",50,263622,,142,0.46,0.26,0.37,-13.7,True,english,https://open.spotify.com/track/6mpAOGrjEhTKJU9uViLGBb
0relNMArnXXkJx63Rv4rXZ,Workout,JSL,77DD7sdF7pubwMbSK9Yp00,Workout,50,207816,,139,0.5,0.66,0.47,-8.1,True,english,https://open.spotify.com/track/0relNMArnXXkJx63Rv4rXZ
5NUM7lKXtTWh5yyTkrxhAJ,Workout,prettifun,3J3ngZn7GjzjwCPBkqtz65,Workout,50,153257,,120,0.55,0.63,0.31,-10.1,True,english,https://open.spotify.com/track/5NUM7lKXtTWh5yyTkrxhAJ
7GwDNbCxcAuoCvk3fAWwnm,Workout,"DCR MILDA, sneakout.",5AS0k6J1K3MrVUtKKahv64|0mIsx1fWAOHUmZCKEq9PL7,Workout,50,177163,,112,0.84,0.7,0.57,-8.3,True,english,https://open.spotify.com/track/7GwDNbCxcAuoCvk3fAWwnm
0tP98JLud8UGyCkUkRriqu,Workout,PRIMU$ PHONK,6u5lHRb2ymHYmFzchxRbKP,Workout,50,122671,,169,0.47,0.33,0.68,-13.2,True,english,https://open.spotify.com/track/0tP98JLud8UGyCkUkRriqu
3BlI8WbmqInpjM0z3k4L63,Workout,"Kes, Nailah Blackman",7E6r9S8qCRfZVCjF1A8do6|1K23l3n63BTCtIMm0TyS4c,Workout (feat. Nailah Blackman),50,238153,,156,0.74,0.26,0.39,-14.2,True,english,https://open.spotify.com/track/3BlI8WbmqInpjM0z3k4L63
5wzNtzUnKwNRG9vbRIC4bp,Workout,Magi Merlin,6uOvQgcFOmdzhunx7n83J2,POWER HOUSE,50,277256,,148,0.84,0.33,0.8,-13.5,True,english,https://open.spotify.com/track/5wzNtzUnKwNRG9vbRIC4bp
0b59YDhNMi8tIiSQWvCCe7,Workout,Rendez Vous,4a118edzJsiImCyPCZk6mY,Distance,50,275391,,174,0.59,0.27,0.77,-6.0,True,english,https://open.spotify.com/track/0b59YDhNMi8tIiSQWvCCe7
5XH2T7g6s9b3tHFrxsWtcP,Workout,Andy C,75HK7rgkmDMTnWwwmcN53N,Workout,50,247040,,114,0.88,0.74,0.71,-13.3,True,english,https://open.spotify.com/track/5XH2T7g6s9b3tHFrxsWtcP
2a68xrYa3kxdyxKQkVuaJQ,Workout,"DJ Craig Gorman, Alex Hosking",0koQ34MqfcfCFCiMGEY400|5YCU9eHY4IYTyNa8XRFuw9,Workout,50,180032,,161,0.59,0.89,0.69,-11.6,True,english,https://open.spotify.com/track/2a68xrYa3kxdyxKQkVuaJQ
0y5i5hWbhVk5f2MSyj5Cgu,Workout,"Reli Beats, Azerbeats, Yardin Beats",533xFrFfSzMUl4IvUT7YH5|595CdU8Gay4WhfvkmX7w3T|5cWMmggtmODCBGwTM8P1iC,Workout,50,183312,,170,0.89,0.49,0.43,-13.2,True,english,https://open.spotify.com/track/0y5i5hWbhVk5f2MSyj5Cgu
5E6u3mipkLhYFuktFXc7LS,Workout,Frankie Knuckles,63yl9nDNrHpiAYGlNJxxjc,Beyond The Mix,50,255200,,168,0.9,0.86,0.66,-11.1,True,english,https://open.spotify.com/track/5E6u3mipkLhYFuktFXc7LS
6LBoI7J47IlqP7bi8OCBNm,Workout,Synthwave Nation,50QWVLkYpLyAdH4AA2sBKy,Back to the 80s,50,90000,,179,0.56,0.39,0.58,-11.5,True,english,https://open.spotify.com/track/6LBoI7J47IlqP7bi8OCBNm
2Nn2x8NvQ2bPmg9BeoTqps,Workout,"Spa Me Up, Ice Prince",7v6Dgrvmuy2eassQJjr1yl|1sSt1DqqqFLkPwfrqafVyn,Workout,50,141453,,146,0.78,0.4,0.73,-13.4,True,english,https://open.spotify.com/track/2Nn2x8NvQ2bPmg9BeoTqps
6XGyBPInFB1M3BsZzTduHe,Workout,Giraffage,4kubsO16bEfCADaVUyoYb6,Workout,50,253703,,94,0.88,0.67,0.34,-13.9,True,english,https://open.spotify.com/track/6XGyBPInFB1M3BsZzTduHe
0XBCDZ3hD3N4GoJce8Qzpt,Workout,Marc Brauner,6HX3fbKCin6OPe6ZFZ8qsf,Workout,50,215803,,94,0.89,0.61,0.55,-6.8,True,english,https://open.spotify.com/track/0XBCDZ3hD3N4GoJce8Qzpt
3kBlfl2W2NjFTOBNLCe6TC,Workout,"Ensi, Nerone, Brava Gente",6dKdNHGdsBvEeNDxXV8AMP|7kG6A2lZMXeaD5YkubF5Kn|4mGFiauNMsVwgTFpcDfr7T,BRAVA GENTE - EXTRA,50,146222,,173,0.57,0.5,0.63,-13.9,True,english,https://open.spotify.com/track/3kBlfl2W2NjFTOBNLCe6TC
1jkr5vw9efMLHhSxbQ8Wka,Workout,Shoes Turned Up,2BlwsYRIt98byMsQltCPiL,Mommy,50,137209,,159,0.52,0.37,0.45,-11.0,True,english,https://open.spotify.com/track/1jkr5vw9efMLHhSxbQ8Wka
52uVfTDm78om8etYwaifud,Workout,Mall Grab,7yF6JnFPDzgml2Ytkyl5D7,Rascal,50,327887,,112,0.69,0.63,0.82,-12.0,True,english,https://open.spotify.com/track/52uVfTDm78om8etYwaifud
5EzeC86M0PsyLlBDTkcVIp,Workout,"Paul Leonard-Morgan, Ross Hamilton",0360rTDeUjEyBXaz2Ki00a|0Eozubja6s8ZcxPB9wwHe9,Louis Theroux: Inside the Manosphere (Soundtrack from the Netflix Documentary),50,66354,,108,0.43,0.24,0.32,-8.4,True,english,https://open.spotify.com/track/5EzeC86M0PsyLlBDTkcVIp
0rSti8HDqWmC63Rljn3yD7,Workout,Addison Zegan,3zuE0122UNQrC2pVyqIVnq,Workout,50,84659,,124,0.78,0.62,0.73,-15.0,True,english,https://open.spotify.com/track/0rSti8HDqWmC63Rljn3yD7
47563oIQR3wsmXcQLTOLgD,Workout,J.K. Rollin,0q0fGcIwNUT2MrDT9HIdZZ,Workout,50,343391,,114,0.68,0.68,0.78,-11.0,True,english,https://open.spotify.com/track/47563oIQR3wsmXcQLTOLgD
0zqVUqHT2xBu84lQ7iN0Fl,Workout,JaidynAlexis,1bu90rjktSmOd2wveQoIKi,Workout,50,123010,,98,0.82,0.38,0.69,-11.7,True,english,https://open.spotify.com/track/0zqVUqHT2xBu84lQ7iN0Fl
2Tk28bDkOlZFeJcIDzNRgA,Workout,Gym Motivation Workout,0cxcLM4IUGGEgWSgdMs8go,Gym Motivation,50,122401,,118,0.44,0.2,0.61,-11.4,True,english,https://open.spotify.com/track/2Tk28bDkOlZFeJcIDzNRgA
44eSNw51NEz3SiitlIyCMK,Workout,"Sero Produktion Beats, JordanBeats",3RcoPvV8Q0N7q4qvKbwhT8|3F4JFJEnPl8f0EVVDCSQBZ,Assassin,50,206865,,159,0.62,0.77,0.82,-12.9,True,english,https://open.spotify.com/track/44eSNw51NEz3SiitlIyCMK
0yEo9wS1lTpUriaXZNKIzB,Workout,"JordanBeats, Sero Produktion Beats",3F4JFJEnPl8f0EVVDCSQBZ|3RcoPvV8Q0N7q4qvKbwhT8,Warrior (Instrumentals & Rap Beats),50,206808,,158,0.67,0.89,0.72,-8.0,True,english,https://open.spotify.com/track/0yEo9wS1lTpUriaXZNKIzB
3uY2DmDL1AX6rtGL7hVhmE,Workout,StudioKolomna,4DzT19dJvuycZvDmKJ6IMb,Workout,50,125210,,166,0.54,0.4,0.84,-8.2,True,english,https://open.spotify.com/track/3uY2DmDL1AX6rtGL7hVhmE
63PgDUiV0MbJc8V9zT5Ymn,Workout,Supreme Skillz,6ruLN1jQLgnNpRr4465GwS,Fitness Success,50,105403,,110,0.59,0.21,0.78,-12.4,True,english,https://open.spotify.com/track/63PgDUiV0MbJc8V9zT5Ymn
0tWEdXVyvix3YxBguQ60GX,Workout,Meechie,5j2ml5okgstT2sYTLkLhVA,Greenlee,50,270967,,170,0.43,0.8,0.56,-8.4,True,english,https://open.spotify.com/track/0tWEdXVyvix3YxBguQ60GX
00iJsFrb1rxPi9kzU0rjiH,Workout,Arei,2jSZ277vpY9bbRB4MglwO6,Workout,50,188577,,133,0.62,0.31,0.65,-9.8,True,english,https://open.spotify.com/track/00iJsFrb1rxPi9kzU0rjiH
5iiesjd8uFC00VwZLjHJNa,Workout,7dance,7uZ1dKaF935kUcr85XXp5I,Workout,50,188498,,125,0.58,0.77,0.73,-11.3,True,english,https://open.spotify.com/track/5iiesjd8uFC00VwZLjHJNa
6tXUyZFjrn5HjWlJFHYuot,Workout,Cerrone,5SE2sfwTpxL2vXRdG6H5PM,IX - Your Love Survived,50,289785,,115,0.88,0.43,0.51,-13.3,True,english,https://open.spotify.com/track/6tXUyZFjrn5HjWlJFHYuot
4HkSHxUcZovf2C3ZV0cbmn,Workout,Gleemer,4UjrcYERvCDC44O0uBSOFa,No Goodbyes,50,180250,,164,0.84,0.84,0.49,-11.1,True,english,https://open.spotify.com/track/4HkSHxUcZovf2C3ZV0cbmn
61Xg5w60N0HloyrpYZ4w2F,Workout,Chris & Cosey,2lHpa4rwVeFbEnA0X7d0Tt,Exotika,50,310040,,176,0.53,0.89,0.44,-14.4,True,english,https://open.spotify.com/track/61Xg5w60N0HloyrpYZ4w2F
7DOKWTU5V7zyKKDmv5yq27,Workout,Zuned saikh,4ofFEpvPbzRhYvlydQePCN,Workout,50,136234,,131,0.5,0.86,0.3,-13.5,True,english,https://open.spotify.com/track/7DOKWTU5V7zyKKDmv5yq27
5E6Z4MURZ7iolpYAtKaLoe,Workout,"Bigger Story Music, Mike Floss",4H7LmaCrBU6Qlby3pm4R8g|1NGIcWzf6Ucy1PTZvxA1vm,House EDM,50,218881,,94,0.86,0.74,0.59,-10.5,True,english,https://open.spotify.com/track/5E6Z4MURZ7iolpYAtKaLoe
17Bhygug3VsiyjnqrHyv2S,Workout,Rae,0C5cPQYHwhyMO7DFiwCxrh,Workout,50,162543,,138,0.84,0.75,0.85,-9.9,True,english,https://open.spotify.com/track/17Bhygug3VsiyjnqrHyv2S
1pi9GkPP59DkrRuXEQlY5K,Workout,Audiodeity,0afd5x5BXzDoEx2qmuvD1M,Workout,50,98475,,145,0.81,0.8,0.87,-5.6,True,english,https://open.spotify.com/track/1pi9GkPP59DkrRuXEQlY5K
7A6EMGuh0LiGvU1eur2Voj,Workout,JordanBeats,3F4JFJEnPl8f0EVVDCSQBZ,Lockdown (Instrumentals & Rap Beats),50,169718,,156,0.78,0.68,0.62,-6.9,True,english,https://open.spotify.com/track/7A6EMGuh0LiGvU1eur2Voj
6cm8Uq3mos1Y9ZtLyWMCWg,Workout,"Agus Zack, Devbanz, Revealed Recordings",5lgGTdDt54gaRQqbbOsnwK|3HwBLzkWN3oxIzVJm4Nqda|6aaMlV5Qz8DK66IWgwoUH8,Workout,50,130322,,133,0.66,0.85,0.85,-10.1,True,english,https://open.spotify.com/track/6cm8Uq3mos1Y9ZtLyWMCWg
26qOvnleZ2EPxdHgXQfHP7,Workout,"Young Thug, Yakki",50co4Is1HCEo8bhOyUWKpn|1KjsGWZlmjx5FcuO094c6e,Live from the County,50,181263,,103,0.5,0.44,0.85,-6.3,True,english,https://open.spotify.com/track/26qOvnleZ2EPxdHgXQfHP7
3W1StF5l2TilloUqafK2hg,Workout,Вавян и Белые Тени,3sJ9CtQKXWujWWRBsfLO5C,Workout,50,120000,,138,0.82,0.34,0.76,-11.4,True,english,https://open.spotify.com/track/3W1StF5l2TilloUqafK2hg
2rDioJlI8ulOv9kewYGNoj,Workout,"Kes, Nailah Blackman",7E6r9S8qCRfZVCjF1A8do6|1K23l3n63BTCtIMm0TyS4c,Get Soca 2017,50,237033,,139,0.48,0.68,0.55,-9.4,True,english,https://open.spotify.com/track/2rDioJlI8ulOv9kewYGNoj
2wQINW3wffBc68SAILlBIN,Workout,"Kes, Nailah Blackman",7E6r9S8qCRfZVCjF1A8do6|1K23l3n63BTCtIMm0TyS4c,Workout,50,238153,,128,0.57,0.47,0.88,-13.5,True,english,https://open.spotify.com/track/2wQINW3wffBc68SAILlBIN
2Fxr6FXR3KcTkXp56rMH2L,Workout,ZEROSEN,5JRQLptnBpfOv0TH8TsEpK,SUNRISE,50,283733,,108,0.56,0.48,0.37,-15.0,True,english,https://open.spotify.com/track/2Fxr6FXR3KcTkXp56rMH2L
4JVHYquiHBwEkcXeztpFr3,Workout,P.A.L,69oCoH6NLtIjjq0utoUp9V,Signum,50,164000,,161,0.67,0.63,0.4,-6.0,True,english,https://open.spotify.com/track/4JVHYquiHBwEkcXeztpFr3
5wpweF5Q0rwEmwre5qS0is,Workout,"NZB, SLICEGHILL",1zKXUFPFcbNMKYrhiH17pQ|1janFoRB1X3zJd9IKkHuUo,Unlimited Phonk,50,87024,,141,0.51,0.41,0.81,-11.6,True,english,https://open.spotify.com/track/5wpweF5Q0rwEmwre5qS0is
1STpZZqzE0IYHzifp9jGjN,Workout,Datkat,0cMSzJS6gKKEEwxzhB9ejc,Workout,50,134844,,174,0.64,0.8,0.57,-11.3,True,english,https://open.spotify.com/track/1STpZZqzE0IYHzifp9jGjN
49wF0rLHrhh2yPe7iKIsmi,Workout,DJ Swagger,3l8A3VM3N2E4lx3afyMd9C,Backdoor Music,50,113522,,156,0.54,0.67,0.63,-5.5,True,english,https://open.spotify.com/track/49wF0rLHrhh2yPe7iKIsmi
0GZgqS9dkzWiLYUcPegf3K,Workout,"DJ MAC, Elephant Man, CrashDummy",3EC3CDEkhHY70vYFBVasZc|6NOvBZrkd83MSD51xkq4on|0pyehJ4fIGvJMD8EXGLUAI,Workout,50,186148,,138,0.52,0.61,0.44,-6.7,True,english,https://open.spotify.com/track/0GZgqS9dkzWiLYUcPegf3K
1hjBKuSff9gpAdTLcgdgo1,Workout,"DJ Zayn, D J Electronica",2Qq4plHVP8ri2YvJwytEGg|4wVhKjvmfJZszvmvVbfuXd,Fitness Music 2023,50,235909,,170,0.85,0.61,0.62,-13.2,True,english,https://open.spotify.com/track/1hjBKuSff9gpAdTLcgdgo1
24hy78257H9CNWKcnDrsJH,Workout,Indwelt,5oH8wmFocT5sMT4kFL8QQM,Workout,50,66559,,174,0.62,0.54,0.59,-11.0,True,english,https://open.spotify.com/track/24hy78257H9CNWKcnDrsJH
65tzPtmkhWijf2zTWfw3Mh,Workout,Punjabi Styler,1CRnVQlcmbflOedXFaT0pT,Workout,50,233800,,114,0.78,0.8,0.49,-8.9,True,hindi,https://open.spotify.com/track/65tzPtmkhWijf2zTWfw3Mh
7qN9fwac2Art7iZ1rbCVFV,Workout,Real Jass,0S0TVJ4WYf8J3hihpzCisx,Workout,50,86238,,153,0.84,0.46,0.54,-6.5,True,hindi,https://open.spotify.com/track/7qN9fwac2Art7iZ1rbCVFV
37agTswa8t8Khj8Dd4Bu0C,Workout Fitness DVD Music,Bobby Cole,0Nk0Nee79EErNt1I1lCxrF,アーバン・ヒップホップ・ビーツ,50,83252,,171,0.58,0.23,0.79,-6.6,True,english,https://open.spotify.com/track/37agTswa8t8Khj8Dd4Bu0C
3dVHWp3HuDmuC7U3jFGeFk,Workout Motivation,Ronnie Coleman,669tOwEwTu5gq6qjY38VoS,Workout Motivation,50,60757,,102,0.57,0.8,0.73,-8.9,True,english,https://open.spotify.com/track/3dVHWp3HuDmuC7U3jFGeFk
3HrDQPzRM6Qj8jO6q9O9nc,Workout Music,"Motivational Music, Motivational EDM, Motivational Beats",66563wLzkOmGQYqW9GX9T8|0pCqCSGTsJjulHnnRDeeD6|4sBVIqo4dCMbUt7Y6HY7fr,EDM Drops for Gym Legends,50,166836,,173,0.55,0.33,0.88,-6.0,True,english,https://open.spotify.com/track/3HrDQPzRM6Qj8jO6q9O9nc
6W9HqS7e9epE9A0hDd0egk,Workout Music Playlist,Hot Beat Universe,4wC7SuWGv5zxNixbErqGyO,WORKOUT MUSIC 2025 WORKOUT MOTIVATION SONGS GYM BEASTMODE POWER,50,137359,,174,0.89,0.33,0.31,-9.2,True,english,https://open.spotify.com/track/6W9HqS7e9epE9A0hDd0egk
2a1JSfTePKhysdIif2bzut,Workout Plan,Kanye West,5K4W6rqBFWDnAN6FQUkS6x,The College Dropout,50,46173,,144,0.57,0.41,0.4,-9.6,True,english,https://open.spotify.com/track/2a1JSfTePKhysdIif2bzut
2cAtlBu2HOoAJS4Rz1ajov,Workout With Sumit Parta Mashup,Sumit Parta,3b3PfZsOrb3cPzSCZjawbr,Workout With Sumit Parta Mashup,50,300631,,136,0.44,0.76,0.8,-9.4,True,english,https://open.spotify.com/track/2cAtlBu2HOoAJS4Rz1ajov
0eK3JusdAyirxPPDALSoY9,World hits Hard - Train Hard Mix,"FITNESS HITS 2018, Fitness & Workout Hits 2019, Disco Fitness Crew",2lfxdF1M0a0FAernvS1NrK|1pBenZndhL0P8r1TjrRwLy|13UO96YgXmc0Eqj1MacNcv,Fitness Training Music,50,96923,,108,0.7,0.61,0.33,-9.1,True,english,https://open.spotify.com/track/0eK3JusdAyirxPPDALSoY9
2tG5aBf15XYOz2wtOjekdk,Worldwide,"Arjan Dhillon, Mxrci",64DvMieEUCdrYKmEIhDt8G|5Us2dsq4VHlfLbKOrskg7K,Saroor,50,122598,,112,0.78,0.42,0.52,-9.4,True,hindi,https://open.spotify.com/track/2tG5aBf15XYOz2wtOjekdk
6FiZtfAN2LSlaKXwuEJKTq,X-BERSERK - Slowed,"MXCCREE, DJ GL3CHEKY, glichery",7qIgmxSjoXEeifSVDh8nIt|1dX1zejt24Ojiu0lX4T1ZM|7xD76cR2sg2mAH29zBGnks,X-BERSERK,50,108461,,99,0.46,0.65,0.5,-8.2,True,english,https://open.spotify.com/track/6FiZtfAN2LSlaKXwuEJKTq
2W8bbwCHzA2L06jb3ZkCeF,XLR,inshvllvh,3RUHIiFrqcb4Hq3pEtJW4V,XLR,50,191544,,172,0.66,0.84,0.51,-8.2,True,english,https://open.spotify.com/track/2W8bbwCHzA2L06jb3ZkCeF
496pX4H1xFO3rSYNx14Jxa,Xtreme Cardio Workout,Xtreme Cardio Workout,6LdYcUQhPIhkcQJZM7Tpok,Winter Workout at Home: Happy Songs for Working Out While Staying Smily,50,140391,,171,0.48,0.62,0.57,-12.2,True,english,https://open.spotify.com/track/496pX4H1xFO3rSYNx14Jxa
0RGp4KA9wvndxqPIWoKwnD,Yalgaar,"Ajey Nagar (CarryMinati), Wily Frenzy",1VwNP7mP5DmTsdJqQuW0nT|6VThiaywEMHlLUf8ThNxdg,Yalgaar (Original),50,195652,,143,0.58,0.4,0.65,-12.1,True,hindi,https://open.spotify.com/track/0RGp4KA9wvndxqPIWoKwnD
31rt9nDNTxJPdvZOBgUidH,Yen Pecha Naane Kekkamaaten,"Anirudh Ravichander, Thalapathy Vijay",4zCH9qm4R2DADamUHMCa6O|0fhunuOz2OuOEr3YK5ctSm,Beast (Original Background Score),50,65500,,134,0.62,0.56,0.44,-8.3,True,english,https://open.spotify.com/track/31rt9nDNTxJPdvZOBgUidH
76JxauQ8isYkpbFXRzRQGX,Yennai Arindhaal,"Harris Jayaraj, Devan Ekambaram, Mark Thomas, Abhishek",29aw5YCdIw2FEXYyAJZI8l|1HUZ6vfsSWpfLoxjgDavEB|7Dxsic9QYvxLTrnmGrYN1p|1CwJfbAkP2ZyA2QaF3ZKgE,Yennai Arindhaal (Original Motion Picture Soundtrack),50,346294,,122,0.52,0.34,0.44,-6.2,True,english,https://open.spotify.com/track/76JxauQ8isYkpbFXRzRQGX
7CphihaTcb3ALIMghZ7zzd,"Yentamma - From ""Kisi Ka Bhai Kisi Ki Jaan""","Raftaar, Vishal Dadlani, Payal Dev",5UdFr0GeO7jKIaNIJgwB36|6CXEwIaXYfVJ84biCxqc9k|6FtZhorjCMfkaVJ7kKdmq7,Bollywood Workout Hits,50,176962,,122,0.46,0.67,0.61,-13.1,True,hindi,https://open.spotify.com/track/7CphihaTcb3ALIMghZ7zzd
3mxvu9rMXewfOhUSKXkaLn,You Ain't Seen Nothing Yet - 128 BPM Workout Remix,Trance-Angels,7p0Mw4heDamwmvKLlkVHrR,Running & Workout for Seniors,50,264473,,158,0.8,0.24,0.78,-10.5,True,english,https://open.spotify.com/track/3mxvu9rMXewfOhUSKXkaLn
5TCuz9TVW2mRCQLlK7riLC,You And I - Workout Remix 130 bpm,SuperFitness,6L74J3BzylQkJF7rBXTpgT,Cardio Workout Mix 2024: 130 bpm/32 count,50,206770,,167,0.81,0.21,0.85,-5.6,True,english,https://open.spotify.com/track/5TCuz9TVW2mRCQLlK7riLC
63iuseNM9M4zQ1KBRe7omL,You Spin My Head Right Round,Tomas Bellwais,5Rmq9infJP8EZ86srdUhIa,"Running Songs: Best Motivation Workout Music for Exercise Sports, Running, Bodypump, Aerobics, Gym",50,205333,,147,0.46,0.64,0.6,-7.5,True,english,https://open.spotify.com/track/63iuseNM9M4zQ1KBRe7omL
0YX2xlt7wwXS0xnU2bFG0n,You'll Always Find Your Way Back Home,"NIKSTER, ANVEE, TMBR",4lthXDxTc1gx0roDyIeaai|1G8RTaCyfbl9e4EasQL6gw|5plpiK7SIq617Sd4WBOaCW,You'll Always Find Your Way Back Home,50,216750,,176,0.4,0.8,0.6,-9.7,True,english,https://open.spotify.com/track/0YX2xlt7wwXS0xnU2bFG0n
58h4A2FIcmMl5MLjz4PeED,You're Number 1,DJ Kamal Supreme,5Oir5zMAdY6S88DH0brPwb,Bhangra Supreme Workout & Dance Party,50,247000,,175,0.64,0.73,0.66,-11.0,True,hindi,https://open.spotify.com/track/58h4A2FIcmMl5MLjz4PeED
1qwriyN9MGS8pMie7BlpKr,Your Hot - Best Gym Music for Cardio,Sport Music Fitness Personal Trainer,2txgNPQ9MbwADSISE4UsVg,"Workout Instrumentals 4 Cardio, Running, Cycling",50,134544,,98,0.46,0.2,0.86,-6.2,True,english,https://open.spotify.com/track/1qwriyN9MGS8pMie7BlpKr
3t2Z8TaLoedrMkyXQ23C6q,ZAZA,"Real Boss, Farmaan SMG, Baggh-e SMG, BIG KAY SMG",7mAbpafXc2MIAZn4ldxEuP|3yXzSYXBOTZ0m1QAfjlzKK|4eu7AyzvnafwOygTQlfAMu|0z4Mzficie9vUzDmz4Hy9G,Untitled,50,83239,,120,0.72,0.75,0.46,-9.5,True,hindi,https://open.spotify.com/track/3t2Z8TaLoedrMkyXQ23C6q
5sPuoQRE9HDhjHIBO9mDbQ,ZELENUYU - Ultra Slowed,HELLBLADE,7bEPCmDmXU7GbO8iid7YvP,ZELENUYU,50,126887,,115,0.59,0.83,0.63,-7.2,True,english,https://open.spotify.com/track/5sPuoQRE9HDhjHIBO9mDbQ
09pDP3E56VCJsshfAhVhVq,Zero Gravity,Hanbit Yu,6EwFg9rHS30Z3GWgMlyHf9,"RUNNING & WORKOUT, Vol. 18",50,194400,,90,0.82,0.82,0.53,-6.5,True,english,https://open.spotify.com/track/09pDP3E56VCJsshfAhVhVq
5xLTa8ofoU0z1eY0Fcc9Tm,"Zid Hai - From ""Jeet Ki Zid""",Diptarka Bose,3UcRGEx8FVrJLsE1GOU3ZR,"Zid Hai (From ""Jeet Ki Zid"")",50,238524,,146,0.89,0.24,0.77,-10.4,True,hindi,https://open.spotify.com/track/5xLTa8ofoU0z1eY0Fcc9Tm
7i17dqzJfwjen67JHYZqGn,Ziddi Dil,"Vishal Dadlani, Gioconda Vessichelli, Prashant Ingole",6CXEwIaXYfVJ84biCxqc9k|5ulNO0r6gVzEKBGItGs1J2|5DNHuR9u8DFVasxQZgREO5,Bollywood Workout Hits,50,286093,,102,0.74,0.81,0.4,-14.7,True,hindi,https://open.spotify.com/track/7i17dqzJfwjen67JHYZqGn
5abKWMQPFxoZm9pO5TtbR5,Ziddi Dil,"Vishal Dadlani, Gioconda Vessichelli, Prashant Ingole",6CXEwIaXYfVJ84biCxqc9k|5ulNO0r6gVzEKBGItGs1J2|5DNHuR9u8DFVasxQZgREO5,Mary Kom (Original Motion Picture Soundtrack),50,286093,,125,0.55,0.27,0.7,-9.6,True,hindi,https://open.spotify.com/track/5abKWMQPFxoZm9pO5TtbR5
7zT8CzY1jExkI0g1sI6n5o,Ziddi Dil,"Vishal Dadlani, Gioconda Vessichelli, Prashant Ingole",6CXEwIaXYfVJ84biCxqc9k|5ulNO0r6gVzEKBGItGs1J2|5DNHuR9u8DFVasxQZgREO5,Gym Motivation,50,286093,,132,0.88,0.75,0.68,-7.1,True,hindi,https://open.spotify.com/track/7zT8CzY1jExkI0g1sI6n5o
2269sF0g33Rl6qUsaouvLf,Ziddi Dil - Radio Edit,"Shashi Suman, Vishal Dadlani",3RDOiwcPufckpVDe8iAt94|6CXEwIaXYfVJ84biCxqc9k,Ziddi Dil (Radio Edit),50,250680,,128,0.88,0.72,0.75,-5.1,True,hindi,https://open.spotify.com/track/2269sF0g33Rl6qUsaouvLf
0M3ranRx25cU1z8VGu0sgC,"Zilla Hilela - From ""Jabariya Jodi""","Dev Negi, Monali Thakur, Pravesh Mallick, Raja Hasan",04FsFHujpuqonrPXZrEJlK|2o4R2rK7FetH40HTv0SUWl|7KkXMWm8xdafnzymUO9Dte|6ID2zdEFxXLChwiqQzf3ZA,Bollywood Workout Hits,50,238732,,167,0.58,0.34,0.57,-11.4,True,hindi,https://open.spotify.com/track/0M3ranRx25cU1z8VGu0sgC
7vZz8oJ5qAqB9MghufRK5k,Zinda,"Shankar-Ehsaan-Loy, Siddharth Mahadevan",0L5GV6LN8SWWUWIdBbTLTZ|7hwEGO7U6JwQ7M1teoO8GW,Bhaag Milkha Bhaag (Original Motion Picture Soundtrack),50,210857,,125,0.49,0.24,0.73,-9.3,True,hindi,https://open.spotify.com/track/7vZz8oJ5qAqB9MghufRK5k
6SJOju3P4HfwEjfGudYx6l,Zinda,"Shankar-Ehsaan-Loy, Siddharth Mahadevan",0L5GV6LN8SWWUWIdBbTLTZ|7hwEGO7U6JwQ7M1teoO8GW,Zinda,50,210863,,96,0.4,0.24,0.47,-9.7,True,hindi,https://open.spotify.com/track/6SJOju3P4HfwEjfGudYx6l
4FbBLpefHdgl0WQ2vX1e2N,Zinda,Vishal Dadlani,6CXEwIaXYfVJ84biCxqc9k,Bharat,50,140296,,149,0.83,0.86,0.5,-13.6,True,hindi,https://open.spotify.com/track/4FbBLpefHdgl0WQ2vX1e2N
7G8l3xa2mdujMR6MfI7DrW,"Zinda (From ""Bhaag Milkha Bhaag"")","Shankar-Ehsaan-Loy, Siddharth Mahadevan",0L5GV6LN8SWWUWIdBbTLTZ|7hwEGO7U6JwQ7M1teoO8GW,Zinda Spirit of India,50,211120,,153,0.7,0.57,0.36,-12.9,True,hindi,https://open.spotify.com/track/7G8l3xa2mdujMR6MfI7DrW
6n9Bi71NtTYRPGR9Hu2ZvR,"Zinda (From ""Bhaag Milkha Bhaag"") - 130 BPM",Shankar-Ehsaan-Loy,0L5GV6LN8SWWUWIdBbTLTZ,Workout Bollywood Style: 60 Mins Non Stop Mix,50,134946,,149,0.42,0.31,0.8,-12.6,True,hindi,https://open.spotify.com/track/6n9Bi71NtTYRPGR9Hu2ZvR
7md45nnXkzhX7OUKplETQ2,Zinda Banda,"Anirudh Ravichander, Irshad Kamil",4zCH9qm4R2DADamUHMCa6O|3GdSQUH1BRtl9UrrtuwJlP,Jawan,50,264000,,169,0.42,0.87,0.8,-9.8,True,hindi,https://open.spotify.com/track/7md45nnXkzhX7OUKplETQ2
4tzx5af2qpwgyjG6JQGthj,"Zinda Banda (From ""Jawan"")","Anirudh Ravichander, Irshad Kamil",4zCH9qm4R2DADamUHMCa6O|3GdSQUH1BRtl9UrrtuwJlP,"Zinda Banda (From ""Jawan"")",50,264000,,127,0.86,0.47,0.84,-7.5,True,hindi,https://open.spotify.com/track/4tzx5af2qpwgyjG6JQGthj
5RPa4SX7owbixtbigFPcJZ,Zinda Dili 2.0,"Salim–Sulaiman, Arijit Singh, Anshuman Sharma",6ohaQzKaXrobAL8paLSaxq|4YRxDV8wJFPHPTeXepOstw|3rNr8T39bUi3dYfiqffp8w,Zinda Dili 2.0,50,264960,,122,0.81,0.47,0.65,-5.6,True,hindi,https://open.spotify.com/track/5RPa4SX7owbixtbigFPcJZ
3Brmef0xG7wYhv9OYAAu7f,Zinda Hai,"Vishal-Shekhar, Julius Packiam (Tiger Theme), Sukhwinder Singh, Irshad Kamil",6Mv8GjQa7LKUGCAqa9qqdb|25B5Vk9Jqr42w35MQUyv3D|19MVxKZZdPj2X0F8pi0OCT|3GdSQUH1BRtl9UrrtuwJlP,Tiger Zinda Hai,50,253960,,162,0.48,0.59,0.67,-13.0,True,hindi,https://open.spotify.com/track/3Brmef0xG7wYhv9OYAAu7f
6qRHJNT6oILLhehqzxLAQh,"Zinda Rahey (From ""Chhaava"")","A.R. Rahman, Hiral Viradia, Irshad Kamil",1mYsTxnqsietFxj1OgoGbG|4zpvHvgxkN4FehrkqVSZUl|3GdSQUH1BRtl9UrrtuwJlP,Chhaava (Original Motion Picture Soundtrack),50,308076,,140,0.4,0.68,0.49,-14.5,True,hindi,https://open.spotify.com/track/6qRHJNT6oILLhehqzxLAQh
0OppuexnpMpF36nXOxrzGG,Zindgi Paheli,Sultaan,7frYUe4C7A42uZqCzD34Y4,Zindgi Paheli,50,158442,,175,0.51,0.35,0.36,-10.8,True,hindi,https://open.spotify.com/track/0OppuexnpMpF36nXOxrzGG
5W1KQ1uFbQ6o0EWnrNuJjL,Zingaat,Ajay-Atul,5fvTHKKzW44A9867nPDocM,Bollywood Workout Hits,50,226501,,93,0.58,0.65,0.75,-14.6,True,hindi,https://open.spotify.com/track/5W1KQ1uFbQ6o0EWnrNuJjL
3jynpneUE9IHRpx8Z77TqR,Zumba,Romy,0bRPtPZQkWHeG7MGk9eWlh,Bollywood Workout Hits,50,177714,,120,0.58,0.42,0.71,-7.8,True,hindi,https://open.spotify.com/track/3jynpneUE9IHRpx8Z77TqR
72SxcNGm6CNXqqRIFqefGp,Zumba Dance - Workout 2020 Remix,"Workout Music Gym, Workout Dance Music",6L0h1JhRtSMcBFcbdfk4m5|7H8HorLUuOJzx3wqU3J5hV,Gym Workout Music,50,122603,,154,0.53,0.38,0.36,-9.6,True,english,https://open.spotify.com/track/72SxcNGm6CNXqqRIFqefGp
0NeW9SZNOBYxbZq62fvqhG,brooklynbloodpop x vacation bible school - Slowed,bradybean,7GqxhVbndWhOZuUk3xssla,brooklynbloodpop x vacation bible school,50,219644,,143,0.52,0.21,0.72,-7.7,True,english,https://open.spotify.com/track/0NeW9SZNOBYxbZq62fvqhG
42vEAclReMAr0REq2lGr2W,cardio,Vaus Flores,7bOLfFfXBIPAs4eKwAFo9H,cardio,50,149500,,95,0.46,0.37,0.47,-12.2,True,english,https://open.spotify.com/track/42vEAclReMAr0REq2lGr2W
6uUzA66mSmFwJ174KYCsSG,cardoo,HEAV3NS,7BtdKM8i7rwnwOp1oqCYFd,#TYEC ULTRA,50,92312,,131,0.84,0.5,0.58,-5.9,True,english,https://open.spotify.com/track/6uUzA66mSmFwJ174KYCsSG
2ulc0KVY8Bz2AFzl3P6How,correr cardio resistencia,sologymrd,3lXjnjXq9typOqUbS1oqZA,full body,50,63480,,91,0.87,0.83,0.46,-12.0,True,english,https://open.spotify.com/track/2ulc0KVY8Bz2AFzl3P6How
5ukECsMtjDqOKwX69pIfnE,escuridao - Slowed,4WIZZ,5uh6mIBatCfTtP9zMnYfxp,escuridao,50,105383,,126,0.51,0.77,0.58,-6.4,True,english,https://open.spotify.com/track/5ukECsMtjDqOKwX69pIfnE
0MIyMNAyFmboeksiE3Hmn5,gal karni,"HRJXT, Intense",4s5P33ladNMi7gcBMHwp9a|0OS0NZnK7TGIAWx8MkWNFN,Twenty Two,50,167999,,157,0.4,0.51,0.43,-10.6,True,hindi,https://open.spotify.com/track/0MIyMNAyFmboeksiE3Hmn5
0VJWRJxPPbSAHt25XqMEha,habibi,"Rakhim, ayv1o",78G8FdUykcn02tsgMLi3q0|2CeSBZrsPySr5XwmdoiGzv,habibi,50,93000,,149,0.56,0.28,0.73,-13.4,True,english,https://open.spotify.com/track/0VJWRJxPPbSAHt25XqMEha
1DZUG5zLU7azxUZu7BQdje,habibi - Slowed,"Rakhim, ayv1o",78G8FdUykcn02tsgMLi3q0|2CeSBZrsPySr5XwmdoiGzv,habibi,50,97000,,158,0.67,0.49,0.7,-11.6,True,english,https://open.spotify.com/track/1DZUG5zLU7azxUZu7BQdje
0hSECPshzhxQwybsc2jOQ2,hear me out - slowed,DudePlaya,0ypzv0AG6k3yZjNxdhpnJF,hear me out,50,148408,,106,0.57,0.61,0.55,-11.1,True,english,https://open.spotify.com/track/0hSECPshzhxQwybsc2jOQ2
0jOxAA04hlysIxhS9VaOXw,mienteme tribale - slowed,"descending, cxxrupted",082FyxDDYH74RAOpOnjxLl|2fIMTUMoL9PqirRz830NPQ,mienteme tribale (slowed),50,95415,,126,0.88,0.29,0.51,-10.9,True,english,https://open.spotify.com/track/0jOxAA04hlysIxhS9VaOXw
2z2KxMJWnA9JEn9zSX74EI,munchausen syndrome proxy,fearless,1cXRGFLMxLxoVrByQfyeoz,munchausen syndrome proxy,50,113557,,116,0.6,0.7,0.35,-6.7,True,english,https://open.spotify.com/track/2z2KxMJWnA9JEn9zSX74EI
0ioXBJySu84GDeWJoUgOyP,running,no lyrics,4otoEFhC1clUHbH1Yv6EtU,Nami's Lesson,50,116784,,155,0.46,0.4,0.5,-10.9,True,english,https://open.spotify.com/track/0ioXBJySu84GDeWJoUgOyP
0toxGAVit8NqkFcl79d6Q7,sexy scene girl - (sped up),laydownrot,35QjsbRh0vtiHfbpLpMduE,sexy scene girl,50,82379,,140,0.9,0.56,0.71,-14.3,True,english,https://open.spotify.com/track/0toxGAVit8NqkFcl79d6Q7
3Y7NfGPkwrII0TqvfTIC2t,tesla,Fixupboy,6wZXpugmBbTg3lqKupAEEX,"tesla (show me your friends, i'll tell you your future)",50,134782,,131,0.9,0.42,0.86,-9.5,True,english,https://open.spotify.com/track/3Y7NfGPkwrII0TqvfTIC2t
3skp9ViWru0T2QSBXWAofV,very creepy song - Ultra Slowed,prodArvee,2Ar1pnjYDAQ3tgrAgvrkeR,very creepy song,50,78066,,120,0.55,0.41,0.64,-11.6,True,english,https://open.spotify.com/track/3skp9ViWru0T2QSBXWAofV
1n9dn5yMWzS1o29Sbtscbr,void.exe,KIL KROOK,4UNuTQWECmTPW31kCHmn3l,void.exe,50,122181,,147,0.86,0.78,0.34,-6.3,True,english,https://open.spotify.com/track/1n9dn5yMWzS1o29Sbtscbr
1Dxatwqhmv1zTcaqajvTb2,workout,Russ Millions,3FoFW2AoUGRHBacC6i4x4p,OOAK Vol. 2 (Deluxe),50,112992,,159,0.53,0.66,0.75,-5.6,True,english,https://open.spotify.com/track/1Dxatwqhmv1zTcaqajvTb2
7yAmpFyPxXrysnaMszNDre,तेरे दोनों कान आज भर रहा हूँ (Tere Dono Kaan Aaj Bhar Raha Hoon),Aakash Vyom,6YViLU6IIM7z2dpKzV7A0y,तेरे दोनों कान आज भर रहा हूँ (Tere Dono Kaan Aaj Bhar Raha Hoon),50,212080,,100,0.55,0.52,0.89,-5.3,True,hindi,https://open.spotify.com/track/7yAmpFyPxXrysnaMszNDre
1AqrSvA2bf59mRqEFoEcbH,फिर से उड़ना होगा (Phir Se Udna Hoga),Aakash Vyom,6YViLU6IIM7z2dpKzV7A0y,धधकता रह (Dhadhakta Reh),50,117080,,108,0.86,0.64,0.58,-5.9,True,hindi,https://open.spotify.com/track/1AqrSvA2bf59mRqEFoEcbH
7wC29sQ6wNFORciqIYVVQn,शक्ति जागो (Shakti Jaago) – Hindi,Brenda Gallegos,7K8SjyZZEKA7GZmuLZYJd6,Spin Gym,50,209959,,160,0.86,0.28,0.84,-11.4,True,hindi,https://open.spotify.com/track/7wC29sQ6wNFORciqIYVVQn
